log_id,machine_id,operator_id,timestamp,engine_hours,rpm,hydraulic_pressure,fuel_level,fuel_used_l,idle_time_min,active_time_min,speed_kph,tilt_angle,temperature_c,seatbelt,proximity_alert,fault_codes,weather,soil_type,shift
1,EXC001,OP009,2024-01-01 00:00:00,6757.6,1762,148.0,75.6,13.17,16,111,6.9,7.6,74.6,fastened,0,P0217,sunny,clay,night
2,EXC004,OP001,2024-01-01 00:30:00,3626.5,1888,245.8,90.6,4.07,72,66,12.7,2.3,39.4,unfastened,0,NONE,windy,clay,night
3,EXC004,OP004,2024-01-01 01:00:00,7628.5,1081,268.7,61.9,7.59,51,77,14.2,6.6,44.4,unfastened,0,NONE,rainy,rock,day
4,EXC003,OP005,2024-01-01 01:30:00,5241.3,1242,136.7,55.2,0.93,3,48,8.7,17.7,101.8,fastened,0,NONE,windy,loam,day
5,EXC003,OP008,2024-01-01 02:00:00,1015.6,2301,309.19658846987426,89.6,0.63,64,107,7.7,10.9,68.1,fastened,0,NONE,cloudy,loam,day
6,EXC005,OP002,2024-01-01 02:30:00,7092.2,2295,196.7,48.2,10.73,79,18,10.4,3.8,44.4,fastened,0,P0562,windy,clay,day
7,EXC001,OP005,2024-01-01 03:00:00,3965.2,1343,270.3,82.1,2.22,19,40,10.5,6.9,89.8,unfastened,0,P0100,cloudy,rock,day
8,EXC004,OP002,2024-01-01 03:30:00,1218.9,1033,243.2,10.1,8.44,87,119,7.7,21.0,65.3,fastened,1,NONE,cloudy,loam,day
9,EXC002,OP008,2024-01-01 04:00:00,1306.3,1142,254.4,5.1,10.59,71,63,13.6,9.5,77.9,fastened,0,NONE,cloudy,clay,night
10,EXC001,OP007,2024-01-01 04:30:00,5531.5,1569,188.6,55.2,0.97,66,29,7.2,9.7,52.3,fastened,0,P0217,rainy,rock,day
11,EXC003,OP005,2024-01-01 05:00:00,474.2,1620,151.7,12.0,7.01,30,55,8.2,3.4,34.3,fastened,0,NONE,sunny,sand,night
12,EXC005,OP004,2024-01-01 05:30:00,2364.1,2228,217.0,97.8,10.42,10,38,10.9,6.7,42.4,fastened,1,NONE,rainy,clay,day
13,EXC004,OP002,2024-01-01 06:00:00,1204.3,2327,145.0,5.5,13.4,38,67,17.8,17.9,103.0,fastened,1,P0100,windy,loam,night
14,EXC004,OP010,2024-01-01 06:30:00,3584.5,1491,259.8,73.2,4.84,72,35,4.7,17.3,76.8,fastened,0,NONE,sunny,loam,day
15,EXC004,OP007,2024-01-01 07:00:00,3373.4,2035,143.3,28.1,14.63,52,53,4.2,9.6,92.3,fastened,1,NONE,windy,rock,night
16,EXC004,OP004,2024-01-01 07:30:00,4222.8,874,164.1,96.9,12.75,58,109,3.2,19.7,31.6,fastened,0,NONE,windy,clay,day
17,EXC003,OP005,2024-01-01 08:00:00,2309.1,1335,211.4,41.2,9.93,70,19,12.4,8.4,87.4,fastened,0,NONE,sunny,sand,night
18,EXC001,OP008,2024-01-01 08:30:00,353.1,890,207.1,7.6,6.18,30,94,8.1,19.0,66.4,fastened,1,NONE,rainy,rock,night
19,EXC005,OP008,2024-01-01 09:00:00,4953.7,1035,232.2,7.6,10.81,3,18,7.0,0.7,79.9,fastened,0,NONE,cloudy,loam,night
20,EXC003,OP005,2024-01-01 09:30:00,3052.4,1702,196.2,57.6,12.33,79,60,3.7,7.6,56.9,fastened,0,NONE,rainy,loam,night
21,EXC003,OP004,2024-01-01 10:00:00,5245.5,1115,302.3,98.7,4.9,55,83,16.0,18.8,76.6,fastened,0,NONE,cloudy,rock,night
22,EXC002,OP007,2024-01-01 10:30:00,958.5,1074,284.8,98.1,14.9,50,115,8.0,19.8,32.7,fastened,1,NONE,sunny,loam,night
23,EXC001,OP007,2024-01-01 11:00:00,208.8,2392,293.4,37.0,13.67,51,37,10.9,16.6,33.4,fastened,0,NONE,cloudy,rock,day
24,EXC005,OP006,2024-01-01 11:30:00,2061.5,910,238.5,50.9,7.54,76,15,2.0,14.7,89.9,fastened,0,NONE,sunny,sand,day
25,EXC004,OP001,2024-01-01 12:00:00,3706.7,940,239.7,14.5,10.98,69,92,1.9,17.9,39.3,fastened,0,NONE,cloudy,clay,night
26,EXC004,OP005,2024-01-01 12:30:00,3213.2,2273,234.0,54.6,8.1,60,108,1.2,15.6,31.0,fastened,0,NONE,windy,loam,day
27,EXC003,OP007,2024-01-01 13:00:00,6501.4,1590,195.7,62.0,11.53,70,72,6.6,5.6,98.4,fastened,0,NONE,windy,rock,night
28,EXC005,OP010,2024-01-01 13:30:00,3084.9,2220,170.9,28.9,12.49,25,16,8.5,10.3,49.9,fastened,0,NONE,sunny,loam,night
29,EXC003,OP006,2024-01-01 14:00:00,4290.5,1364,230.2,63.2,0.84,64,65,4.4,14.5,73.7,fastened,0,NONE,rainy,rock,day
30,EXC003,OP004,2024-01-01 14:30:00,4788.8,1617,105.6,90.5,1.65,87,53,6.3,12.9,92.9,fastened,0,NONE,sunny,sand,night
31,EXC003,OP006,2024-01-01 15:00:00,272.5,1055,101.6,5.1,5.38,21,59,0.1,19.5,85.9,fastened,1,P0562,sunny,rock,night
32,EXC002,OP002,2024-01-01 15:30:00,4169.6,1586,287.4,26.7,13.81,51,15,6.3,10.4,33.5,fastened,0,P0100,rainy,rock,day
33,EXC001,OP001,2024-01-01 16:00:00,2824.2,1767,110.2,24.9,6.27,61,44,2.1,3.9,72.1,fastened,0,NONE,cloudy,loam,night
34,EXC003,OP007,2024-01-01 16:30:00,3428.1,1051,215.5,16.8,13.37,46,119,2.3,4.7,70.6,fastened,0,NONE,rainy,sand,night
35,EXC005,OP010,2024-01-01 17:00:00,892.3,2062,235.3,20.8,7.21,87,15,0.1,18.6,56.3,unfastened,0,NONE,sunny,sand,day
36,EXC001,OP009,2024-01-01 17:30:00,6284.3,616,143.6,64.5,4.69,84,110,12.5,0.2,86.5,fastened,0,NONE,sunny,sand,night
37,EXC005,OP006,2024-01-01 18:00:00,7545.0,2334,297.1,14.8,13.56,19,66,16.8,19.1,102.3,fastened,0,P0562,rainy,clay,night
38,EXC005,OP001,2024-01-01 18:30:00,275.9,2255,141.8,75.2,8.63,12,74,11.2,1.2,41.0,fastened,0,NONE,sunny,sand,night
39,EXC002,OP010,2024-01-01 19:00:00,4850.8,1183,294.6,89.3,5.73,76,112,1.7,8.6,40.9,fastened,0,NONE,sunny,sand,day
40,EXC004,OP005,2024-01-01 19:30:00,6134.4,1898,267.9,93.0,1.14,61,33,17.8,17.6,85.1,fastened,0,NONE,windy,clay,night
41,EXC001,OP003,2024-01-01 20:00:00,2350.0,2210,153.0,67.7,2.11,52,118,17.6,9.0,64.1,fastened,0,NONE,rainy,loam,night
42,EXC004,OP009,2024-01-01 20:30:00,6321.7,769,133.2,23.8,2.52,72,40,8.4,18.1,89.6,fastened,0,NONE,windy,rock,day
43,EXC004,OP008,2024-01-01 21:00:00,5095.6,804,169.6,13.1,5.79,71,48,1.9,2.2,40.6,fastened,1,NONE,rainy,clay,night
44,EXC002,OP008,2024-01-01 21:30:00,7440.4,948,187.5,27.0,9.31,84,59,13.0,11.3,33.0,fastened,0,P0100,cloudy,clay,night
45,EXC001,OP003,2024-01-01 22:00:00,7849.9,1349,154.1,96.4,4.96,61,76,17.3,12.8,82.3,fastened,0,NONE,rainy,rock,day
46,EXC005,OP010,2024-01-01 22:30:00,434.5,1166,319.8,96.4,1.45,86,45,14.0,19.6,104.6,fastened,0,P0217,windy,clay,night
47,EXC003,OP005,2024-01-01 23:00:00,3615.0,1363,150.5,41.3,4.34,72,97,11.2,2.1,37.1,fastened,0,NONE,rainy,clay,day
48,EXC005,OP006,2024-01-01 23:30:00,4421.2,2224,282.7,36.0,6.43,69,12,11.0,7.4,94.8,fastened,0,NONE,cloudy,sand,night
49,EXC004,OP008,2024-01-02 00:00:00,1259.3,1918,135.0,53.5,14.89,49,83,17.6,14.5,58.9,fastened,0,P0100,windy,loam,day
50,EXC004,OP007,2024-01-02 00:30:00,2756.7,620,315.7,32.7,6.2,60,82,1.3,21.6,31.3,fastened,0,NONE,rainy,clay,night
51,EXC004,OP002,2024-01-02 01:00:00,7902.4,1057,149.6,98.1,1.79,58,68,2.7,18.7,68.3,fastened,0,NONE,windy,rock,day
52,EXC001,OP004,2024-01-02 01:30:00,228.2,2304,192.8,26.0,8.93,64,77,15.0,18.6,50.9,fastened,0,P0562,rainy,rock,night
53,EXC002,OP004,2024-01-02 02:00:00,3674.8,1383,222.9,40.1,13.83,46,92,2.6,11.4,82.0,fastened,0,NONE,cloudy,sand,day
54,EXC003,OP010,2024-01-02 02:30:00,6757.0,1773,126.5,45.8,11.91,1,109,6.9,12.4,51.6,fastened,0,P0100,windy,rock,night
55,EXC003,OP008,2024-01-02 03:00:00,2658.8,1855,279.7,16.9,12.63,86,34,5.1,18.9,66.1,fastened,0,NONE,rainy,rock,night
56,EXC001,OP004,2024-01-02 03:30:00,3890.4,1793,160.4,41.4,13.96,74,62,4.4,19.1,45.0,fastened,0,NONE,windy,clay,day
57,EXC003,OP008,2024-01-02 04:00:00,7826.6,1683,220.8,86.4,9.73,31,71,0.5,17.7,92.1,fastened,1,NONE,windy,loam,day
58,EXC001,OP008,2024-01-02 04:30:00,3851.5,1464,220.9,18.3,14.93,44,47,10.2,18.0,99.4,fastened,0,NONE,cloudy,clay,night
59,EXC004,OP004,2024-01-02 05:00:00,1134.3,1765,232.6,60.5,0.98,11,117,7.2,19.4,60.3,fastened,0,NONE,sunny,sand,day
60,EXC004,OP005,2024-01-02 05:30:00,508.6,2229,112.2,43.6,12.61,84,66,9.9,2.5,63.7,fastened,0,P0100,sunny,clay,night
61,EXC005,OP009,2024-01-02 06:00:00,7568.8,1301,137.1,21.2,12.93,20,75,5.5,6.4,103.7,fastened,1,NONE,rainy,rock,night
62,EXC004,OP006,2024-01-02 06:30:00,2199.9,1519,135.5,6.2,13.79,33,31,16.9,21.5,40.7,fastened,0,NONE,windy,rock,night
63,EXC002,OP002,2024-01-02 07:00:00,4082.1,924,166.5,31.0,7.43,38,55,10.6,12.0,90.6,fastened,0,P0100,windy,clay,day
64,EXC005,OP008,2024-01-02 07:30:00,816.5,1239,131.9,10.9,11.92,23,78,17.3,3.9,72.5,unfastened,0,NONE,sunny,sand,day
65,EXC003,OP006,2024-01-02 08:00:00,3446.9,644,302.8,40.8,3.33,69,57,6.3,11.1,96.1,fastened,0,NONE,sunny,loam,day
66,EXC002,OP006,2024-01-02 08:30:00,7447.8,1752,212.8,82.0,9.25,89,94,0.0,14.2,51.9,fastened,0,NONE,rainy,rock,night
67,EXC005,OP008,2024-01-02 09:00:00,4069.1,980,237.2,73.4,5.7,76,25,14.1,18.2,52.2,fastened,0,NONE,cloudy,sand,night
68,EXC002,OP010,2024-01-02 09:30:00,7772.0,1583,178.6,95.0,9.14,47,26,14.9,17.9,54.4,fastened,0,NONE,cloudy,rock,night
69,EXC001,OP004,2024-01-02 10:00:00,2144.8,695,160.8,45.6,10.3,76,47,1.1,1.1,31.2,unfastened,0,NONE,sunny,rock,day
70,EXC003,OP005,2024-01-02 10:30:00,4085.9,823,210.7,72.2,5.53,77,45,11.3,10.0,42.7,fastened,0,NONE,sunny,sand,day
71,EXC004,OP002,2024-01-02 11:00:00,6890.3,651,164.8,68.2,3.64,66,99,11.9,0.5,104.6,fastened,1,NONE,rainy,clay,night
72,EXC001,OP007,2024-01-02 11:30:00,3641.2,1306,175.6,25.6,5.16,81,105,2.6,19.5,48.7,unfastened,0,P0562,rainy,clay,day
73,EXC003,OP005,2024-01-02 12:00:00,2308.0,1781,199.6,33.8,10.13,35,61,9.9,3.8,31.5,unfastened,1,NONE,windy,loam,day
74,EXC001,OP004,2024-01-02 12:30:00,6858.3,883,211.3,55.3,10.31,60,65,4.4,13.7,50.9,unfastened,0,NONE,cloudy,sand,night
75,EXC004,OP007,2024-01-02 13:00:00,3180.1,695,316.5,80.7,11.25,77,42,0.3,12.6,60.6,fastened,0,NONE,rainy,loam,day
76,EXC003,OP005,2024-01-02 13:30:00,4292.7,2124,149.1,48.9,2.33,41,68,15.6,13.8,71.1,fastened,0,P0562,windy,sand,day
77,EXC002,OP005,2024-01-02 14:00:00,7814.6,1558,207.4,26.6,12.37,14,87,8.9,12.4,35.1,fastened,0,P0100,cloudy,rock,night
78,EXC002,OP005,2024-01-02 14:30:00,1573.2,2366,132.9,99.4,10.48,49,89,14.1,15.7,89.3,fastened,0,P0562,sunny,sand,day
79,EXC003,OP003,2024-01-02 15:00:00,2481.1,675,177.0,16.0,0.94,36,116,13.0,13.8,91.9,fastened,0,NONE,windy,rock,night
80,EXC004,OP002,2024-01-02 15:30:00,345.4,2078,257.8,95.8,5.37,76,73,17.9,2.0,46.0,fastened,0,NONE,sunny,loam,night
81,EXC005,OP009,2024-01-02 16:00:00,3195.5,2211,138.4,81.9,7.27,42,47,7.9,8.1,89.9,fastened,0,NONE,cloudy,loam,day
82,EXC003,OP001,2024-01-02 16:30:00,1681.4,2392,227.9,84.7,5.73,86,17,7.7,12.0,57.1,fastened,0,NONE,sunny,clay,night
83,EXC001,OP004,2024-01-02 17:00:00,5472.3,1529,191.7,80.5,2.2,26,85,5.1,7.2,61.7,fastened,0,NONE,rainy,rock,night
84,EXC005,OP007,2024-01-02 17:30:00,1532.4,1956,111.3,24.8,3.51,29,98,11.3,16.7,100.2,fastened,1,NONE,cloudy,sand,day
85,EXC004,OP002,2024-01-02 18:00:00,5431.0,1851,305.3,65.1,0.86,3,70,8.8,7.0,96.9,fastened,0,NONE,cloudy,clay,day
86,EXC004,OP007,2024-01-02 18:30:00,2181.5,843,290.8468756958378,76.9,1.85,66,111,13.1,18.2,58.1,fastened,0,NONE,rainy,loam,day
87,EXC001,OP008,2024-01-02 19:00:00,2906.2,1810,272.5,75.8,4.36,6,44,6.4,3.2,66.6,fastened,0,P0217,cloudy,loam,night
88,EXC002,OP007,2024-01-02 19:30:00,2856.0,2264,191.6,30.8,12.39,25,15,2.4,16.9,51.5,fastened,0,NONE,cloudy,loam,day
89,EXC004,OP004,2024-01-02 20:00:00,5762.3,1951,306.2,22.2,8.14,81,79,15.5,4.0,68.7,fastened,1,NONE,cloudy,loam,day
90,EXC005,OP001,2024-01-02 20:30:00,3785.4,1465,163.9,36.2,6.66,54,23,14.9,11.6,81.1,fastened,0,NONE,sunny,sand,night
91,EXC003,OP009,2024-01-02 21:00:00,2954.3,1541,190.7,50.6,10.1,50,19,6.3,7.1,37.0,fastened,1,NONE,windy,rock,night
92,EXC005,OP004,2024-01-02 21:30:00,6835.7,1067,267.0,59.5,8.35,72,87,12.4,14.0,99.0,fastened,1,NONE,windy,rock,day
93,EXC005,OP009,2024-01-02 22:00:00,4618.4,1789,175.6,84.5,2.41,69,57,8.9,4.7,83.9,fastened,0,NONE,rainy,rock,night
94,EXC002,OP002,2024-01-02 22:30:00,1789.3,1034,180.2,78.1,3.73,79,76,13.7,17.5,37.3,fastened,0,NONE,sunny,clay,day
95,EXC005,OP002,2024-01-02 23:00:00,7210.7,1215,318.9,69.2,3.73,59,92,7.0,12.6,95.2,fastened,0,NONE,cloudy,loam,day
96,EXC002,OP008,2024-01-02 23:30:00,2806.9,1077,222.2,30.0,9.2,40,52,9.6,21.1,85.8,fastened,0,P0100,cloudy,loam,night
97,EXC002,OP010,2024-01-03 00:00:00,407.9,1203,251.7,50.5,7.19,11,77,1.0,15.7,53.5,fastened,1,P0100,sunny,loam,day
98,EXC004,OP009,2024-01-03 00:30:00,4007.3,1260,241.6,36.9,6.12,33,69,3.1,13.4,69.1,fastened,0,NONE,windy,rock,night
99,EXC004,OP008,2024-01-03 01:00:00,1079.1,749,282.1,27.3,8.57,63,73,14.1,18.2,94.5,fastened,1,NONE,cloudy,sand,night
100,EXC001,OP003,2024-01-03 01:30:00,1983.9,1891,289.6,6.0,14.57,22,87,6.9,4.8,102.6,fastened,0,NONE,rainy,sand,day
101,EXC005,OP010,2024-01-03 02:00:00,6002.2,880,223.9,37.2,5.06,75,51,0.6,13.9,51.1,fastened,0,NONE,rainy,rock,day
102,EXC001,OP007,2024-01-03 02:30:00,1132.9,2309,164.8,29.3,8.04,12,65,3.0,8.6,78.8,fastened,0,NONE,cloudy,sand,night
103,EXC005,OP002,2024-01-03 03:00:00,6474.9,925,105.0,59.3,7.47,5,75,7.4,16.4,94.5,fastened,0,NONE,cloudy,loam,night
104,EXC001,OP002,2024-01-03 03:30:00,7501.6,1804,235.2,10.9,10.89,32,25,12.9,0.5,104.1,fastened,0,NONE,windy,sand,night
105,EXC004,OP009,2024-01-03 04:00:00,4891.6,922,281.6,30.7,11.09,20,33,6.5,9.4,35.3,fastened,0,NONE,windy,sand,day
106,EXC004,OP003,2024-01-03 04:30:00,5711.8,1584,199.1,9.3,11.07,78,19,13.4,14.3,67.8,fastened,0,NONE,rainy,rock,day
107,EXC004,OP008,2024-01-03 05:00:00,5737.3,1483,136.2,65.9,3.42,34,31,15.4,10.1,95.5,fastened,1,NONE,rainy,sand,day
108,EXC004,OP002,2024-01-03 05:30:00,7943.2,1407,298.30580426930567,59.0,7.01,37,58,6.1,5.2,30.2,fastened,0,NONE,sunny,clay,night
109,EXC003,OP003,2024-01-03 06:00:00,2798.2,1778,212.2,37.1,12.26,36,113,14.4,10.2,62.8,fastened,0,NONE,sunny,rock,night
110,EXC004,OP003,2024-01-03 06:30:00,1386.6,2090,284.1,19.0,6.03,28,111,2.3,18.7,73.8,fastened,0,NONE,sunny,rock,day
111,EXC002,OP003,2024-01-03 07:00:00,4201.4,1170,137.8,96.0,14.77,82,93,7.5,4.6,69.5,fastened,0,NONE,windy,sand,day
112,EXC004,OP007,2024-01-03 07:30:00,4312.7,2338,234.7,60.5,5.79,66,71,1.8,8.1,85.0,fastened,0,NONE,windy,clay,day
113,EXC003,OP010,2024-01-03 08:00:00,1505.5,932,265.7,69.5,7.72,14,32,0.9,21.8,34.9,fastened,0,NONE,sunny,sand,night
114,EXC003,OP010,2024-01-03 08:30:00,4943.6,1127,305.9,55.5,7.38,19,49,1.2,20.1,88.9,fastened,0,NONE,cloudy,loam,day
115,EXC003,OP008,2024-01-03 09:00:00,211.6,1159,125.7,81.6,6.79,7,94,1.9,0.7,51.2,fastened,0,NONE,cloudy,loam,night
116,EXC003,OP003,2024-01-03 09:30:00,7428.6,2316,303.8,90.2,12.76,23,109,15.0,11.7,91.8,fastened,0,P0562,windy,clay,day
117,EXC001,OP010,2024-01-03 10:00:00,2190.1,813,232.3,41.4,2.75,59,115,9.8,1.4,61.5,fastened,0,P0217,cloudy,sand,day
118,EXC001,OP006,2024-01-03 10:30:00,412.5,1311,268.7,70.6,8.73,84,52,17.1,20.3,33.2,fastened,0,NONE,sunny,loam,night
119,EXC002,OP006,2024-01-03 11:00:00,955.2,1363,111.8,26.8,9.47,43,63,9.7,9.7,102.3,fastened,0,NONE,rainy,sand,day
120,EXC001,OP008,2024-01-03 11:30:00,1998.0,2040,211.4,66.9,12.84,7,66,11.3,9.2,88.5,fastened,0,NONE,sunny,sand,night
121,EXC003,OP008,2024-01-03 12:00:00,2263.9,1474,237.0,42.9,9.33,4,16,3.3,6.0,56.1,fastened,0,P0562,rainy,rock,day
122,EXC004,OP010,2024-01-03 12:30:00,359.2,2340,167.5,5.6,14.42,37,22,9.7,12.5,50.3,fastened,0,NONE,windy,sand,night
123,EXC004,OP006,2024-01-03 13:00:00,2306.9,1932,195.0,95.8,13.15,23,14,6.9,3.2,74.2,unfastened,0,NONE,sunny,loam,day
124,EXC003,OP007,2024-01-03 13:30:00,1624.2,1866,221.9,87.5,5.56,51,91,16.8,17.6,104.0,fastened,0,NONE,windy,sand,night
125,EXC005,OP008,2024-01-03 14:00:00,3091.1,1955,221.6,32.6,12.97,10,34,16.8,10.8,51.8,fastened,1,NONE,rainy,sand,night
126,EXC003,OP003,2024-01-03 14:30:00,3142.8,890,109.2,99.8,14.4,20,87,3.6,12.5,101.1,fastened,0,NONE,sunny,rock,day
127,EXC001,OP004,2024-01-03 15:00:00,2778.2,2390,196.7,35.1,4.23,50,51,11.2,18.5,54.8,fastened,0,NONE,sunny,rock,day
128,EXC004,OP007,2024-01-03 15:30:00,2690.6,1655,147.0,48.6,9.35,25,97,11.5,4.1,82.8,fastened,0,NONE,sunny,sand,night
129,EXC003,OP001,2024-01-03 16:00:00,808.9,975,301.7,85.9,4.59,32,22,10.1,3.9,58.6,fastened,0,NONE,windy,sand,night
130,EXC004,OP004,2024-01-03 16:30:00,299.1,813,314.8,33.9,9.92,19,45,2.2,9.3,36.4,fastened,0,NONE,rainy,sand,night
131,EXC003,OP008,2024-01-03 17:00:00,1696.7,844,165.9,47.8,1.86,4,32,11.8,17.3,100.2,fastened,0,P0100,cloudy,clay,day
132,EXC003,OP010,2024-01-03 17:30:00,6077.5,2020,138.5,68.2,11.15,31,57,14.4,1.3,42.3,fastened,0,NONE,rainy,clay,day
133,EXC001,OP006,2024-01-03 18:00:00,7927.4,1782,148.3,17.4,6.59,29,71,6.2,17.5,100.9,fastened,0,NONE,cloudy,loam,day
134,EXC003,OP004,2024-01-03 18:30:00,7435.4,1106,205.1,45.1,9.02,80,28,9.3,11.0,37.7,fastened,0,NONE,cloudy,sand,night
135,EXC004,OP005,2024-01-03 19:00:00,4083.3,1926,292.4,34.4,0.88,80,83,2.1,12.4,50.0,fastened,0,NONE,rainy,sand,night
136,EXC002,OP007,2024-01-03 19:30:00,4301.4,1851,210.0,69.3,10.58,38,116,16.8,12.4,99.1,fastened,0,NONE,sunny,loam,night
137,EXC004,OP006,2024-01-03 20:00:00,2585.2,2069,112.2,17.9,7.69,25,14,2.0,1.2,79.4,fastened,0,NONE,windy,loam,day
138,EXC001,OP001,2024-01-03 20:30:00,6214.1,2238,315.35506941881226,27.1,9.57,37,19,3.8,5.5,44.2,fastened,1,NONE,windy,clay,day
139,EXC002,OP006,2024-01-03 21:00:00,6141.6,769,150.0,72.6,5.08,73,114,5.4,16.6,74.4,fastened,0,NONE,windy,sand,day
140,EXC003,OP005,2024-01-03 21:30:00,6769.8,925,285.4,19.8,2.61,34,81,14.9,9.1,43.5,fastened,1,NONE,sunny,loam,day
141,EXC005,OP008,2024-01-03 22:00:00,7174.5,1984,236.7,45.1,6.81,68,111,12.6,12.3,95.6,fastened,0,NONE,cloudy,sand,day
142,EXC002,OP009,2024-01-03 22:30:00,3531.4,1307,223.9,72.7,14.19,86,87,0.1,20.8,33.7,unfastened,1,NONE,cloudy,loam,day
143,EXC002,OP010,2024-01-03 23:00:00,6158.3,1325,170.2,77.7,3.8,36,88,3.3,1.0,69.7,fastened,1,NONE,rainy,rock,night
144,EXC003,OP007,2024-01-03 23:30:00,6470.5,1764,304.5,14.0,10.3,10,27,13.5,9.9,34.8,fastened,0,NONE,cloudy,rock,night
145,EXC005,OP004,2024-01-04 00:00:00,2536.8,1683,172.9,85.9,1.22,10,66,7.3,7.9,82.1,fastened,0,P0100,cloudy,rock,night
146,EXC005,OP005,2024-01-04 00:30:00,7441.0,799,283.7,73.8,10.91,71,50,0.5,2.3,100.2,fastened,0,NONE,sunny,clay,night
147,EXC001,OP002,2024-01-04 01:00:00,845.3,2399,297.1,37.2,3.96,37,101,17.4,20.9,92.3,fastened,0,NONE,rainy,loam,night
148,EXC002,OP010,2024-01-04 01:30:00,7954.7,914,206.3,77.6,7.05,29,14,2.7,21.2,57.9,fastened,0,NONE,rainy,rock,night
149,EXC005,OP009,2024-01-04 02:00:00,6183.7,774,296.7,74.2,5.83,55,11,9.2,6.9,47.8,fastened,0,NONE,rainy,clay,night
150,EXC001,OP009,2024-01-04 02:30:00,836.8,839,160.9,62.1,2.14,82,71,4.5,20.8,39.1,fastened,0,NONE,cloudy,loam,night
151,EXC005,OP004,2024-01-04 03:00:00,5284.2,2373,244.9,58.1,5.51,38,116,13.3,0.8,95.5,fastened,0,NONE,windy,sand,night
152,EXC002,OP004,2024-01-04 03:30:00,370.0,1331,119.4,74.8,5.58,28,119,14.0,21.6,36.1,fastened,1,P0562,rainy,sand,day
153,EXC005,OP009,2024-01-04 04:00:00,6184.5,1387,204.3,99.9,8.07,77,75,7.1,18.4,77.2,fastened,1,NONE,sunny,rock,day
154,EXC002,OP006,2024-01-04 04:30:00,6413.9,1768,147.8,60.0,14.6,7,57,11.9,4.7,57.5,fastened,0,P0217,cloudy,sand,night
155,EXC003,OP008,2024-01-04 05:00:00,4859.0,2220,113.8,81.8,7.32,75,40,16.4,13.2,104.7,unfastened,0,NONE,rainy,clay,day
156,EXC004,OP005,2024-01-04 05:30:00,6869.2,1633,100.8,75.7,13.76,46,118,14.7,17.6,68.2,unfastened,0,P0100,sunny,sand,night
157,EXC001,OP005,2024-01-04 06:00:00,873.3,705,171.4,86.3,7.19,1,30,7.5,7.0,71.2,fastened,0,NONE,cloudy,rock,day
158,EXC003,OP007,2024-01-04 06:30:00,2279.8,881,312.88048844476714,95.7,2.06,20,23,7.9,7.8,108.80416601094507,fastened,1,NONE,windy,sand,night
159,EXC003,OP009,2024-01-04 07:00:00,3372.0,2277,200.2,23.3,3.84,61,65,16.0,13.8,102.7,fastened,1,NONE,cloudy,rock,night
160,EXC004,OP004,2024-01-04 07:30:00,435.4,1411,166.4,20.7,6.41,67,53,0.6,3.2,73.8,fastened,0,NONE,rainy,clay,day
161,EXC005,OP009,2024-01-04 08:00:00,3640.9,901,318.1,60.7,5.22,17,64,0.4,2.6,89.7,fastened,0,NONE,rainy,sand,day
162,EXC004,OP003,2024-01-04 08:30:00,2195.2,1265,306.7,47.7,13.05,59,109,3.7,5.5,77.6,fastened,0,NONE,cloudy,clay,day
163,EXC003,OP005,2024-01-04 09:00:00,3202.6,1202,127.6,59.2,10.34,89,39,14.9,16.3,62.1,fastened,0,NONE,windy,clay,night
164,EXC003,OP010,2024-01-04 09:30:00,3458.3,605,191.3,80.8,8.89,81,106,2.8,8.1,34.3,fastened,0,NONE,sunny,rock,day
165,EXC003,OP010,2024-01-04 10:00:00,7047.4,807,242.7,93.5,7.62,77,33,5.1,11.2,83.8,fastened,0,NONE,cloudy,clay,night
166,EXC005,OP010,2024-01-04 10:30:00,2235.7,2243,261.4,44.7,6.26,17,45,11.3,4.3,82.5,fastened,0,NONE,rainy,sand,day
167,EXC002,OP004,2024-01-04 11:00:00,7160.6,792,180.6,73.2,9.38,57,10,3.3,4.3,38.8,fastened,0,NONE,sunny,loam,night
168,EXC001,OP009,2024-01-04 11:30:00,3465.2,1157,264.2,23.7,2.31,63,84,5.5,14.3,47.3,fastened,0,NONE,windy,clay,day
169,EXC002,OP010,2024-01-04 12:00:00,2689.7,1442,127.3,55.8,2.86,9,104,8.4,2.4,84.9,fastened,0,NONE,sunny,clay,day
170,EXC001,OP010,2024-01-04 12:30:00,4069.8,1572,173.0,7.1,4.9,28,107,4.1,14.7,41.2,fastened,0,NONE,rainy,loam,day
171,EXC001,OP001,2024-01-04 13:00:00,3400.2,2184,257.6,52.9,2.98,79,28,17.9,8.8,81.8,fastened,0,NONE,rainy,sand,night
172,EXC001,OP008,2024-01-04 13:30:00,2133.2,2261,237.7,56.8,10.32,89,94,2.9,14.8,83.8,fastened,0,NONE,windy,sand,night
173,EXC004,OP010,2024-01-04 14:00:00,4071.2,1135,284.2,74.9,0.86,15,25,15.3,8.4,56.5,fastened,0,NONE,sunny,rock,night
174,EXC004,OP008,2024-01-04 14:30:00,1299.2,1570,110.3,66.7,2.82,65,79,8.5,18.6,49.4,fastened,1,NONE,sunny,clay,night
175,EXC004,OP003,2024-01-04 15:00:00,2880.2,640,138.4,39.0,13.59,45,87,2.3,1.2,103.25373963817088,unfastened,0,NONE,rainy,sand,night
176,EXC003,OP008,2024-01-04 15:30:00,4569.7,1710,110.7,5.5,14.96,53,26,2.1,19.7,56.9,fastened,1,P0217,windy,clay,day
177,EXC004,OP002,2024-01-04 16:00:00,3365.9,712,142.3,16.0,7.57,69,22,9.0,5.9,75.5,fastened,0,NONE,windy,loam,night
178,EXC001,OP005,2024-01-04 16:30:00,6608.9,731,100.9,97.4,7.68,78,18,6.4,0.9,85.8,fastened,0,NONE,sunny,sand,day
179,EXC005,OP007,2024-01-04 17:00:00,2128.1,628,210.9,92.6,11.71,88,87,4.2,12.4,94.6,fastened,0,P0217,cloudy,rock,day
180,EXC003,OP005,2024-01-04 17:30:00,7761.2,920,216.2,35.9,1.02,53,77,17.3,4.9,32.2,fastened,0,P0100,cloudy,rock,night
181,EXC005,OP007,2024-01-04 18:00:00,6299.3,1459,244.7,29.6,6.69,60,23,8.3,10.1,84.5,fastened,0,NONE,windy,sand,day
182,EXC001,OP003,2024-01-04 18:30:00,7744.0,781,184.7,46.5,1.95,49,65,16.7,17.7,53.6,fastened,0,NONE,rainy,clay,night
183,EXC003,OP007,2024-01-04 19:00:00,6721.3,1942,100.7,70.5,6.31,79,97,3.0,17.4,92.9,fastened,0,NONE,cloudy,sand,night
184,EXC004,OP007,2024-01-04 19:30:00,1222.6,1976,248.3,38.9,14.77,21,36,3.3,13.2,35.7,fastened,0,P0100,sunny,loam,night
185,EXC003,OP007,2024-01-04 20:00:00,4259.0,647,111.9,11.4,11.43,86,76,10.7,21.5,71.3,fastened,0,NONE,rainy,rock,night
186,EXC003,OP003,2024-01-04 20:30:00,1442.8,2104,290.6,43.3,14.78,61,42,4.9,10.2,71.2,fastened,0,NONE,cloudy,loam,night
187,EXC001,OP004,2024-01-04 21:00:00,6564.0,1386,105.0,29.8,11.32,86,38,3.3,0.9,107.58576650728263,unfastened,0,NONE,sunny,rock,night
188,EXC002,OP003,2024-01-04 21:30:00,4714.9,935,216.7,35.9,9.32,33,53,1.7,18.0,102.8,fastened,1,NONE,sunny,sand,day
189,EXC002,OP005,2024-01-04 22:00:00,2181.2,872,305.0906630194266,20.5,11.44,43,48,1.4,4.9,38.0,fastened,0,NONE,rainy,sand,night
190,EXC002,OP006,2024-01-04 22:30:00,7443.8,843,225.9,67.6,10.06,76,64,13.6,3.9,40.2,fastened,0,P0562,rainy,loam,day
191,EXC004,OP004,2024-01-04 23:00:00,1010.0,960,233.9,55.0,7.23,83,32,5.1,1.5,78.3,unfastened,1,NONE,cloudy,clay,day
192,EXC004,OP005,2024-01-04 23:30:00,4554.5,1181,250.0,30.7,4.74,73,52,17.6,7.2,68.6,fastened,0,NONE,windy,rock,night
193,EXC004,OP003,2024-01-05 00:00:00,5796.2,985,317.22361175089617,57.6,8.04,26,78,3.3,7.2,49.8,fastened,0,NONE,rainy,loam,night
194,EXC002,OP003,2024-01-05 00:30:00,564.9,1663,248.5,51.8,4.25,4,52,6.4,6.7,52.8,fastened,0,NONE,rainy,loam,night
195,EXC005,OP007,2024-01-05 01:00:00,4823.1,867,293.7,80.6,7.56,62,82,6.7,13.1,41.8,unfastened,0,NONE,sunny,sand,night
196,EXC001,OP009,2024-01-05 01:30:00,6545.6,1719,314.3,95.8,2.62,60,22,9.0,16.5,95.1,fastened,0,NONE,cloudy,sand,night
197,EXC002,OP003,2024-01-05 02:00:00,633.5,1201,197.5,17.4,8.7,47,25,15.7,20.6,72.7,fastened,0,NONE,windy,rock,day
198,EXC001,OP009,2024-01-05 02:30:00,4146.7,1836,175.8,89.0,4.06,14,105,15.0,2.1,48.4,fastened,0,NONE,cloudy,rock,night
199,EXC002,OP006,2024-01-05 03:00:00,2142.6,1523,265.7,72.0,4.76,82,60,0.2,3.3,59.5,fastened,0,P0100,rainy,rock,night
200,EXC005,OP002,2024-01-05 03:30:00,5337.1,2229,219.4,70.8,7.74,38,77,7.4,13.0,98.0,fastened,0,NONE,windy,clay,day
201,EXC002,OP004,2024-01-05 04:00:00,1037.6,1391,156.6,40.6,2.86,65,91,14.9,2.2,96.5,fastened,0,NONE,rainy,rock,night
202,EXC005,OP001,2024-01-05 04:30:00,7502.7,1131,137.9,37.7,14.45,77,26,0.0,8.2,35.2,fastened,0,NONE,rainy,clay,day
203,EXC003,OP001,2024-01-05 05:00:00,7168.4,1660,137.5,5.5,6.98,49,116,9.6,13.7,79.1,fastened,0,NONE,sunny,loam,day
204,EXC004,OP004,2024-01-05 05:30:00,1569.2,1785,201.0,98.3,5.61,8,56,4.7,17.2,109.72950519011735,fastened,0,NONE,cloudy,loam,day
205,EXC003,OP005,2024-01-05 06:00:00,2653.8,856,137.4,62.6,0.92,61,107,7.4,4.8,45.8,fastened,1,P0100,sunny,rock,day
206,EXC002,OP008,2024-01-05 06:30:00,4742.3,1607,104.3,43.2,12.73,60,55,7.6,14.7,94.8,fastened,0,NONE,sunny,sand,night
207,EXC004,OP002,2024-01-05 07:00:00,5772.7,1447,111.5,56.7,9.57,80,54,7.1,14.2,97.1,fastened,0,NONE,rainy,rock,day
208,EXC005,OP009,2024-01-05 07:30:00,3597.0,1150,304.6,8.9,6.54,55,76,16.1,18.9,36.2,fastened,0,P0100,sunny,sand,night
209,EXC002,OP003,2024-01-05 08:00:00,1334.7,850,116.1,21.5,4.06,81,30,9.7,6.9,95.5,fastened,0,P0562,cloudy,rock,night
210,EXC004,OP002,2024-01-05 08:30:00,922.8,758,116.1,64.2,11.3,60,76,16.3,16.5,84.6,unfastened,0,P0100,cloudy,clay,day
211,EXC002,OP007,2024-01-05 09:00:00,7998.1,1815,199.3,53.9,14.21,19,118,13.1,16.5,88.2,fastened,0,NONE,cloudy,sand,day
212,EXC004,OP008,2024-01-05 09:30:00,3697.3,771,153.9,79.8,6.02,15,80,6.3,5.3,89.4,fastened,0,NONE,rainy,loam,day
213,EXC004,OP007,2024-01-05 10:00:00,6993.0,2331,311.8,67.6,2.46,14,17,8.9,13.7,68.0,unfastened,0,NONE,cloudy,clay,day
214,EXC003,OP002,2024-01-05 10:30:00,3910.8,2268,300.4,62.1,2.08,71,86,7.0,14.9,101.0,fastened,0,NONE,windy,sand,night
215,EXC004,OP002,2024-01-05 11:00:00,7386.6,2240,189.0,82.5,0.59,21,13,14.9,6.0,45.0,fastened,0,NONE,cloudy,sand,day
216,EXC002,OP004,2024-01-05 11:30:00,793.3,1910,198.7,11.5,11.29,40,21,3.4,9.9,67.9,unfastened,0,P0100,windy,clay,day
217,EXC001,OP005,2024-01-05 12:00:00,1000.8,1661,182.5,70.6,14.73,70,41,16.9,9.6,53.9,unfastened,0,NONE,windy,sand,night
218,EXC001,OP010,2024-01-05 12:30:00,7444.1,2217,298.4052066892801,73.0,14.9,38,43,10.4,17.0,91.7,fastened,0,P0217,cloudy,rock,night
219,EXC003,OP003,2024-01-05 13:00:00,7585.2,1480,300.30654962952906,31.1,11.87,5,10,11.0,0.0,36.2,unfastened,0,P0562,windy,clay,night
220,EXC005,OP002,2024-01-05 13:30:00,2586.3,1533,127.0,23.6,2.85,32,11,9.3,11.0,62.5,fastened,0,NONE,cloudy,clay,day
221,EXC001,OP010,2024-01-05 14:00:00,2905.8,1166,122.5,25.3,14.68,8,96,10.0,4.1,88.0,fastened,0,NONE,windy,loam,day
222,EXC003,OP002,2024-01-05 14:30:00,3674.4,1178,223.4,23.8,5.25,34,60,12.0,14.2,53.4,fastened,0,P0562,windy,sand,night
223,EXC004,OP001,2024-01-05 15:00:00,3387.7,1712,121.7,54.8,5.34,66,31,11.8,15.0,48.0,fastened,0,NONE,cloudy,sand,night
224,EXC002,OP005,2024-01-05 15:30:00,1601.4,2089,122.6,17.9,10.47,46,57,3.9,11.0,49.7,fastened,1,NONE,cloudy,rock,night
225,EXC004,OP005,2024-01-05 16:00:00,7197.2,2203,291.665886855807,67.6,1.21,60,86,10.5,11.9,83.5,fastened,0,NONE,windy,rock,day
226,EXC002,OP007,2024-01-05 16:30:00,2101.1,1987,197.3,15.0,12.47,9,90,6.4,6.9,51.5,fastened,0,NONE,rainy,loam,day
227,EXC005,OP009,2024-01-05 17:00:00,5671.7,1697,130.3,7.6,14.96,67,41,11.5,6.9,60.2,fastened,0,NONE,rainy,clay,day
228,EXC003,OP010,2024-01-05 17:30:00,630.5,1500,101.0,35.3,11.74,38,28,9.9,16.4,108.60150041154048,fastened,0,NONE,rainy,loam,night
229,EXC003,OP003,2024-01-05 18:00:00,406.1,2214,142.5,23.2,11.83,25,115,3.2,2.9,100.6,fastened,0,P0217,sunny,rock,night
230,EXC001,OP010,2024-01-05 18:30:00,5264.5,1982,151.9,98.9,6.16,58,79,13.2,17.0,89.6,fastened,0,NONE,sunny,clay,night
231,EXC003,OP007,2024-01-05 19:00:00,2778.2,1172,276.1,33.8,1.46,12,118,8.2,14.4,43.9,fastened,0,NONE,windy,loam,day
232,EXC005,OP001,2024-01-05 19:30:00,5278.1,1082,301.4,26.1,11.99,44,43,9.9,19.5,96.2,fastened,0,NONE,cloudy,sand,day
233,EXC001,OP010,2024-01-05 20:00:00,842.8,2162,189.3,23.7,9.16,37,22,12.1,5.7,93.4,fastened,0,P0562,windy,sand,day
234,EXC004,OP002,2024-01-05 20:30:00,7603.8,697,189.1,40.5,13.69,71,52,11.8,11.1,85.9,unfastened,0,NONE,cloudy,loam,day
235,EXC003,OP006,2024-01-05 21:00:00,6013.3,1237,256.7,62.6,2.18,85,46,13.5,0.9,68.8,unfastened,0,NONE,windy,rock,day
236,EXC004,OP008,2024-01-05 21:30:00,7022.5,2157,314.8036972796754,79.3,4.92,32,89,3.7,20.1,35.2,fastened,0,NONE,rainy,sand,night
237,EXC004,OP003,2024-01-05 22:00:00,1178.1,2332,140.5,39.6,5.73,3,88,2.0,14.9,83.4,fastened,0,P0100,sunny,sand,night
238,EXC003,OP003,2024-01-05 22:30:00,2629.3,1172,123.7,64.5,10.41,39,17,12.0,13.7,68.9,fastened,0,NONE,cloudy,rock,night
239,EXC002,OP005,2024-01-05 23:00:00,3009.9,1538,196.3,50.8,11.92,86,74,4.2,16.1,53.2,fastened,0,P0217,windy,clay,night
240,EXC004,OP009,2024-01-05 23:30:00,4343.7,1470,224.3,85.4,14.43,60,47,2.1,6.3,30.7,fastened,1,NONE,sunny,sand,night
241,EXC001,OP003,2024-01-06 00:00:00,2445.3,1862,130.5,59.1,4.78,57,77,2.4,13.3,47.3,fastened,0,P0562,sunny,rock,day
242,EXC003,OP007,2024-01-06 00:30:00,579.0,2311,164.5,32.5,7.66,81,53,5.6,17.6,75.4,fastened,0,NONE,sunny,loam,day
243,EXC001,OP005,2024-01-06 01:00:00,3014.1,1587,167.3,71.8,0.92,7,69,17.9,2.0,38.4,fastened,0,NONE,rainy,loam,day
244,EXC004,OP002,2024-01-06 01:30:00,2110.9,2036,157.5,82.9,4.17,49,88,2.8,21.1,79.2,fastened,0,NONE,windy,sand,night
245,EXC004,OP008,2024-01-06 02:00:00,3148.8,1672,201.4,49.2,5.92,28,42,5.4,19.6,91.5,fastened,0,NONE,windy,clay,night
246,EXC001,OP009,2024-01-06 02:30:00,1656.0,2196,243.7,98.8,9.11,60,31,16.6,21.2,53.9,fastened,0,P0217,windy,loam,night
247,EXC004,OP006,2024-01-06 03:00:00,2169.0,1328,212.1,88.5,7.33,76,87,17.3,17.8,36.1,fastened,1,NONE,windy,rock,day
248,EXC003,OP002,2024-01-06 03:30:00,5052.9,1293,144.3,23.7,5.78,6,114,4.1,6.5,40.5,fastened,0,P0100,windy,sand,day
249,EXC004,OP002,2024-01-06 04:00:00,3166.4,1360,122.6,79.7,9.55,14,58,15.8,12.8,56.8,fastened,0,NONE,rainy,loam,day
250,EXC001,OP005,2024-01-06 04:30:00,2828.5,2393,280.8,62.1,12.51,85,119,2.5,2.6,91.0,fastened,0,P0100,windy,rock,day
251,EXC001,OP006,2024-01-06 05:00:00,4317.9,1700,205.4,55.8,4.0,44,30,13.7,16.6,77.6,fastened,0,NONE,rainy,sand,day
252,EXC003,OP006,2024-01-06 05:30:00,6197.7,2389,113.7,53.8,5.47,28,100,0.2,3.4,95.1,fastened,0,P0562,sunny,clay,day
253,EXC001,OP003,2024-01-06 06:00:00,3093.1,673,294.05879868497664,86.1,10.72,13,118,7.3,19.1,104.6,fastened,0,NONE,sunny,clay,day
254,EXC002,OP006,2024-01-06 06:30:00,4741.4,1533,276.9,63.0,11.78,31,42,4.5,5.3,45.2,fastened,0,NONE,sunny,rock,night
255,EXC004,OP003,2024-01-06 07:00:00,7733.0,2050,265.4,56.1,12.47,0,26,12.7,3.5,82.1,fastened,0,NONE,cloudy,clay,night
256,EXC001,OP007,2024-01-06 07:30:00,4223.6,1462,292.7,9.6,3.54,20,83,0.3,1.6,65.0,fastened,0,NONE,cloudy,sand,day
257,EXC004,OP008,2024-01-06 08:00:00,7287.4,728,312.6095118551899,47.6,8.32,89,105,8.4,15.7,67.0,fastened,0,NONE,rainy,rock,day
258,EXC001,OP007,2024-01-06 08:30:00,6370.0,2037,193.0,91.3,13.55,7,19,12.5,4.1,108.89674731800821,fastened,1,P0217,rainy,clay,night
259,EXC001,OP001,2024-01-06 09:00:00,563.9,1529,193.9,72.6,6.18,87,80,0.8,4.3,55.7,unfastened,0,P0217,cloudy,loam,day
260,EXC003,OP010,2024-01-06 09:30:00,3489.9,2235,142.7,9.8,6.73,71,105,16.2,3.7,80.7,fastened,0,NONE,rainy,sand,day
261,EXC004,OP001,2024-01-06 10:00:00,5616.7,1748,243.2,89.0,14.78,84,13,6.5,6.7,76.6,fastened,0,P0100,windy,loam,night
262,EXC001,OP010,2024-01-06 10:30:00,7895.0,633,228.7,83.5,2.14,85,66,3.0,20.7,53.9,fastened,0,NONE,sunny,clay,night
263,EXC002,OP001,2024-01-06 11:00:00,3721.2,2006,134.1,56.9,10.73,25,18,4.1,10.7,38.9,fastened,0,NONE,cloudy,sand,night
264,EXC005,OP006,2024-01-06 11:30:00,833.0,1728,294.8,7.1,12.83,25,29,6.1,5.7,102.40996870023142,fastened,0,NONE,windy,loam,day
265,EXC005,OP002,2024-01-06 12:00:00,4539.9,690,181.1,58.4,2.69,50,63,3.6,3.7,108.80057840059776,fastened,0,NONE,windy,rock,night
266,EXC003,OP001,2024-01-06 12:30:00,1099.9,1369,110.9,10.2,10.86,16,46,9.2,0.4,71.9,unfastened,0,NONE,cloudy,loam,night
267,EXC003,OP007,2024-01-06 13:00:00,6037.0,854,172.1,35.4,7.31,21,19,11.4,8.0,30.3,unfastened,0,NONE,rainy,rock,day
268,EXC002,OP008,2024-01-06 13:30:00,4110.6,1518,291.4,64.7,12.87,87,98,7.8,2.4,51.2,fastened,0,NONE,rainy,rock,night
269,EXC004,OP002,2024-01-06 14:00:00,5815.1,857,301.7,91.7,13.66,31,32,7.7,0.6,88.4,fastened,1,NONE,rainy,sand,night
270,EXC003,OP010,2024-01-06 14:30:00,6968.0,1516,207.9,39.0,13.15,70,105,14.1,2.3,85.7,fastened,0,P0562,windy,sand,night
271,EXC002,OP004,2024-01-06 15:00:00,5068.7,1218,310.4,86.7,1.43,20,29,5.4,7.0,30.8,fastened,0,NONE,sunny,clay,night
272,EXC001,OP004,2024-01-06 15:30:00,4938.3,636,292.6,92.2,11.47,83,67,11.2,16.5,65.3,fastened,1,P0100,rainy,sand,night
273,EXC001,OP003,2024-01-06 16:00:00,6061.1,824,281.6,7.0,13.86,62,89,16.1,1.5,62.8,fastened,0,P0100,sunny,clay,day
274,EXC005,OP005,2024-01-06 16:30:00,6755.4,697,289.1,27.7,9.51,71,62,4.0,14.9,78.9,fastened,0,NONE,windy,sand,day
275,EXC003,OP002,2024-01-06 17:00:00,6965.5,741,184.0,72.4,9.21,46,55,11.2,13.7,39.4,fastened,0,NONE,rainy,rock,day
276,EXC003,OP005,2024-01-06 17:30:00,387.8,763,266.4,76.9,1.15,70,92,17.1,19.4,76.6,fastened,0,NONE,rainy,clay,day
277,EXC003,OP003,2024-01-06 18:00:00,4493.9,1965,227.0,42.3,12.91,32,11,9.5,4.0,101.0,fastened,0,P0100,windy,sand,day
278,EXC004,OP001,2024-01-06 18:30:00,1808.5,1876,258.3,67.4,1.17,43,100,17.6,17.5,57.9,fastened,0,NONE,windy,rock,day
279,EXC001,OP004,2024-01-06 19:00:00,6896.7,909,139.1,63.2,5.05,5,85,5.6,19.0,55.3,fastened,0,P0100,windy,clay,day
280,EXC001,OP007,2024-01-06 19:30:00,5222.3,2032,260.9,75.3,13.93,15,94,10.2,21.5,32.1,fastened,0,NONE,windy,loam,night
281,EXC002,OP008,2024-01-06 20:00:00,3419.8,1742,310.7,73.3,14.27,69,56,5.6,17.8,107.42955525575114,fastened,0,NONE,rainy,loam,night
282,EXC003,OP004,2024-01-06 20:30:00,1586.0,808,166.6,13.2,14.88,88,52,0.1,2.7,99.9,fastened,0,NONE,cloudy,clay,night
283,EXC004,OP004,2024-01-06 21:00:00,2778.3,733,317.0,20.0,7.41,78,72,18.0,20.8,103.2,fastened,1,NONE,cloudy,clay,day
284,EXC003,OP008,2024-01-06 21:30:00,5659.8,1552,183.2,17.6,3.07,26,80,4.3,17.9,30.4,fastened,0,NONE,cloudy,clay,day
285,EXC003,OP007,2024-01-06 22:00:00,1714.4,2032,143.9,93.6,7.58,31,111,17.5,4.7,97.6,fastened,0,NONE,rainy,sand,night
286,EXC005,OP009,2024-01-06 22:30:00,839.3,660,124.7,91.8,1.98,64,104,11.8,3.6,43.0,fastened,0,NONE,windy,clay,night
287,EXC001,OP010,2024-01-06 23:00:00,7115.4,694,272.7,80.8,13.15,8,15,16.3,20.6,72.1,fastened,0,NONE,cloudy,clay,night
288,EXC003,OP009,2024-01-06 23:30:00,6137.3,1289,222.1,16.1,8.63,2,26,17.4,3.4,80.9,fastened,0,NONE,rainy,sand,day
289,EXC003,OP010,2024-01-07 00:00:00,1678.4,1520,167.6,59.6,6.37,65,114,10.2,17.1,56.9,fastened,0,NONE,cloudy,rock,day
290,EXC003,OP005,2024-01-07 00:30:00,2409.3,1453,233.9,22.8,1.65,12,52,18.0,8.9,69.7,fastened,0,NONE,rainy,clay,night
291,EXC005,OP004,2024-01-07 01:00:00,7779.4,1367,315.27217058285737,40.0,6.38,37,73,13.8,15.9,77.1,fastened,1,NONE,windy,rock,day
292,EXC002,OP004,2024-01-07 01:30:00,5694.7,1059,198.6,30.4,13.06,61,16,9.4,2.0,44.5,fastened,0,NONE,cloudy,sand,day
293,EXC005,OP003,2024-01-07 02:00:00,4923.1,707,289.8,83.7,10.7,46,21,11.8,16.0,104.6,fastened,0,NONE,cloudy,clay,day
294,EXC002,OP008,2024-01-07 02:30:00,2530.3,742,247.0,18.7,1.7,68,54,3.5,11.3,45.3,fastened,0,NONE,sunny,clay,night
295,EXC003,OP008,2024-01-07 03:00:00,2463.1,777,267.7,66.4,2.82,64,88,0.2,19.8,30.8,fastened,0,NONE,cloudy,loam,day
296,EXC003,OP009,2024-01-07 03:30:00,412.2,820,228.4,98.5,6.19,63,94,4.6,4.1,100.8,fastened,0,NONE,cloudy,clay,night
297,EXC005,OP002,2024-01-07 04:00:00,5855.0,2014,300.23786055697116,70.3,1.97,20,108,7.8,2.4,62.2,fastened,0,NONE,sunny,clay,night
298,EXC003,OP005,2024-01-07 04:30:00,441.1,1383,153.1,12.5,14.04,9,31,4.1,4.3,59.9,fastened,0,NONE,windy,rock,night
299,EXC002,OP003,2024-01-07 05:00:00,138.4,739,157.7,91.2,9.96,46,32,9.3,1.7,50.7,fastened,0,NONE,windy,rock,night
300,EXC001,OP009,2024-01-07 05:30:00,5863.0,643,120.4,66.1,1.87,62,69,11.8,21.6,31.9,unfastened,0,P0562,cloudy,loam,night
301,EXC002,OP003,2024-01-07 06:00:00,7596.1,2374,221.9,48.3,11.93,58,70,11.8,2.7,49.8,fastened,0,NONE,windy,clay,day
302,EXC005,OP002,2024-01-07 06:30:00,6076.4,1049,234.9,67.7,5.84,12,14,16.1,4.4,59.5,unfastened,0,P0562,cloudy,clay,day
303,EXC001,OP006,2024-01-07 07:00:00,3826.0,1484,259.7,88.5,4.05,30,59,17.4,17.8,69.0,fastened,0,NONE,cloudy,rock,night
304,EXC005,OP009,2024-01-07 07:30:00,3939.8,1568,173.8,50.3,8.76,13,108,16.0,5.4,64.3,unfastened,1,NONE,sunny,clay,night
305,EXC003,OP010,2024-01-07 08:00:00,3545.5,1193,102.7,55.5,0.69,30,28,11.2,4.9,95.9,unfastened,0,NONE,rainy,sand,night
306,EXC001,OP001,2024-01-07 08:30:00,2664.7,1388,239.1,48.0,7.25,20,100,3.7,14.8,98.3,fastened,0,NONE,cloudy,sand,day
307,EXC002,OP004,2024-01-07 09:00:00,4221.5,1449,319.7,11.9,12.74,66,59,17.0,8.8,53.8,fastened,0,NONE,cloudy,loam,night
308,EXC003,OP002,2024-01-07 09:30:00,3506.1,1453,311.89036549250216,79.8,13.96,67,67,3.1,18.4,102.0,fastened,0,NONE,cloudy,loam,day
309,EXC002,OP004,2024-01-07 10:00:00,4825.5,1891,290.65852017414795,17.0,5.47,73,80,2.7,14.0,94.9,fastened,1,P0562,windy,loam,night
310,EXC001,OP006,2024-01-07 10:30:00,7195.1,2357,162.0,42.5,9.82,18,87,5.7,6.3,99.6,fastened,0,NONE,rainy,rock,day
311,EXC004,OP003,2024-01-07 11:00:00,7960.6,747,193.6,41.7,3.79,79,80,10.3,13.2,103.70916018138259,fastened,1,NONE,sunny,sand,night
312,EXC004,OP001,2024-01-07 11:30:00,722.1,611,155.2,31.6,8.62,3,21,12.3,19.1,44.9,fastened,1,NONE,sunny,rock,night
313,EXC001,OP006,2024-01-07 12:00:00,3139.0,1339,176.3,43.2,4.18,75,42,0.2,8.0,44.6,fastened,1,NONE,sunny,clay,night
314,EXC002,OP001,2024-01-07 12:30:00,1527.6,2233,240.4,63.7,8.78,81,102,14.0,16.2,98.1,fastened,0,NONE,sunny,rock,night
315,EXC002,OP003,2024-01-07 13:00:00,2881.8,666,175.9,34.6,2.99,19,14,3.2,9.1,68.0,fastened,0,P0100,rainy,sand,night
316,EXC004,OP001,2024-01-07 13:30:00,2371.0,727,187.1,21.4,14.15,78,88,5.3,11.9,96.8,fastened,0,NONE,sunny,loam,day
317,EXC004,OP001,2024-01-07 14:00:00,1478.8,1822,108.8,87.6,13.36,47,67,5.8,16.1,84.0,fastened,0,NONE,sunny,clay,day
318,EXC004,OP005,2024-01-07 14:30:00,6136.2,2226,301.9,97.2,5.39,16,23,6.0,1.3,45.9,fastened,0,NONE,sunny,clay,night
319,EXC005,OP009,2024-01-07 15:00:00,4020.7,1015,189.5,48.6,11.76,28,23,13.7,10.0,58.9,fastened,0,NONE,rainy,loam,night
320,EXC004,OP008,2024-01-07 15:30:00,7362.0,973,172.2,36.1,1.88,23,117,0.7,2.1,102.6,fastened,1,NONE,windy,clay,day
321,EXC002,OP001,2024-01-07 16:00:00,357.5,1797,119.0,9.5,11.24,68,13,3.5,16.0,31.5,fastened,0,NONE,rainy,rock,night
322,EXC001,OP001,2024-01-07 16:30:00,629.1,1542,239.5,8.5,4.6,16,12,0.4,13.4,83.6,fastened,0,NONE,windy,sand,day
323,EXC004,OP004,2024-01-07 17:00:00,3285.9,1748,290.0,42.3,2.47,16,11,14.0,7.2,103.4,fastened,0,NONE,rainy,sand,day
324,EXC005,OP007,2024-01-07 17:30:00,734.2,1104,109.1,93.4,10.33,64,79,17.7,1.7,37.8,fastened,0,NONE,windy,sand,day
325,EXC005,OP008,2024-01-07 18:00:00,2175.6,1547,132.0,74.4,7.31,27,111,11.9,20.4,50.4,unfastened,0,NONE,cloudy,rock,night
326,EXC002,OP009,2024-01-07 18:30:00,7889.6,2148,132.2,38.2,8.19,22,28,10.6,6.9,71.0,fastened,0,NONE,windy,clay,day
327,EXC002,OP004,2024-01-07 19:00:00,1750.8,1169,232.5,97.0,8.05,72,97,16.3,6.1,93.3,unfastened,0,P0562,rainy,rock,day
328,EXC001,OP002,2024-01-07 19:30:00,1665.1,1313,302.7,45.7,1.36,83,89,4.6,2.2,68.0,fastened,0,NONE,sunny,loam,night
329,EXC001,OP001,2024-01-07 20:00:00,4631.8,894,196.3,31.3,1.25,49,35,1.2,12.7,34.5,fastened,0,NONE,sunny,sand,night
330,EXC003,OP002,2024-01-07 20:30:00,4034.2,1749,175.6,45.5,9.22,74,17,9.2,5.8,39.5,unfastened,0,P0217,windy,rock,day
331,EXC003,OP001,2024-01-07 21:00:00,4685.5,658,268.5,25.1,9.55,75,63,4.7,18.5,58.2,fastened,0,NONE,cloudy,loam,night
332,EXC002,OP009,2024-01-07 21:30:00,3076.2,1047,263.4,89.1,1.18,52,18,8.1,15.0,54.2,fastened,0,P0217,cloudy,loam,day
333,EXC002,OP003,2024-01-07 22:00:00,6631.4,1883,154.3,39.3,5.99,74,22,8.2,0.1,46.5,fastened,1,NONE,windy,rock,day
334,EXC005,OP009,2024-01-07 22:30:00,1194.8,634,135.4,67.5,9.39,0,61,5.7,12.4,93.0,fastened,1,NONE,windy,loam,day
335,EXC003,OP006,2024-01-07 23:00:00,3484.3,2380,178.7,42.0,10.02,3,99,8.8,5.1,32.0,fastened,1,NONE,sunny,loam,day
336,EXC005,OP006,2024-01-07 23:30:00,5549.1,808,270.6,90.7,12.51,63,119,6.8,0.3,92.2,fastened,1,NONE,rainy,rock,night
337,EXC005,OP005,2024-01-08 00:00:00,6959.1,1317,252.9,66.0,6.6,12,79,2.0,13.6,99.1,fastened,0,P0100,windy,clay,day
338,EXC002,OP009,2024-01-08 00:30:00,3019.6,1565,246.5,51.4,8.45,65,40,15.6,4.5,77.3,unfastened,0,NONE,cloudy,loam,night
339,EXC002,OP001,2024-01-08 01:00:00,4585.2,1750,312.1173350013658,17.6,8.89,37,46,12.6,19.8,76.9,fastened,0,NONE,rainy,sand,day
340,EXC005,OP001,2024-01-08 01:30:00,646.2,1427,161.0,90.7,5.02,70,77,0.7,12.6,41.2,fastened,0,P0100,cloudy,rock,day
341,EXC004,OP005,2024-01-08 02:00:00,1445.5,2191,174.7,56.9,1.28,59,29,2.1,4.6,72.6,fastened,0,NONE,rainy,rock,day
342,EXC002,OP004,2024-01-08 02:30:00,646.2,2331,109.3,32.1,0.56,6,67,1.7,21.5,58.1,fastened,0,NONE,sunny,sand,night
343,EXC004,OP006,2024-01-08 03:00:00,5850.3,960,291.1,88.4,12.62,30,94,1.1,12.0,47.2,fastened,1,NONE,rainy,loam,day
344,EXC003,OP008,2024-01-08 03:30:00,2375.7,1872,228.1,10.2,3.4,63,102,1.1,3.6,73.7,fastened,0,NONE,cloudy,rock,day
345,EXC005,OP006,2024-01-08 04:00:00,5817.6,1141,165.6,34.8,9.64,82,16,2.8,11.4,30.1,fastened,0,NONE,rainy,rock,day
346,EXC002,OP003,2024-01-08 04:30:00,624.5,2358,115.3,56.0,8.87,72,41,15.3,21.1,50.7,fastened,0,P0217,cloudy,loam,night
347,EXC005,OP004,2024-01-08 05:00:00,6914.1,1055,259.2,37.3,6.29,80,38,14.9,9.3,79.2,fastened,0,NONE,windy,sand,day
348,EXC005,OP008,2024-01-08 05:30:00,6700.7,1131,264.7,50.3,12.59,86,71,14.1,9.4,64.1,fastened,1,P0562,windy,loam,day
349,EXC001,OP003,2024-01-08 06:00:00,802.5,1885,246.6,30.1,10.63,80,30,11.1,10.1,40.9,fastened,0,NONE,cloudy,clay,day
350,EXC001,OP006,2024-01-08 06:30:00,287.7,2020,144.8,17.4,0.83,52,114,13.0,6.2,30.1,fastened,0,NONE,sunny,rock,day
351,EXC003,OP006,2024-01-08 07:00:00,544.7,831,300.9,8.5,11.76,30,110,13.3,3.6,50.3,fastened,0,NONE,cloudy,clay,night
352,EXC001,OP008,2024-01-08 07:30:00,6843.7,2304,265.7,20.0,7.85,45,46,16.0,12.7,71.2,fastened,0,NONE,rainy,clay,day
353,EXC002,OP008,2024-01-08 08:00:00,1954.2,1222,244.7,95.5,5.53,71,54,13.2,19.7,70.1,fastened,0,NONE,windy,clay,night
354,EXC003,OP005,2024-01-08 08:30:00,4431.4,1701,243.2,59.7,11.04,38,58,13.3,16.2,39.8,fastened,0,NONE,rainy,loam,day
355,EXC005,OP004,2024-01-08 09:00:00,3467.3,1602,299.0,51.5,10.45,74,14,14.5,2.1,76.0,unfastened,0,P0100,rainy,sand,day
356,EXC005,OP004,2024-01-08 09:30:00,6384.7,2374,304.2,41.5,5.0,63,107,10.0,8.8,104.9,fastened,0,NONE,sunny,sand,day
357,EXC001,OP005,2024-01-08 10:00:00,3962.3,2280,231.0,72.3,14.75,18,95,3.8,0.1,73.9,fastened,1,NONE,windy,sand,night
358,EXC005,OP003,2024-01-08 10:30:00,4055.2,1777,191.7,18.4,9.91,82,46,1.5,6.8,69.6,fastened,0,NONE,cloudy,rock,night
359,EXC001,OP007,2024-01-08 11:00:00,7913.8,1822,180.0,31.2,9.28,76,70,7.5,14.7,76.7,fastened,0,NONE,cloudy,loam,day
360,EXC004,OP003,2024-01-08 11:30:00,1286.0,2217,280.2,67.3,1.51,53,51,1.7,6.4,96.0,fastened,0,NONE,cloudy,rock,day
361,EXC005,OP007,2024-01-08 12:00:00,6662.6,2238,241.8,50.5,4.55,17,35,3.0,18.5,100.9,fastened,0,NONE,sunny,clay,night
362,EXC005,OP008,2024-01-08 12:30:00,508.8,640,117.0,78.2,6.98,77,43,0.4,10.5,33.1,unfastened,0,P0562,cloudy,rock,day
363,EXC002,OP010,2024-01-08 13:00:00,3873.4,1989,131.3,90.2,9.64,75,21,5.4,14.7,45.4,fastened,0,NONE,cloudy,clay,day
364,EXC005,OP002,2024-01-08 13:30:00,7102.0,829,298.0,83.2,7.94,1,99,17.5,19.4,38.7,fastened,0,P0217,sunny,clay,night
365,EXC001,OP008,2024-01-08 14:00:00,5355.2,2186,294.6,22.5,11.56,43,82,6.8,15.0,87.9,fastened,0,NONE,sunny,clay,night
366,EXC003,OP001,2024-01-08 14:30:00,5513.2,1858,309.4,13.7,4.31,55,112,4.3,19.7,33.4,fastened,1,P0100,sunny,rock,night
367,EXC003,OP004,2024-01-08 15:00:00,2180.2,1224,194.1,21.1,10.68,20,10,7.3,17.8,97.7,fastened,0,P0562,windy,loam,day
368,EXC002,OP002,2024-01-08 15:30:00,3406.7,1471,272.5,79.4,12.34,77,79,5.4,12.5,31.5,unfastened,0,NONE,cloudy,clay,night
369,EXC001,OP002,2024-01-08 16:00:00,2996.0,1481,282.2,91.8,11.59,47,71,12.1,6.5,75.2,fastened,0,P0217,windy,loam,day
370,EXC004,OP002,2024-01-08 16:30:00,4219.4,2224,169.5,92.9,11.68,5,78,11.4,6.6,50.7,fastened,1,NONE,windy,sand,day
371,EXC002,OP001,2024-01-08 17:00:00,3751.6,2344,132.0,33.3,13.38,28,118,0.5,19.3,65.3,fastened,0,NONE,cloudy,sand,night
372,EXC004,OP009,2024-01-08 17:30:00,2682.5,2052,319.3,84.8,1.72,35,52,9.2,1.2,63.1,unfastened,0,NONE,windy,clay,night
373,EXC003,OP001,2024-01-08 18:00:00,2513.3,1773,106.6,55.9,10.61,20,25,0.7,20.7,86.2,fastened,0,NONE,sunny,clay,day
374,EXC002,OP004,2024-01-08 18:30:00,2081.7,787,231.4,83.2,14.55,84,11,12.2,7.2,67.2,fastened,0,NONE,sunny,rock,night
375,EXC005,OP007,2024-01-08 19:00:00,2983.9,2246,243.0,57.1,8.82,32,64,16.8,16.3,61.6,fastened,0,NONE,windy,sand,night
376,EXC001,OP010,2024-01-08 19:30:00,1284.5,841,250.0,18.9,3.65,45,29,16.3,7.3,105.15772057423709,fastened,0,NONE,rainy,clay,night
377,EXC004,OP009,2024-01-08 20:00:00,6989.6,900,156.2,12.5,14.98,48,25,3.7,21.0,99.4,fastened,1,P0217,rainy,rock,night
378,EXC004,OP002,2024-01-08 20:30:00,4856.7,725,258.7,95.9,3.03,19,26,13.4,0.8,89.5,unfastened,0,NONE,windy,sand,day
379,EXC002,OP010,2024-01-08 21:00:00,1156.9,2305,147.6,45.5,5.37,51,40,14.3,7.8,85.3,fastened,0,NONE,sunny,sand,night
380,EXC002,OP007,2024-01-08 21:30:00,5581.5,1487,282.4,38.3,2.99,31,22,15.6,19.1,66.6,fastened,1,NONE,sunny,loam,day
381,EXC001,OP002,2024-01-08 22:00:00,6796.6,1024,148.2,38.8,7.24,0,63,4.7,6.0,97.5,fastened,0,NONE,windy,sand,day
382,EXC005,OP005,2024-01-08 22:30:00,1976.5,745,253.3,41.0,6.57,36,81,8.1,6.1,66.5,fastened,0,P0100,sunny,sand,day
383,EXC005,OP010,2024-01-08 23:00:00,1289.7,1341,272.4,94.8,7.62,52,41,4.0,19.8,107.67227783360525,fastened,0,NONE,cloudy,rock,night
384,EXC002,OP004,2024-01-08 23:30:00,168.1,1902,141.6,11.0,13.96,10,24,0.4,18.3,90.2,fastened,0,NONE,sunny,loam,night
385,EXC001,OP002,2024-01-09 00:00:00,473.3,2390,152.4,16.3,7.44,70,72,11.9,2.3,41.3,fastened,0,P0562,cloudy,rock,night
386,EXC001,OP009,2024-01-09 00:30:00,6121.8,1594,271.4,80.0,7.96,59,19,7.8,12.8,33.5,unfastened,0,NONE,sunny,sand,night
387,EXC001,OP010,2024-01-09 01:00:00,7898.8,876,118.9,57.2,13.36,63,91,4.5,4.9,107.85575337912985,fastened,0,NONE,cloudy,sand,day
388,EXC005,OP010,2024-01-09 01:30:00,454.6,2104,142.0,17.2,12.36,53,52,15.2,4.7,81.4,fastened,0,NONE,windy,clay,day
389,EXC005,OP010,2024-01-09 02:00:00,6009.8,2223,200.2,8.3,3.98,27,55,8.9,13.5,75.2,fastened,0,NONE,cloudy,clay,night
390,EXC001,OP009,2024-01-09 02:30:00,667.7,1103,304.6,26.3,0.69,58,37,17.9,2.7,103.2,fastened,0,P0100,windy,loam,day
391,EXC004,OP005,2024-01-09 03:00:00,4777.8,2385,223.6,29.8,9.63,13,41,14.3,10.3,70.9,fastened,0,NONE,windy,rock,night
392,EXC001,OP002,2024-01-09 03:30:00,6073.0,1534,185.3,6.4,12.75,54,26,15.6,5.6,56.1,fastened,0,NONE,rainy,sand,night
393,EXC002,OP007,2024-01-09 04:00:00,2937.7,2274,315.2,25.5,8.52,4,71,13.9,18.8,72.4,fastened,0,NONE,rainy,loam,night
394,EXC003,OP003,2024-01-09 04:30:00,186.4,811,202.0,75.1,3.56,1,26,1.9,12.2,32.1,fastened,0,NONE,cloudy,loam,day
395,EXC004,OP005,2024-01-09 05:00:00,4802.0,775,195.4,86.3,11.25,22,84,1.2,4.7,73.4,fastened,0,NONE,rainy,rock,night
396,EXC005,OP007,2024-01-09 05:30:00,7930.8,2354,190.6,90.3,10.21,15,38,16.5,20.4,97.7,fastened,0,NONE,windy,sand,night
397,EXC001,OP010,2024-01-09 06:00:00,2135.2,1810,168.7,42.0,8.69,44,72,2.5,18.1,30.3,fastened,0,NONE,windy,rock,day
398,EXC001,OP003,2024-01-09 06:30:00,1597.0,915,171.7,35.3,13.02,14,69,7.0,5.8,93.4,fastened,0,NONE,sunny,loam,night
399,EXC002,OP003,2024-01-09 07:00:00,1079.0,2210,251.3,100.0,11.87,22,79,11.0,21.1,90.1,fastened,1,NONE,rainy,rock,day
400,EXC002,OP008,2024-01-09 07:30:00,4486.5,784,109.0,78.1,10.19,8,93,3.8,5.9,38.0,fastened,0,NONE,sunny,sand,day
401,EXC005,OP001,2024-01-09 08:00:00,4811.9,1828,250.0,56.0,10.14,79,71,4.1,6.4,93.5,fastened,0,NONE,cloudy,rock,day
402,EXC004,OP006,2024-01-09 08:30:00,6358.9,969,144.3,29.2,10.1,66,103,8.4,8.5,87.3,unfastened,0,P0217,sunny,loam,night
403,EXC002,OP008,2024-01-09 09:00:00,6049.3,727,184.5,35.5,8.11,19,38,6.5,3.6,102.85630966830546,fastened,0,NONE,rainy,sand,night
404,EXC005,OP006,2024-01-09 09:30:00,7151.1,2253,132.2,54.0,7.23,63,92,12.2,15.1,48.4,fastened,0,P0217,windy,clay,night
405,EXC003,OP004,2024-01-09 10:00:00,6465.6,2125,221.6,56.5,10.79,76,47,1.4,12.3,51.6,fastened,0,NONE,windy,rock,day
406,EXC003,OP009,2024-01-09 10:30:00,2053.4,790,260.5,6.3,9.35,60,79,8.8,19.7,75.9,fastened,0,NONE,rainy,rock,day
407,EXC003,OP004,2024-01-09 11:00:00,4491.4,767,178.0,96.1,7.6,79,64,3.1,5.3,48.5,fastened,0,NONE,rainy,loam,day
408,EXC001,OP008,2024-01-09 11:30:00,2449.6,1705,136.0,59.7,2.34,16,109,10.9,3.7,54.4,fastened,1,NONE,rainy,clay,day
409,EXC005,OP005,2024-01-09 12:00:00,2705.3,651,149.8,61.0,10.68,32,39,2.1,7.9,99.8,fastened,0,NONE,sunny,loam,night
410,EXC001,OP001,2024-01-09 12:30:00,7462.4,1943,280.0,25.1,9.87,10,67,3.6,3.2,84.7,fastened,0,P0217,rainy,loam,night
411,EXC001,OP006,2024-01-09 13:00:00,5487.0,843,158.9,77.7,5.46,75,28,14.5,20.8,85.2,fastened,1,P0100,rainy,rock,day
412,EXC002,OP001,2024-01-09 13:30:00,7799.3,1951,270.4,75.0,5.67,14,79,4.2,15.8,101.7,fastened,0,NONE,sunny,clay,day
413,EXC002,OP010,2024-01-09 14:00:00,3393.6,1015,172.9,14.0,4.08,0,14,13.3,17.5,102.72823433915491,fastened,0,NONE,rainy,clay,night
414,EXC001,OP007,2024-01-09 14:30:00,4345.8,942,141.5,61.5,14.45,45,55,4.9,16.5,48.3,fastened,0,NONE,cloudy,sand,day
415,EXC001,OP004,2024-01-09 15:00:00,3948.2,1825,260.0,67.5,12.97,88,11,4.2,5.3,79.3,fastened,1,NONE,rainy,clay,day
416,EXC004,OP005,2024-01-09 15:30:00,947.6,710,203.1,84.4,8.64,58,46,5.4,3.1,62.9,fastened,0,NONE,windy,rock,day
417,EXC005,OP007,2024-01-09 16:00:00,1969.9,1567,106.9,24.6,6.32,68,63,15.9,9.4,38.5,fastened,0,NONE,cloudy,loam,night
418,EXC001,OP003,2024-01-09 16:30:00,4268.3,1407,311.2,88.4,11.18,73,46,7.1,18.2,88.6,fastened,0,NONE,windy,sand,night
419,EXC002,OP003,2024-01-09 17:00:00,632.3,1940,132.5,48.8,8.15,87,52,4.4,7.3,33.5,fastened,0,NONE,cloudy,rock,day
420,EXC003,OP005,2024-01-09 17:30:00,7458.5,666,177.7,14.2,14.65,74,26,9.7,0.2,70.8,fastened,1,NONE,rainy,loam,day
421,EXC005,OP003,2024-01-09 18:00:00,1078.4,1972,184.7,15.0,1.3,22,88,6.9,14.5,72.2,fastened,1,NONE,sunny,loam,day
422,EXC004,OP008,2024-01-09 18:30:00,1664.0,1858,207.7,23.8,1.0,55,97,14.2,4.4,77.7,fastened,0,NONE,sunny,rock,day
423,EXC004,OP002,2024-01-09 19:00:00,6146.0,1029,272.8,31.9,8.74,73,60,17.8,11.9,53.7,unfastened,0,NONE,cloudy,clay,night
424,EXC003,OP009,2024-01-09 19:30:00,865.8,1242,311.251084315135,52.2,3.45,69,16,9.5,0.3,31.8,unfastened,0,NONE,windy,clay,day
425,EXC003,OP004,2024-01-09 20:00:00,7212.2,718,305.1,76.1,9.26,65,16,8.1,11.2,96.7,fastened,0,P0562,cloudy,loam,night
426,EXC001,OP006,2024-01-09 20:30:00,5833.0,1408,242.1,22.7,11.83,28,84,6.2,8.7,99.7,fastened,0,NONE,cloudy,loam,day
427,EXC005,OP002,2024-01-09 21:00:00,642.1,1069,309.1,99.3,2.5,32,112,17.5,19.4,66.1,fastened,0,NONE,windy,loam,night
428,EXC005,OP004,2024-01-09 21:30:00,5565.6,804,279.8,20.3,6.89,7,105,8.7,15.9,31.5,fastened,0,NONE,cloudy,sand,night
429,EXC001,OP008,2024-01-09 22:00:00,5089.9,1607,304.1,61.9,10.49,28,54,3.2,0.8,73.6,fastened,1,NONE,windy,clay,night
430,EXC004,OP003,2024-01-09 22:30:00,6083.1,1621,232.2,93.2,12.59,14,64,17.4,17.4,53.7,unfastened,0,NONE,sunny,rock,night
431,EXC001,OP002,2024-01-09 23:00:00,6642.8,754,178.6,84.1,7.7,84,27,17.3,17.4,43.7,fastened,0,NONE,sunny,rock,night
432,EXC004,OP006,2024-01-09 23:30:00,5775.0,933,197.4,66.5,3.49,8,17,7.8,14.6,42.7,unfastened,1,NONE,sunny,clay,day
433,EXC005,OP002,2024-01-10 00:00:00,4730.8,748,244.8,73.0,8.99,32,94,6.3,20.4,43.4,fastened,0,P0217,sunny,sand,day
434,EXC001,OP004,2024-01-10 00:30:00,2647.5,1822,193.9,17.7,7.09,79,57,12.2,17.7,54.8,fastened,0,NONE,rainy,sand,night
435,EXC003,OP005,2024-01-10 01:00:00,5608.5,1208,261.0,5.9,11.69,86,64,14.9,4.8,103.33122309807328,fastened,0,NONE,sunny,sand,day
436,EXC001,OP006,2024-01-10 01:30:00,7660.1,728,120.2,46.2,8.56,33,47,9.0,8.4,92.7,fastened,0,NONE,rainy,loam,night
437,EXC003,OP007,2024-01-10 02:00:00,4741.4,944,282.6,13.5,4.55,41,44,6.0,7.7,67.1,fastened,0,NONE,rainy,sand,day
438,EXC005,OP007,2024-01-10 02:30:00,5348.3,2356,144.9,39.0,11.44,47,118,5.4,11.1,62.1,fastened,0,NONE,sunny,loam,night
439,EXC001,OP009,2024-01-10 03:00:00,3553.3,1060,307.7,26.3,8.01,73,99,5.9,21.0,40.9,fastened,0,NONE,sunny,clay,day
440,EXC002,OP001,2024-01-10 03:30:00,6073.4,1832,134.2,92.1,3.07,69,86,2.1,13.5,95.7,fastened,0,NONE,sunny,loam,night
441,EXC005,OP004,2024-01-10 04:00:00,7981.6,2224,128.4,88.6,8.66,47,52,14.0,6.9,34.1,fastened,0,NONE,sunny,rock,night
442,EXC002,OP001,2024-01-10 04:30:00,1367.1,927,278.6,82.8,14.25,33,89,1.9,20.7,48.0,fastened,0,NONE,rainy,rock,day
443,EXC001,OP001,2024-01-10 05:00:00,1699.0,1153,280.1,72.8,10.73,33,47,7.2,15.4,76.6,fastened,0,P0562,windy,sand,night
444,EXC003,OP003,2024-01-10 05:30:00,4361.6,2251,262.5,19.6,4.83,58,66,15.0,5.9,82.7,fastened,0,NONE,cloudy,clay,night
445,EXC003,OP006,2024-01-10 06:00:00,3902.9,1944,311.3,9.6,10.81,75,25,7.3,19.9,90.1,fastened,0,NONE,rainy,clay,day
446,EXC004,OP009,2024-01-10 06:30:00,4615.4,1202,159.5,67.1,4.6,6,88,5.3,7.6,60.8,fastened,1,NONE,cloudy,sand,night
447,EXC002,OP008,2024-01-10 07:00:00,487.7,1498,281.9,66.0,8.37,69,16,17.1,11.4,56.0,fastened,0,NONE,sunny,sand,day
448,EXC005,OP007,2024-01-10 07:30:00,3293.8,875,177.4,40.1,8.14,43,89,2.3,10.5,51.6,fastened,0,NONE,sunny,clay,night
449,EXC003,OP008,2024-01-10 08:00:00,4705.5,2341,218.2,49.9,4.09,13,76,15.9,20.3,72.6,unfastened,0,NONE,cloudy,clay,day
450,EXC002,OP002,2024-01-10 08:30:00,4723.0,993,198.0,51.5,5.54,8,17,1.1,5.8,56.1,unfastened,0,NONE,windy,rock,day
451,EXC005,OP009,2024-01-10 09:00:00,5292.9,1619,101.3,27.8,14.16,30,65,7.4,7.3,54.6,fastened,0,NONE,sunny,rock,day
452,EXC005,OP009,2024-01-10 09:30:00,5789.7,2170,226.4,34.8,4.13,22,34,11.4,14.5,31.3,fastened,0,NONE,windy,clay,day
453,EXC003,OP001,2024-01-10 10:00:00,5168.2,1883,264.5,44.7,12.11,9,62,6.7,19.5,101.1,fastened,0,NONE,rainy,loam,day
454,EXC001,OP005,2024-01-10 10:30:00,6342.9,1685,138.4,62.3,10.18,26,11,9.6,2.5,34.5,fastened,0,NONE,cloudy,loam,day
455,EXC003,OP009,2024-01-10 11:00:00,5035.6,2226,305.0,95.8,8.22,75,89,3.7,4.6,50.3,fastened,1,NONE,rainy,loam,night
456,EXC003,OP005,2024-01-10 11:30:00,4346.3,917,216.7,56.2,2.49,64,66,10.2,20.9,99.1,unfastened,0,NONE,rainy,clay,day
457,EXC001,OP009,2024-01-10 12:00:00,4889.0,2334,139.2,74.5,3.47,18,49,2.4,17.1,85.2,fastened,0,NONE,rainy,sand,day
458,EXC004,OP010,2024-01-10 12:30:00,899.4,1601,242.1,81.7,3.1,60,106,14.3,7.6,73.4,unfastened,1,NONE,windy,clay,day
459,EXC005,OP005,2024-01-10 13:00:00,2257.9,1337,142.2,15.8,9.01,40,80,10.5,7.9,79.6,fastened,0,NONE,rainy,clay,day
460,EXC001,OP001,2024-01-10 13:30:00,4266.5,2382,114.0,67.0,14.61,67,77,8.7,10.3,37.3,fastened,0,P0217,sunny,loam,day
461,EXC004,OP004,2024-01-10 14:00:00,6996.6,1940,314.44736334017364,50.8,13.22,22,26,1.0,14.8,90.6,fastened,0,NONE,cloudy,loam,day
462,EXC001,OP003,2024-01-10 14:30:00,5464.5,2357,124.4,59.4,0.87,5,65,9.0,12.3,48.8,fastened,0,P0562,windy,clay,day
463,EXC004,OP005,2024-01-10 15:00:00,814.2,1842,296.2568634978116,8.6,4.47,28,87,10.1,17.1,101.7,fastened,0,NONE,sunny,sand,night
464,EXC003,OP006,2024-01-10 15:30:00,4779.0,658,262.8,91.1,2.78,89,111,4.8,1.2,47.4,fastened,1,NONE,cloudy,clay,day
465,EXC001,OP005,2024-01-10 16:00:00,1851.7,602,112.1,95.5,14.65,78,76,12.2,18.0,76.9,fastened,0,NONE,rainy,loam,night
466,EXC005,OP002,2024-01-10 16:30:00,5898.7,843,278.1,5.3,3.92,60,28,1.4,1.3,70.9,unfastened,0,P0100,rainy,rock,night
467,EXC001,OP004,2024-01-10 17:00:00,6636.8,2264,275.2,25.2,3.42,87,84,3.8,19.4,40.7,fastened,0,NONE,windy,sand,day
468,EXC003,OP007,2024-01-10 17:30:00,4788.3,1991,131.1,22.1,9.5,74,18,13.3,1.0,57.2,unfastened,0,P0217,rainy,loam,night
469,EXC001,OP001,2024-01-10 18:00:00,4771.8,1873,214.0,79.2,8.56,48,44,2.6,2.8,88.6,fastened,1,NONE,sunny,clay,night
470,EXC005,OP003,2024-01-10 18:30:00,2774.9,720,121.3,61.8,3.77,66,110,4.4,4.0,45.9,fastened,0,NONE,sunny,sand,day
471,EXC004,OP009,2024-01-10 19:00:00,3625.4,1604,239.2,21.8,10.22,16,98,11.7,4.9,102.2,fastened,0,NONE,rainy,rock,day
472,EXC005,OP001,2024-01-10 19:30:00,6926.5,886,113.8,82.3,1.91,86,109,13.1,8.8,52.2,fastened,0,NONE,windy,sand,night
473,EXC003,OP005,2024-01-10 20:00:00,5814.2,1475,307.8,38.6,0.78,82,48,0.9,14.4,77.0,fastened,1,P0562,rainy,rock,night
474,EXC003,OP003,2024-01-10 20:30:00,4206.1,1291,145.7,48.8,1.7,39,85,2.3,19.6,76.4,fastened,0,P0217,rainy,clay,day
475,EXC004,OP002,2024-01-10 21:00:00,3009.0,2052,250.2,41.8,5.79,3,87,8.0,11.5,65.3,fastened,0,NONE,sunny,rock,day
476,EXC004,OP005,2024-01-10 21:30:00,498.0,2162,128.2,54.5,14.64,68,37,10.7,11.7,79.2,fastened,0,NONE,sunny,rock,day
477,EXC005,OP006,2024-01-10 22:00:00,1229.8,1430,146.1,50.6,8.44,65,113,8.2,7.0,85.8,fastened,0,NONE,windy,clay,night
478,EXC001,OP002,2024-01-10 22:30:00,1624.9,1566,199.2,31.1,11.44,66,116,11.6,17.6,76.4,fastened,0,NONE,rainy,sand,night
479,EXC004,OP001,2024-01-10 23:00:00,3049.7,1726,226.1,45.3,5.16,58,22,13.6,2.4,72.0,fastened,1,NONE,rainy,sand,night
480,EXC001,OP002,2024-01-10 23:30:00,7558.7,1779,319.7,91.3,10.93,12,94,17.1,6.6,75.5,fastened,0,P0100,windy,rock,day
481,EXC002,OP007,2024-01-11 00:00:00,4090.7,1743,306.0559688739034,52.8,14.51,10,59,6.3,2.1,60.1,fastened,0,NONE,sunny,sand,day
482,EXC005,OP009,2024-01-11 00:30:00,1955.2,2009,100.1,92.1,5.69,71,84,2.9,4.7,35.3,fastened,0,P0217,windy,sand,night
483,EXC002,OP002,2024-01-11 01:00:00,935.4,2367,177.1,57.3,14.99,76,70,4.8,12.9,42.0,unfastened,0,P0562,cloudy,clay,night
484,EXC004,OP004,2024-01-11 01:30:00,2772.6,2090,180.6,78.0,9.76,7,34,2.7,2.8,75.5,fastened,0,NONE,rainy,loam,day
485,EXC003,OP004,2024-01-11 02:00:00,6544.3,842,294.4,32.9,11.35,52,20,7.1,2.2,99.5,fastened,0,NONE,cloudy,rock,day
486,EXC002,OP004,2024-01-11 02:30:00,3128.4,865,300.8,80.1,4.16,60,66,15.7,18.2,31.9,fastened,0,NONE,sunny,rock,day
487,EXC002,OP003,2024-01-11 03:00:00,6202.8,1430,293.7,30.1,9.82,31,102,6.2,2.6,70.8,fastened,0,NONE,windy,sand,day
488,EXC003,OP001,2024-01-11 03:30:00,6441.4,1515,131.5,6.9,7.91,58,100,2.7,13.4,48.9,fastened,0,NONE,cloudy,rock,day
489,EXC004,OP006,2024-01-11 04:00:00,975.5,1551,190.7,20.3,14.37,82,40,9.4,7.7,72.1,fastened,0,NONE,sunny,clay,night
490,EXC004,OP004,2024-01-11 04:30:00,4908.4,1892,264.1,7.1,13.62,73,104,17.9,19.7,86.2,unfastened,1,NONE,sunny,sand,day
491,EXC005,OP004,2024-01-11 05:00:00,7676.9,1357,168.8,95.0,6.25,13,49,3.4,15.6,85.2,fastened,0,P0217,windy,sand,day
492,EXC005,OP003,2024-01-11 05:30:00,3276.9,1074,245.9,100.0,14.23,41,71,14.0,1.3,84.4,fastened,0,NONE,windy,sand,night
493,EXC004,OP010,2024-01-11 06:00:00,502.5,684,152.2,77.4,13.33,74,45,14.8,19.7,88.4,fastened,1,NONE,rainy,rock,day
494,EXC004,OP007,2024-01-11 06:30:00,7394.1,757,171.2,15.3,9.06,69,67,7.2,9.1,35.4,fastened,1,P0562,windy,sand,day
495,EXC002,OP005,2024-01-11 07:00:00,7081.0,1160,289.3,90.4,1.69,76,68,11.2,6.6,68.2,unfastened,0,NONE,rainy,rock,day
496,EXC003,OP003,2024-01-11 07:30:00,4224.9,637,155.1,75.7,2.83,44,86,7.8,14.8,49.6,fastened,0,NONE,windy,rock,day
497,EXC001,OP009,2024-01-11 08:00:00,4462.8,2357,295.06222279917404,36.6,1.61,46,61,4.7,15.8,99.1,fastened,0,NONE,sunny,loam,night
498,EXC002,OP009,2024-01-11 08:30:00,1772.8,952,167.4,52.7,2.07,22,68,7.7,6.7,88.7,fastened,0,NONE,sunny,clay,day
499,EXC005,OP001,2024-01-11 09:00:00,6573.7,1685,105.2,67.9,14.67,82,81,1.7,7.7,38.1,fastened,0,NONE,rainy,loam,day
500,EXC003,OP010,2024-01-11 09:30:00,4038.9,2040,156.1,7.3,3.58,47,55,12.7,3.4,48.2,fastened,0,NONE,windy,clay,night
501,EXC001,OP007,2024-01-11 10:00:00,367.6,1094,137.7,52.6,10.52,51,67,14.9,13.1,64.1,unfastened,0,NONE,rainy,rock,night
502,EXC004,OP001,2024-01-11 10:30:00,5495.8,1212,211.5,74.6,9.73,41,19,5.5,21.1,102.2,fastened,0,NONE,windy,sand,night
503,EXC005,OP008,2024-01-11 11:00:00,7608.9,1104,124.8,22.9,9.65,8,105,10.2,9.2,38.2,fastened,0,NONE,cloudy,loam,night
504,EXC005,OP002,2024-01-11 11:30:00,6650.3,869,237.7,47.2,3.5,70,23,4.2,21.9,101.92898714678948,unfastened,0,NONE,rainy,clay,night
505,EXC002,OP001,2024-01-11 12:00:00,2289.9,875,292.5,55.6,8.9,29,106,2.3,3.9,55.6,unfastened,0,P0562,rainy,sand,night
506,EXC003,OP002,2024-01-11 12:30:00,521.3,936,179.8,74.9,9.57,21,93,11.9,17.5,78.5,fastened,0,NONE,windy,clay,night
507,EXC003,OP005,2024-01-11 13:00:00,7528.8,1424,137.1,96.6,8.77,70,114,2.4,20.4,78.7,fastened,0,NONE,rainy,loam,night
508,EXC002,OP007,2024-01-11 13:30:00,7502.8,1555,188.0,85.6,3.2,17,12,14.1,15.1,48.0,fastened,0,NONE,cloudy,rock,night
509,EXC002,OP005,2024-01-11 14:00:00,4306.1,628,272.9,64.0,10.98,61,33,4.9,2.4,88.9,fastened,0,NONE,sunny,clay,night
510,EXC002,OP002,2024-01-11 14:30:00,5174.3,2123,230.1,60.4,1.56,42,15,14.7,7.2,36.8,fastened,1,P0100,cloudy,loam,day
511,EXC005,OP002,2024-01-11 15:00:00,3754.5,1816,122.3,62.3,9.07,71,55,6.6,1.9,91.4,fastened,1,P0217,sunny,sand,day
512,EXC004,OP009,2024-01-11 15:30:00,3416.1,727,218.2,56.8,6.83,4,109,6.6,13.2,45.9,fastened,0,NONE,sunny,clay,night
513,EXC005,OP010,2024-01-11 16:00:00,1043.6,2116,203.0,10.6,4.13,69,94,13.5,22.0,107.45560302478584,fastened,1,NONE,rainy,sand,night
514,EXC005,OP008,2024-01-11 16:30:00,864.3,654,172.0,71.3,12.21,20,87,9.2,8.2,56.0,fastened,0,NONE,sunny,loam,day
515,EXC005,OP002,2024-01-11 17:00:00,1938.6,1608,124.2,73.1,3.05,78,103,3.6,3.6,75.7,fastened,0,NONE,cloudy,loam,night
516,EXC001,OP009,2024-01-11 17:30:00,6709.5,730,315.8,53.7,14.03,60,10,15.3,5.9,100.35347487201997,fastened,0,NONE,sunny,clay,day
517,EXC005,OP007,2024-01-11 18:00:00,1252.1,1503,138.7,87.7,13.33,0,96,6.1,12.6,72.7,fastened,0,NONE,sunny,loam,night
518,EXC001,OP006,2024-01-11 18:30:00,1890.9,2321,142.4,68.9,5.73,43,44,1.8,12.5,30.6,fastened,0,NONE,rainy,loam,night
519,EXC003,OP002,2024-01-11 19:00:00,4434.1,2268,132.0,39.5,4.92,4,86,7.5,5.1,58.1,unfastened,0,NONE,sunny,sand,night
520,EXC003,OP010,2024-01-11 19:30:00,1799.5,1102,225.4,6.9,2.49,24,93,10.3,16.5,92.0,fastened,1,NONE,cloudy,rock,night
521,EXC002,OP005,2024-01-11 20:00:00,1389.3,1643,301.17655865146037,10.6,13.79,64,85,11.0,1.9,64.7,fastened,1,NONE,sunny,sand,night
522,EXC001,OP001,2024-01-11 20:30:00,4550.2,2326,154.9,38.4,9.6,50,55,15.0,13.7,67.4,unfastened,1,NONE,sunny,sand,night
523,EXC001,OP003,2024-01-11 21:00:00,3007.9,1911,194.5,48.9,0.96,63,77,9.7,9.4,76.6,fastened,0,NONE,sunny,rock,night
524,EXC005,OP005,2024-01-11 21:30:00,5046.7,2197,248.2,20.9,7.91,79,61,4.0,2.8,62.6,fastened,1,NONE,sunny,rock,day
525,EXC002,OP001,2024-01-11 22:00:00,7306.4,1382,162.0,23.0,1.74,42,79,4.7,14.0,95.0,fastened,0,P0562,sunny,sand,night
526,EXC002,OP004,2024-01-11 22:30:00,1292.8,1109,301.4,26.9,8.82,48,60,1.8,14.8,60.2,fastened,0,NONE,rainy,sand,night
527,EXC005,OP005,2024-01-11 23:00:00,7316.1,1519,167.4,79.1,7.88,5,53,13.2,9.7,100.7,fastened,0,P0217,sunny,sand,night
528,EXC001,OP010,2024-01-11 23:30:00,7229.7,2070,143.6,78.3,1.7,25,32,1.9,17.6,95.8,fastened,0,NONE,windy,sand,day
529,EXC005,OP001,2024-01-12 00:00:00,6649.8,877,310.0,41.4,12.33,73,52,10.9,11.2,61.6,fastened,0,NONE,cloudy,clay,day
530,EXC005,OP006,2024-01-12 00:30:00,5087.2,1834,278.3,21.4,4.3,5,89,10.7,6.3,57.4,fastened,0,NONE,cloudy,sand,night
531,EXC003,OP010,2024-01-12 01:00:00,4999.2,1871,175.5,15.5,8.35,32,105,14.1,21.0,80.7,fastened,1,NONE,windy,rock,night
532,EXC001,OP009,2024-01-12 01:30:00,5149.8,1521,285.1,13.3,9.77,12,21,1.3,20.8,86.6,fastened,0,P0217,windy,loam,day
533,EXC001,OP010,2024-01-12 02:00:00,5554.9,1175,214.1,42.2,14.45,77,30,3.7,2.1,43.9,fastened,0,NONE,cloudy,loam,day
534,EXC002,OP002,2024-01-12 02:30:00,230.2,1361,290.46515028461386,9.3,7.66,50,65,16.4,20.8,48.1,fastened,0,NONE,windy,loam,day
535,EXC003,OP009,2024-01-12 03:00:00,7668.9,1495,284.7,36.7,13.8,58,87,10.3,17.1,41.0,unfastened,0,P0217,rainy,loam,night
536,EXC001,OP010,2024-01-12 03:30:00,4726.3,2067,265.5,96.3,5.65,61,28,8.2,2.3,87.1,fastened,0,NONE,rainy,rock,day
537,EXC003,OP004,2024-01-12 04:00:00,6273.6,1599,165.5,53.2,12.93,20,45,13.5,11.4,109.40115264491655,fastened,0,NONE,windy,rock,day
538,EXC001,OP005,2024-01-12 04:30:00,3080.5,2027,233.5,83.2,3.92,4,15,16.2,0.8,44.2,fastened,0,NONE,rainy,loam,night
539,EXC003,OP006,2024-01-12 05:00:00,197.9,649,181.3,17.3,10.76,35,15,4.7,13.0,70.3,fastened,0,P0217,rainy,clay,night
540,EXC001,OP005,2024-01-12 05:30:00,4126.9,1962,100.2,30.5,1.78,16,25,16.2,20.5,87.3,fastened,0,NONE,rainy,clay,day
541,EXC004,OP003,2024-01-12 06:00:00,4106.8,1512,311.6,94.9,14.8,28,90,2.0,8.1,101.0,fastened,0,P0562,rainy,sand,day
542,EXC001,OP010,2024-01-12 06:30:00,3552.2,2396,220.9,41.4,14.33,28,105,17.6,11.2,43.4,fastened,0,NONE,windy,rock,day
543,EXC001,OP010,2024-01-12 07:00:00,2783.8,1449,231.7,66.6,6.91,70,64,3.0,5.0,52.8,fastened,0,NONE,rainy,loam,night
544,EXC001,OP004,2024-01-12 07:30:00,2073.6,1461,232.0,97.7,8.1,28,29,4.8,11.9,56.1,fastened,0,P0100,cloudy,sand,day
545,EXC005,OP009,2024-01-12 08:00:00,4267.6,752,221.1,57.3,9.17,65,111,1.7,17.7,76.9,fastened,0,P0100,sunny,loam,night
546,EXC001,OP004,2024-01-12 08:30:00,3064.7,657,163.8,34.0,4.49,65,40,14.5,4.7,40.2,fastened,0,NONE,windy,sand,day
547,EXC003,OP008,2024-01-12 09:00:00,7762.5,1862,313.7,55.5,10.28,4,27,17.7,12.2,44.5,fastened,1,NONE,cloudy,sand,night
548,EXC003,OP006,2024-01-12 09:30:00,1466.1,2152,236.8,10.2,10.63,18,25,5.3,7.8,88.5,fastened,0,NONE,cloudy,loam,day
549,EXC003,OP005,2024-01-12 10:00:00,2625.4,766,247.6,15.7,8.11,31,48,5.9,16.5,109.15123765919971,fastened,0,NONE,windy,clay,day
550,EXC004,OP002,2024-01-12 10:30:00,2422.3,980,200.1,5.7,2.64,5,90,5.0,15.4,42.0,fastened,0,NONE,sunny,loam,night
551,EXC005,OP007,2024-01-12 11:00:00,4392.1,2178,163.3,89.0,13.83,80,53,2.8,15.4,109.23704548176326,fastened,0,NONE,sunny,clay,night
552,EXC002,OP004,2024-01-12 11:30:00,4044.3,675,114.2,68.8,2.17,31,58,14.2,8.3,40.1,fastened,0,P0217,rainy,loam,day
553,EXC005,OP003,2024-01-12 12:00:00,5185.5,1514,177.1,33.3,9.62,70,47,1.1,13.2,57.2,fastened,1,NONE,windy,sand,day
554,EXC002,OP002,2024-01-12 12:30:00,7605.0,1328,138.7,26.0,1.99,12,113,17.4,14.3,60.0,fastened,0,NONE,windy,rock,day
555,EXC005,OP010,2024-01-12 13:00:00,2353.2,2290,245.7,69.9,2.62,46,85,16.7,15.0,38.4,fastened,0,NONE,windy,rock,day
556,EXC003,OP002,2024-01-12 13:30:00,5572.9,2142,293.4,92.4,0.8,11,83,2.1,12.7,34.5,fastened,0,P0562,windy,sand,day
557,EXC004,OP008,2024-01-12 14:00:00,297.8,2214,166.6,33.4,5.77,20,58,9.5,19.1,96.1,fastened,0,NONE,rainy,rock,night
558,EXC005,OP009,2024-01-12 14:30:00,2172.9,1120,173.2,35.5,9.77,36,68,17.9,5.5,96.6,unfastened,0,NONE,windy,loam,day
559,EXC004,OP001,2024-01-12 15:00:00,3763.4,1657,247.5,86.2,8.06,77,107,15.3,1.2,30.2,fastened,0,NONE,cloudy,loam,day
560,EXC005,OP006,2024-01-12 15:30:00,344.9,1860,132.8,89.9,10.28,27,82,12.9,21.2,78.1,fastened,0,NONE,rainy,clay,night
561,EXC003,OP006,2024-01-12 16:00:00,4979.6,2341,304.5,91.8,10.29,67,99,0.4,1.3,37.0,fastened,0,NONE,sunny,sand,day
562,EXC001,OP004,2024-01-12 16:30:00,5458.7,2256,180.0,32.8,2.53,8,14,1.2,19.9,90.8,fastened,0,P0100,rainy,loam,day
563,EXC003,OP007,2024-01-12 17:00:00,5999.2,2388,122.3,16.4,1.33,22,104,14.3,13.5,96.0,fastened,0,NONE,cloudy,rock,night
564,EXC001,OP005,2024-01-12 17:30:00,4180.9,1239,138.4,46.8,9.57,54,114,6.8,20.2,76.2,fastened,0,NONE,windy,clay,night
565,EXC005,OP005,2024-01-12 18:00:00,4871.2,830,305.2,33.1,9.97,42,83,12.0,12.4,76.0,fastened,0,P0100,cloudy,clay,day
566,EXC002,OP005,2024-01-12 18:30:00,3228.9,1707,154.4,89.0,8.57,45,115,13.3,18.1,57.9,fastened,0,NONE,sunny,loam,day
567,EXC002,OP009,2024-01-12 19:00:00,425.9,2006,245.7,8.5,4.06,61,72,7.6,15.9,48.7,unfastened,0,NONE,rainy,sand,night
568,EXC002,OP007,2024-01-12 19:30:00,889.6,833,134.4,65.2,12.26,6,40,2.6,11.6,67.4,fastened,0,NONE,sunny,rock,day
569,EXC004,OP004,2024-01-12 20:00:00,5274.5,673,142.7,91.1,1.6,62,76,7.0,8.0,40.0,unfastened,0,NONE,sunny,loam,day
570,EXC003,OP010,2024-01-12 20:30:00,7964.9,2213,293.4,97.8,9.67,77,79,15.7,0.1,80.4,fastened,1,NONE,cloudy,clay,day
571,EXC005,OP009,2024-01-12 21:00:00,224.8,2280,132.6,66.8,2.25,68,25,6.0,5.5,65.3,unfastened,0,P0562,rainy,sand,night
572,EXC003,OP010,2024-01-12 21:30:00,4504.9,732,104.1,95.2,9.99,72,32,1.1,20.9,43.3,fastened,0,P0100,rainy,clay,night
573,EXC002,OP008,2024-01-12 22:00:00,6033.0,2227,210.3,12.2,6.56,31,42,17.3,6.1,74.1,fastened,0,NONE,sunny,loam,night
574,EXC001,OP004,2024-01-12 22:30:00,6631.5,716,289.8,39.1,10.91,64,70,12.3,16.5,89.6,fastened,0,NONE,rainy,sand,day
575,EXC001,OP008,2024-01-12 23:00:00,4407.1,2395,171.7,5.8,1.26,71,26,9.7,11.2,74.2,fastened,0,NONE,sunny,loam,day
576,EXC002,OP004,2024-01-12 23:30:00,4997.3,989,128.2,98.2,8.55,83,94,14.9,6.8,69.7,fastened,0,P0100,windy,sand,night
577,EXC005,OP003,2024-01-13 00:00:00,5604.1,1641,316.1,90.8,2.6,82,22,7.4,21.8,93.6,fastened,0,NONE,sunny,clay,night
578,EXC003,OP005,2024-01-13 00:30:00,6885.8,2389,248.9,7.7,10.39,39,113,17.7,1.0,30.8,fastened,0,NONE,sunny,loam,night
579,EXC005,OP010,2024-01-13 01:00:00,1066.1,2224,287.2,6.7,2.24,11,84,15.4,12.8,76.3,fastened,0,NONE,rainy,rock,night
580,EXC001,OP006,2024-01-13 01:30:00,7416.8,1688,265.5,39.9,1.57,20,47,5.0,10.2,60.7,fastened,0,NONE,windy,clay,day
581,EXC001,OP004,2024-01-13 02:00:00,305.5,954,253.6,29.6,10.84,26,50,6.7,1.7,44.5,fastened,0,NONE,windy,rock,day
582,EXC005,OP005,2024-01-13 02:30:00,6706.0,751,184.6,85.5,1.42,75,86,5.0,4.7,103.5,fastened,0,NONE,rainy,sand,day
583,EXC001,OP003,2024-01-13 03:00:00,706.2,1066,171.4,20.2,3.76,24,19,11.9,15.3,60.3,fastened,1,NONE,sunny,clay,night
584,EXC001,OP007,2024-01-13 03:30:00,1637.6,717,257.7,80.1,12.46,32,88,11.5,2.4,55.1,fastened,0,NONE,windy,sand,day
585,EXC003,OP004,2024-01-13 04:00:00,130.8,951,257.7,57.7,12.24,76,70,9.4,17.6,42.7,fastened,0,NONE,sunny,loam,day
586,EXC005,OP006,2024-01-13 04:30:00,3617.5,734,309.1,40.9,12.88,14,34,17.4,13.8,104.8,fastened,0,NONE,cloudy,clay,day
587,EXC004,OP004,2024-01-13 05:00:00,2741.4,1972,225.1,18.8,5.23,59,108,8.5,2.2,104.10029636560293,fastened,0,NONE,windy,sand,day
588,EXC001,OP004,2024-01-13 05:30:00,1411.3,1661,164.8,99.8,8.16,49,79,14.1,6.3,35.2,fastened,0,NONE,rainy,sand,day
589,EXC005,OP010,2024-01-13 06:00:00,3663.6,1532,207.7,63.7,11.71,88,28,11.8,3.0,72.4,fastened,1,NONE,windy,rock,day
590,EXC005,OP004,2024-01-13 06:30:00,3278.7,2057,235.0,46.7,2.49,44,82,9.3,17.5,41.1,fastened,0,NONE,windy,loam,night
591,EXC005,OP001,2024-01-13 07:00:00,6164.5,2368,193.9,40.3,11.0,46,55,0.8,11.7,83.7,fastened,0,NONE,windy,loam,day
592,EXC005,OP004,2024-01-13 07:30:00,7155.7,1325,274.0,91.0,1.91,76,94,11.8,0.1,66.3,unfastened,0,NONE,rainy,rock,night
593,EXC002,OP006,2024-01-13 08:00:00,5255.3,972,228.6,83.0,13.74,89,64,11.6,11.9,38.3,fastened,0,NONE,windy,clay,night
594,EXC005,OP001,2024-01-13 08:30:00,1082.8,1400,102.1,82.1,9.74,65,119,2.2,10.6,71.8,fastened,0,NONE,sunny,loam,night
595,EXC002,OP004,2024-01-13 09:00:00,2433.6,914,225.4,63.5,7.65,62,112,14.3,14.1,98.3,fastened,0,P0100,sunny,clay,night
596,EXC005,OP002,2024-01-13 09:30:00,7315.2,1660,239.4,89.4,7.53,78,14,8.4,0.8,55.6,fastened,0,NONE,sunny,sand,day
597,EXC003,OP006,2024-01-13 10:00:00,801.0,2395,301.4,33.4,3.13,88,55,5.8,0.8,33.8,fastened,0,NONE,sunny,loam,day
598,EXC004,OP008,2024-01-13 10:30:00,3314.2,1559,191.0,71.9,5.52,66,32,14.8,7.7,100.9,fastened,0,NONE,sunny,clay,day
599,EXC004,OP010,2024-01-13 11:00:00,7545.8,1138,226.4,43.4,11.04,26,59,6.2,15.1,40.6,fastened,0,P0100,windy,clay,night
600,EXC004,OP004,2024-01-13 11:30:00,7610.3,1838,204.5,62.0,8.34,57,25,11.2,14.7,65.6,fastened,1,NONE,cloudy,clay,night
601,EXC004,OP009,2024-01-13 12:00:00,3348.5,2076,217.0,99.8,8.17,21,68,11.1,6.1,70.9,fastened,0,P0562,cloudy,sand,day
602,EXC004,OP003,2024-01-13 12:30:00,5372.4,1449,114.8,98.5,3.33,45,26,1.0,4.8,47.8,unfastened,0,NONE,rainy,sand,day
603,EXC004,OP008,2024-01-13 13:00:00,3708.3,1050,297.4,53.7,10.51,40,78,7.6,15.0,43.3,unfastened,1,NONE,cloudy,sand,night
604,EXC001,OP006,2024-01-13 13:30:00,6052.3,1884,300.3,59.5,6.18,88,59,4.0,0.6,38.5,fastened,0,NONE,rainy,clay,night
605,EXC005,OP008,2024-01-13 14:00:00,349.5,937,220.6,90.2,3.15,49,119,3.6,12.2,35.2,fastened,0,NONE,sunny,clay,night
606,EXC003,OP008,2024-01-13 14:30:00,1238.8,2395,222.4,98.6,14.18,86,106,11.8,9.3,68.1,fastened,0,NONE,rainy,clay,night
607,EXC002,OP006,2024-01-13 15:00:00,4952.2,1172,112.7,79.0,7.85,72,76,0.2,5.3,93.2,unfastened,0,NONE,windy,clay,day
608,EXC003,OP003,2024-01-13 15:30:00,1937.2,1230,231.5,11.2,8.16,76,59,17.4,11.4,39.5,unfastened,1,NONE,sunny,rock,day
609,EXC005,OP006,2024-01-13 16:00:00,5361.8,1908,194.4,35.7,14.73,15,88,7.1,4.8,82.5,fastened,0,NONE,sunny,clay,night
610,EXC005,OP009,2024-01-13 16:30:00,2874.7,621,256.0,90.2,5.81,69,83,5.4,12.4,60.9,fastened,0,NONE,sunny,clay,day
611,EXC005,OP010,2024-01-13 17:00:00,7104.5,742,110.4,78.0,14.17,62,25,16.6,3.3,32.6,fastened,0,P0217,rainy,rock,night
612,EXC003,OP010,2024-01-13 17:30:00,6572.1,826,256.4,75.5,10.58,51,51,8.8,8.9,70.2,fastened,0,NONE,windy,rock,night
613,EXC004,OP002,2024-01-13 18:00:00,3993.4,1303,163.1,68.5,9.68,43,119,11.1,11.2,48.9,fastened,0,P0217,windy,loam,night
614,EXC002,OP006,2024-01-13 18:30:00,6205.9,1596,243.4,44.5,3.9,23,45,12.5,0.7,75.4,fastened,0,P0100,windy,rock,night
615,EXC004,OP002,2024-01-13 19:00:00,2242.0,923,238.0,43.3,1.25,88,11,15.7,13.4,56.2,fastened,0,P0100,rainy,loam,night
616,EXC004,OP007,2024-01-13 19:30:00,4004.7,1219,149.9,81.8,6.85,78,101,2.3,16.5,80.0,fastened,0,NONE,rainy,rock,day
617,EXC002,OP010,2024-01-13 20:00:00,1660.1,1989,196.9,32.9,0.65,51,112,1.5,21.0,98.9,unfastened,0,NONE,cloudy,rock,night
618,EXC002,OP001,2024-01-13 20:30:00,6901.0,2291,283.8,70.1,1.53,0,82,17.9,4.5,48.3,fastened,0,P0217,rainy,sand,day
619,EXC001,OP007,2024-01-13 21:00:00,6602.2,625,233.2,74.0,9.13,16,79,0.2,4.6,100.5,fastened,0,NONE,sunny,clay,night
620,EXC001,OP010,2024-01-13 21:30:00,7227.0,1729,304.8863125589997,85.2,11.0,20,48,12.7,6.7,45.3,fastened,0,NONE,windy,rock,day
621,EXC003,OP009,2024-01-13 22:00:00,7032.1,646,197.4,35.4,2.94,87,49,11.0,19.6,35.3,fastened,0,NONE,sunny,loam,day
622,EXC003,OP004,2024-01-13 22:30:00,7680.8,1536,168.6,75.5,11.12,36,110,9.9,9.0,44.5,fastened,0,NONE,windy,sand,night
623,EXC001,OP002,2024-01-13 23:00:00,1903.9,2183,241.2,15.1,14.27,4,104,14.1,6.6,104.42051223642085,fastened,0,NONE,cloudy,sand,night
624,EXC003,OP010,2024-01-13 23:30:00,7461.4,2036,235.2,18.1,11.28,52,64,17.9,16.3,80.8,fastened,1,NONE,rainy,clay,day
625,EXC004,OP010,2024-01-14 00:00:00,4612.6,1018,102.3,44.6,11.88,85,44,0.8,0.8,102.8,fastened,1,NONE,sunny,rock,day
626,EXC002,OP006,2024-01-14 00:30:00,3437.7,2359,233.7,10.2,10.66,50,30,11.1,12.1,83.2,fastened,0,P0217,cloudy,sand,night
627,EXC002,OP010,2024-01-14 01:00:00,4527.0,2010,261.7,95.0,3.76,39,11,12.9,9.9,60.9,fastened,0,NONE,windy,clay,day
628,EXC002,OP001,2024-01-14 01:30:00,2806.6,2075,269.1,90.7,5.73,15,63,5.5,13.7,96.9,unfastened,1,NONE,sunny,clay,night
629,EXC003,OP007,2024-01-14 02:00:00,2379.6,1105,113.0,9.6,14.26,79,70,16.1,16.1,101.9,fastened,0,NONE,sunny,sand,night
630,EXC002,OP001,2024-01-14 02:30:00,2006.4,2244,166.8,84.6,10.09,9,84,8.2,7.1,89.4,fastened,0,NONE,rainy,sand,night
631,EXC004,OP010,2024-01-14 03:00:00,751.2,2273,192.7,53.3,11.94,84,98,3.0,14.0,109.13463555213852,fastened,0,NONE,windy,sand,night
632,EXC002,OP007,2024-01-14 03:30:00,4022.9,1715,139.5,71.7,14.55,20,50,15.4,11.5,91.9,unfastened,0,NONE,cloudy,rock,day
633,EXC003,OP010,2024-01-14 04:00:00,7113.3,1398,192.6,89.3,3.86,12,28,17.0,2.9,43.4,fastened,0,P0562,sunny,rock,night
634,EXC002,OP006,2024-01-14 04:30:00,5078.2,2282,115.6,59.8,5.16,31,102,1.8,19.4,97.5,fastened,0,NONE,sunny,loam,day
635,EXC001,OP001,2024-01-14 05:00:00,4215.7,2395,124.9,16.1,9.85,0,93,13.5,16.6,105.0,fastened,0,NONE,windy,sand,day
636,EXC004,OP001,2024-01-14 05:30:00,3485.9,2018,247.1,5.2,0.85,1,68,3.9,20.3,79.9,fastened,0,NONE,sunny,clay,night
637,EXC002,OP004,2024-01-14 06:00:00,3768.8,636,157.8,52.2,8.78,16,14,0.1,15.8,44.7,fastened,0,NONE,rainy,rock,day
638,EXC002,OP008,2024-01-14 06:30:00,1753.3,2136,256.5,95.2,12.23,62,61,4.7,5.4,103.53340073197657,fastened,0,NONE,windy,clay,night
639,EXC004,OP002,2024-01-14 07:00:00,6601.2,1959,110.6,59.4,9.35,73,78,15.4,9.5,102.0,fastened,1,NONE,cloudy,loam,night
640,EXC005,OP009,2024-01-14 07:30:00,1667.2,1314,223.8,40.4,4.78,22,104,2.5,8.5,95.4,fastened,0,P0100,sunny,clay,day
641,EXC004,OP003,2024-01-14 08:00:00,5761.3,1661,186.1,7.9,11.0,58,65,2.4,0.8,86.2,fastened,0,NONE,windy,loam,night
642,EXC005,OP005,2024-01-14 08:30:00,6103.9,2083,275.3,91.9,2.62,31,60,13.3,9.0,101.2,fastened,0,P0562,windy,loam,night
643,EXC005,OP003,2024-01-14 09:00:00,4641.5,2231,272.5,36.1,13.47,38,51,7.3,7.6,67.8,fastened,0,P0562,rainy,rock,night
644,EXC003,OP005,2024-01-14 09:30:00,6917.1,1591,182.6,72.0,1.96,30,55,2.7,0.1,96.6,fastened,0,NONE,windy,sand,night
645,EXC004,OP005,2024-01-14 10:00:00,2399.3,674,237.0,71.0,13.02,80,11,4.1,18.6,42.2,fastened,0,NONE,windy,sand,day
646,EXC002,OP001,2024-01-14 10:30:00,7064.8,1713,150.1,29.1,7.72,46,21,14.3,3.2,43.7,fastened,0,NONE,rainy,sand,night
647,EXC003,OP006,2024-01-14 11:00:00,5862.3,1824,227.7,11.1,6.72,45,93,11.2,11.0,68.4,fastened,0,NONE,cloudy,sand,night
648,EXC003,OP008,2024-01-14 11:30:00,6410.1,706,117.9,41.6,7.76,77,49,13.7,17.3,54.9,fastened,0,P0562,sunny,clay,night
649,EXC005,OP010,2024-01-14 12:00:00,5350.2,809,195.6,35.1,3.4,80,103,1.8,13.3,62.4,fastened,0,NONE,rainy,clay,night
650,EXC005,OP004,2024-01-14 12:30:00,6786.1,962,140.2,71.5,7.14,13,53,8.2,3.7,89.9,fastened,1,NONE,windy,loam,night
651,EXC003,OP009,2024-01-14 13:00:00,7945.5,2202,294.3,82.9,12.82,16,119,14.3,13.6,34.0,fastened,0,NONE,rainy,clay,night
652,EXC004,OP009,2024-01-14 13:30:00,3419.3,1591,197.9,26.1,12.11,30,29,4.8,16.7,84.1,fastened,0,NONE,rainy,sand,night
653,EXC002,OP010,2024-01-14 14:00:00,6529.9,1179,230.0,55.2,2.86,8,30,3.0,18.8,36.6,fastened,0,P0100,rainy,loam,night
654,EXC005,OP004,2024-01-14 14:30:00,5982.2,705,179.3,8.9,10.26,62,74,6.9,7.0,93.6,unfastened,0,NONE,cloudy,clay,day
655,EXC003,OP009,2024-01-14 15:00:00,3677.7,632,163.5,25.4,12.92,44,98,6.0,0.7,45.1,fastened,0,NONE,sunny,loam,night
656,EXC003,OP006,2024-01-14 15:30:00,7422.9,1934,144.6,77.4,12.39,3,25,3.3,13.4,85.1,fastened,0,NONE,rainy,sand,night
657,EXC004,OP001,2024-01-14 16:00:00,3216.0,1278,300.6,80.4,6.67,36,65,17.2,5.0,74.4,fastened,0,NONE,windy,sand,day
658,EXC004,OP003,2024-01-14 16:30:00,4567.2,2112,293.851308634026,78.8,1.2,74,34,8.7,17.2,58.9,fastened,0,NONE,sunny,rock,night
659,EXC001,OP007,2024-01-14 17:00:00,936.9,1014,129.3,18.5,14.0,81,91,10.9,15.0,50.1,fastened,0,NONE,sunny,loam,night
660,EXC002,OP002,2024-01-14 17:30:00,1883.6,2256,309.49574995727477,57.3,6.24,86,71,2.2,17.0,34.3,fastened,0,NONE,rainy,sand,night
661,EXC001,OP005,2024-01-14 18:00:00,6741.5,2294,192.1,45.2,5.73,83,81,11.0,21.3,56.5,fastened,0,P0562,cloudy,clay,day
662,EXC004,OP008,2024-01-14 18:30:00,3232.8,783,103.4,99.2,11.51,54,39,10.0,12.9,45.0,unfastened,1,NONE,windy,loam,day
663,EXC001,OP002,2024-01-14 19:00:00,3213.3,1764,216.2,67.1,4.33,83,41,16.8,19.9,40.2,fastened,0,NONE,cloudy,clay,night
664,EXC002,OP005,2024-01-14 19:30:00,2043.3,2280,128.6,93.8,12.6,86,80,7.4,14.1,85.4,fastened,0,NONE,rainy,loam,night
665,EXC003,OP003,2024-01-14 20:00:00,3983.7,1181,146.2,18.8,1.6,57,48,14.1,4.0,45.9,fastened,0,NONE,sunny,sand,day
666,EXC004,OP006,2024-01-14 20:30:00,6466.0,721,253.1,47.8,11.24,37,85,5.5,17.6,46.7,fastened,0,NONE,windy,rock,night
667,EXC003,OP003,2024-01-14 21:00:00,7171.8,2175,298.2404136278329,78.3,14.5,86,26,10.4,15.3,55.5,unfastened,0,NONE,cloudy,loam,day
668,EXC005,OP010,2024-01-14 21:30:00,653.9,1453,296.2,39.9,14.94,37,43,16.7,21.5,64.7,fastened,0,NONE,cloudy,loam,night
669,EXC005,OP001,2024-01-14 22:00:00,4641.1,648,244.6,65.1,13.9,14,21,11.3,5.4,68.5,fastened,0,NONE,rainy,clay,night
670,EXC001,OP010,2024-01-14 22:30:00,3791.5,2112,283.1,53.6,13.13,9,19,12.8,7.3,79.8,fastened,0,NONE,windy,loam,night
671,EXC005,OP008,2024-01-14 23:00:00,4952.8,1821,235.3,99.2,4.54,51,38,15.8,18.1,74.1,fastened,0,NONE,windy,rock,day
672,EXC004,OP009,2024-01-14 23:30:00,3633.5,726,291.1,21.5,14.52,3,63,16.7,1.4,66.1,fastened,0,NONE,windy,sand,day
673,EXC004,OP009,2024-01-15 00:00:00,3249.3,1065,179.6,93.9,13.95,10,25,3.7,13.9,59.5,unfastened,0,NONE,sunny,sand,day
674,EXC001,OP002,2024-01-15 00:30:00,3827.9,632,220.8,43.1,8.25,22,20,3.5,11.8,49.9,fastened,0,P0562,sunny,loam,night
675,EXC004,OP010,2024-01-15 01:00:00,4697.8,2318,213.5,49.5,6.33,47,106,9.9,3.7,83.2,fastened,0,NONE,windy,clay,night
676,EXC004,OP006,2024-01-15 01:30:00,4057.8,855,298.8,55.2,2.08,67,66,17.9,3.6,53.8,fastened,1,NONE,windy,rock,night
677,EXC003,OP010,2024-01-15 02:00:00,3829.9,2032,136.3,30.2,9.06,46,88,8.8,17.8,93.7,fastened,0,NONE,rainy,rock,night
678,EXC001,OP009,2024-01-15 02:30:00,6560.9,1520,227.2,96.5,10.66,45,89,6.0,0.3,74.0,fastened,0,NONE,windy,rock,night
679,EXC003,OP006,2024-01-15 03:00:00,5990.6,781,266.0,91.6,6.36,88,21,9.7,16.4,77.5,fastened,0,NONE,cloudy,sand,night
680,EXC005,OP004,2024-01-15 03:30:00,2796.9,2060,181.4,97.4,6.39,19,78,1.2,16.1,68.2,fastened,0,NONE,cloudy,rock,day
681,EXC004,OP002,2024-01-15 04:00:00,6424.6,2210,290.9,99.7,8.81,42,104,3.2,14.3,99.6,fastened,0,P0217,sunny,rock,day
682,EXC001,OP002,2024-01-15 04:30:00,6843.8,829,182.1,68.6,0.9,55,59,2.7,9.0,61.6,unfastened,0,NONE,windy,loam,night
683,EXC005,OP004,2024-01-15 05:00:00,1312.6,632,304.73527297202895,47.9,14.39,24,104,0.5,0.6,62.0,fastened,0,NONE,rainy,loam,day
684,EXC005,OP009,2024-01-15 05:30:00,4703.2,824,228.5,85.8,4.7,16,114,13.0,17.6,97.0,fastened,1,NONE,sunny,loam,night
685,EXC001,OP006,2024-01-15 06:00:00,2354.0,1828,192.5,7.3,2.54,4,70,5.9,2.8,75.4,fastened,0,NONE,windy,clay,night
686,EXC005,OP005,2024-01-15 06:30:00,5939.5,1623,103.3,84.3,0.58,29,21,3.0,6.2,63.7,fastened,1,NONE,sunny,sand,day
687,EXC003,OP003,2024-01-15 07:00:00,1986.4,750,115.4,52.2,12.92,22,77,9.2,20.8,49.7,fastened,0,P0562,windy,loam,night
688,EXC003,OP006,2024-01-15 07:30:00,5404.1,1021,143.0,69.0,13.02,17,106,5.8,6.6,48.4,fastened,0,NONE,sunny,rock,night
689,EXC003,OP007,2024-01-15 08:00:00,2115.5,1567,269.3,40.5,1.88,24,73,7.1,5.6,90.1,fastened,1,P0217,windy,sand,night
690,EXC004,OP010,2024-01-15 08:30:00,4138.0,623,296.2,40.0,2.71,82,98,5.7,21.4,51.0,fastened,0,NONE,cloudy,rock,night
691,EXC005,OP008,2024-01-15 09:00:00,7594.3,2375,220.0,8.0,6.99,74,68,0.1,1.9,30.4,fastened,0,NONE,sunny,sand,day
692,EXC004,OP007,2024-01-15 09:30:00,3112.3,2309,123.2,45.3,3.19,46,56,12.4,3.5,31.5,unfastened,0,NONE,sunny,loam,night
693,EXC005,OP010,2024-01-15 10:00:00,7018.3,2386,217.6,43.8,11.17,5,114,2.0,9.6,103.4,fastened,0,NONE,rainy,rock,night
694,EXC005,OP005,2024-01-15 10:30:00,7896.9,2233,288.2,26.4,1.34,66,26,3.9,17.3,72.0,fastened,1,NONE,sunny,sand,night
695,EXC001,OP010,2024-01-15 11:00:00,7011.3,1417,264.9,28.5,8.47,13,59,3.4,19.5,66.7,fastened,0,NONE,cloudy,rock,night
696,EXC002,OP004,2024-01-15 11:30:00,1410.3,835,164.0,60.5,6.05,64,27,6.0,16.6,98.8,fastened,0,NONE,windy,clay,day
697,EXC004,OP002,2024-01-15 12:00:00,6575.3,1910,127.3,35.2,7.24,51,82,2.9,21.5,56.4,fastened,0,NONE,windy,loam,night
698,EXC003,OP005,2024-01-15 12:30:00,354.0,1535,298.1,83.9,6.66,38,111,6.2,0.4,89.6,fastened,0,NONE,cloudy,clay,night
699,EXC001,OP002,2024-01-15 13:00:00,3207.1,1398,287.9,15.6,2.72,28,119,4.4,13.6,84.1,fastened,0,NONE,rainy,clay,night
700,EXC001,OP002,2024-01-15 13:30:00,6978.8,2098,111.8,59.9,3.69,87,35,1.1,2.6,65.8,fastened,0,NONE,windy,clay,night
701,EXC003,OP009,2024-01-15 14:00:00,5541.1,1602,281.2,20.2,1.44,8,90,15.7,20.0,88.1,fastened,0,NONE,rainy,clay,night
702,EXC004,OP008,2024-01-15 14:30:00,4308.6,929,121.4,55.2,2.17,4,106,5.5,20.6,102.4,fastened,0,NONE,sunny,clay,night
703,EXC001,OP003,2024-01-15 15:00:00,3164.1,2399,113.9,57.5,14.68,52,101,1.7,6.7,106.0718392584992,fastened,0,NONE,windy,clay,day
704,EXC001,OP009,2024-01-15 15:30:00,6517.1,723,266.9,66.0,4.56,37,65,9.4,18.2,31.3,fastened,0,NONE,sunny,sand,day
705,EXC001,OP001,2024-01-15 16:00:00,5705.5,1851,218.0,45.6,4.95,72,29,2.2,13.9,91.6,fastened,0,NONE,rainy,loam,night
706,EXC003,OP003,2024-01-15 16:30:00,3800.4,1780,191.2,53.4,2.34,3,60,13.9,2.2,60.3,fastened,0,NONE,windy,clay,day
707,EXC001,OP008,2024-01-15 17:00:00,7150.6,1655,298.8,22.2,11.45,37,95,1.1,13.3,70.8,fastened,0,NONE,rainy,rock,day
708,EXC003,OP004,2024-01-15 17:30:00,1916.6,693,284.6,49.0,13.9,13,78,8.4,21.5,46.7,fastened,1,NONE,cloudy,loam,day
709,EXC003,OP008,2024-01-15 18:00:00,1446.1,649,112.7,40.4,11.95,89,52,17.0,6.8,93.1,fastened,0,P0100,cloudy,loam,night
710,EXC003,OP009,2024-01-15 18:30:00,5178.1,2206,235.5,68.3,9.38,41,33,2.9,0.0,84.1,fastened,0,NONE,cloudy,sand,night
711,EXC004,OP001,2024-01-15 19:00:00,7778.8,1031,269.9,46.3,12.29,66,81,3.6,21.5,101.5,fastened,0,NONE,rainy,clay,day
712,EXC003,OP001,2024-01-15 19:30:00,2053.3,894,221.1,79.0,6.36,71,57,10.8,9.1,65.6,fastened,0,NONE,windy,sand,night
713,EXC004,OP010,2024-01-15 20:00:00,2072.4,2145,316.3,45.5,12.96,75,61,17.6,9.5,103.2,fastened,0,NONE,windy,rock,night
714,EXC004,OP006,2024-01-15 20:30:00,1202.0,2313,250.9,27.4,12.08,46,113,6.9,15.7,68.3,fastened,0,P0217,cloudy,loam,night
715,EXC005,OP006,2024-01-15 21:00:00,6898.5,1529,122.9,31.0,0.53,43,11,11.7,13.3,76.6,fastened,0,NONE,sunny,clay,night
716,EXC004,OP005,2024-01-15 21:30:00,1888.5,1164,143.6,9.3,7.57,83,36,2.7,6.6,80.6,fastened,0,NONE,cloudy,sand,night
717,EXC003,OP005,2024-01-15 22:00:00,4075.1,1859,281.8,56.3,4.34,29,111,11.5,2.2,66.7,fastened,0,NONE,windy,rock,day
718,EXC003,OP007,2024-01-15 22:30:00,7927.9,1475,319.3,83.9,1.75,18,111,4.5,18.2,72.2,unfastened,0,P0217,rainy,rock,day
719,EXC002,OP006,2024-01-15 23:00:00,195.9,1728,121.6,78.1,12.77,70,43,11.0,10.6,46.7,unfastened,0,NONE,cloudy,sand,day
720,EXC003,OP002,2024-01-15 23:30:00,4496.2,1935,294.7218244283996,46.6,0.62,9,119,1.6,14.8,57.2,fastened,0,NONE,sunny,loam,day
721,EXC001,OP007,2024-01-16 00:00:00,4147.1,1878,267.9,23.6,11.09,78,33,9.4,18.9,82.6,fastened,1,NONE,cloudy,loam,night
722,EXC005,OP007,2024-01-16 00:30:00,6478.8,1037,114.2,87.0,14.83,74,15,4.3,0.4,32.9,fastened,0,P0562,rainy,sand,night
723,EXC005,OP002,2024-01-16 01:00:00,2906.7,1960,305.8612467437241,10.4,7.49,87,43,12.3,18.9,82.5,fastened,0,NONE,rainy,rock,night
724,EXC001,OP004,2024-01-16 01:30:00,3341.7,1575,295.5,42.9,5.88,41,68,13.5,16.5,52.8,fastened,1,NONE,cloudy,sand,day
725,EXC004,OP008,2024-01-16 02:00:00,1426.7,2344,276.1,86.4,9.28,55,10,15.3,20.8,50.4,fastened,0,P0562,cloudy,rock,night
726,EXC001,OP007,2024-01-16 02:30:00,5952.4,736,314.10878952048404,42.4,12.17,79,28,17.9,5.1,82.0,fastened,0,NONE,sunny,sand,night
727,EXC004,OP002,2024-01-16 03:00:00,6299.2,2237,243.1,16.2,3.98,11,96,8.3,7.1,46.1,fastened,0,NONE,windy,sand,day
728,EXC001,OP001,2024-01-16 03:30:00,1179.6,730,171.0,30.3,4.14,74,78,12.1,14.6,102.1,fastened,1,NONE,cloudy,sand,night
729,EXC003,OP006,2024-01-16 04:00:00,3208.3,2390,299.4,62.0,9.3,42,76,0.3,20.4,104.3,fastened,0,NONE,windy,clay,day
730,EXC004,OP005,2024-01-16 04:30:00,7153.9,1940,165.7,19.4,14.13,56,118,16.3,21.8,64.4,fastened,0,NONE,cloudy,rock,day
731,EXC004,OP010,2024-01-16 05:00:00,121.4,871,160.6,67.2,4.83,80,35,11.1,9.2,60.1,fastened,0,NONE,rainy,loam,day
732,EXC003,OP006,2024-01-16 05:30:00,2460.2,812,295.0,46.6,5.96,83,108,7.6,11.9,35.9,fastened,0,NONE,rainy,sand,night
733,EXC005,OP010,2024-01-16 06:00:00,4484.8,733,249.8,36.8,14.9,67,49,7.8,3.8,88.4,fastened,1,NONE,cloudy,loam,day
734,EXC004,OP003,2024-01-16 06:30:00,2739.3,1455,297.0,27.9,3.06,15,111,13.6,15.3,42.2,unfastened,0,NONE,windy,sand,night
735,EXC002,OP005,2024-01-16 07:00:00,2249.2,2004,134.3,83.2,1.62,17,96,15.0,18.4,100.0,fastened,1,NONE,cloudy,clay,day
736,EXC004,OP002,2024-01-16 07:30:00,3734.3,1659,309.5,42.7,9.05,72,33,14.5,17.6,104.3,fastened,0,NONE,windy,sand,night
737,EXC004,OP006,2024-01-16 08:00:00,1534.0,1390,234.8,75.2,0.85,41,33,9.2,7.6,39.2,fastened,0,P0562,windy,sand,day
738,EXC002,OP002,2024-01-16 08:30:00,4284.0,863,247.0,46.8,3.12,56,69,6.7,21.2,81.2,unfastened,0,NONE,cloudy,clay,night
739,EXC004,OP005,2024-01-16 09:00:00,5682.9,1888,301.1,13.7,9.52,50,65,17.0,2.6,64.9,fastened,0,NONE,sunny,sand,night
740,EXC005,OP004,2024-01-16 09:30:00,4644.8,1377,183.8,46.8,10.06,73,35,11.4,10.9,70.6,fastened,1,NONE,windy,clay,night
741,EXC005,OP002,2024-01-16 10:00:00,835.6,665,295.412720035292,53.2,7.9,19,38,9.8,12.2,43.5,fastened,0,P0100,windy,loam,day
742,EXC004,OP001,2024-01-16 10:30:00,6770.8,1111,240.9,48.5,6.06,15,108,10.8,11.8,84.3,fastened,0,P0100,windy,rock,night
743,EXC004,OP006,2024-01-16 11:00:00,1482.3,2183,273.3,82.5,8.85,66,92,11.3,16.7,104.6590591052349,fastened,0,NONE,windy,sand,day
744,EXC002,OP010,2024-01-16 11:30:00,6142.0,813,297.3,91.5,9.83,39,31,12.8,13.4,102.67450610848685,fastened,0,NONE,sunny,clay,day
745,EXC004,OP002,2024-01-16 12:00:00,2948.5,1331,249.6,79.7,12.15,73,89,10.0,1.7,64.0,fastened,0,NONE,windy,rock,night
746,EXC002,OP005,2024-01-16 12:30:00,6283.8,1521,114.9,60.4,11.99,11,26,15.8,4.0,77.6,fastened,1,NONE,sunny,rock,night
747,EXC003,OP003,2024-01-16 13:00:00,1729.6,750,140.3,56.4,10.14,24,58,15.5,11.7,99.1,fastened,0,NONE,sunny,sand,day
748,EXC002,OP009,2024-01-16 13:30:00,1574.6,881,309.9,66.2,13.47,71,11,8.0,15.3,100.97204564464583,fastened,0,NONE,sunny,loam,night
749,EXC002,OP005,2024-01-16 14:00:00,4026.5,2292,313.1,32.3,12.65,75,81,3.0,11.3,70.6,fastened,0,NONE,sunny,clay,night
750,EXC001,OP010,2024-01-16 14:30:00,360.2,1662,312.8,82.1,2.43,5,30,10.4,7.8,60.2,fastened,0,NONE,sunny,loam,night
751,EXC005,OP003,2024-01-16 15:00:00,1879.8,978,290.56483658618333,86.4,14.37,73,35,11.2,1.1,64.7,fastened,1,P0562,sunny,sand,day
752,EXC001,OP001,2024-01-16 15:30:00,5819.7,699,184.1,30.4,13.43,88,30,9.4,17.3,55.6,fastened,0,NONE,cloudy,sand,day
753,EXC001,OP006,2024-01-16 16:00:00,6715.3,1366,267.1,90.8,5.15,10,30,16.0,10.9,101.0,fastened,1,P0217,cloudy,sand,day
754,EXC005,OP007,2024-01-16 16:30:00,738.2,862,265.6,85.6,0.79,71,18,1.7,11.9,49.0,unfastened,0,NONE,cloudy,sand,day
755,EXC003,OP010,2024-01-16 17:00:00,7068.4,1914,297.8225301295389,45.3,9.26,11,70,5.2,10.3,60.7,fastened,0,NONE,sunny,clay,day
756,EXC003,OP009,2024-01-16 17:30:00,6400.4,951,234.1,91.4,6.86,27,105,15.6,5.8,88.4,fastened,1,P0100,windy,rock,night
757,EXC004,OP009,2024-01-16 18:00:00,6970.5,1906,131.4,16.4,11.37,12,43,16.9,6.1,57.3,fastened,1,NONE,cloudy,sand,day
758,EXC002,OP007,2024-01-16 18:30:00,5617.6,2213,208.5,7.7,8.11,53,95,7.7,1.4,96.5,fastened,0,NONE,cloudy,rock,night
759,EXC001,OP004,2024-01-16 19:00:00,5425.8,659,152.7,38.0,1.61,84,69,3.5,15.6,48.2,fastened,0,NONE,sunny,rock,day
760,EXC004,OP005,2024-01-16 19:30:00,4248.2,647,111.7,58.7,4.05,25,37,7.6,6.0,32.4,fastened,0,P0100,sunny,loam,night
761,EXC001,OP002,2024-01-16 20:00:00,5257.0,2326,117.6,38.4,13.3,29,16,8.2,6.6,77.2,fastened,0,NONE,sunny,clay,night
762,EXC003,OP005,2024-01-16 20:30:00,7361.0,1539,300.4,94.5,1.05,58,96,9.4,21.9,68.1,fastened,1,NONE,windy,sand,day
763,EXC005,OP004,2024-01-16 21:00:00,894.1,1997,293.1567717522309,29.2,11.18,44,12,4.9,8.5,100.0,fastened,0,NONE,sunny,rock,day
764,EXC005,OP001,2024-01-16 21:30:00,2594.5,1176,305.0,31.7,4.73,17,56,5.6,11.2,61.7,fastened,0,NONE,rainy,clay,night
765,EXC002,OP003,2024-01-16 22:00:00,672.4,1138,203.4,65.3,7.06,41,13,11.8,8.5,40.2,fastened,0,NONE,rainy,rock,day
766,EXC004,OP006,2024-01-16 22:30:00,7564.0,1005,190.9,5.4,8.2,41,95,11.2,6.4,54.7,unfastened,0,P0100,sunny,sand,night
767,EXC004,OP004,2024-01-16 23:00:00,3617.6,990,178.8,74.1,4.13,31,118,11.9,0.1,59.5,fastened,0,NONE,cloudy,loam,night
768,EXC003,OP010,2024-01-16 23:30:00,5435.2,1448,235.6,40.9,9.95,48,45,6.8,18.8,101.05546992858471,fastened,0,NONE,sunny,loam,night
769,EXC001,OP005,2024-01-17 00:00:00,6744.8,790,177.3,97.9,10.55,29,44,6.1,10.4,50.6,fastened,1,NONE,sunny,loam,night
770,EXC002,OP010,2024-01-17 00:30:00,7928.9,2115,264.2,70.7,1.73,30,72,6.3,15.8,71.3,fastened,0,P0217,rainy,rock,night
771,EXC004,OP007,2024-01-17 01:00:00,1378.1,1520,276.3,10.0,5.92,70,65,17.1,21.1,98.1,fastened,1,NONE,rainy,rock,night
772,EXC005,OP001,2024-01-17 01:30:00,6416.1,2247,292.7,13.8,11.29,22,51,7.1,0.1,61.8,fastened,0,NONE,cloudy,loam,day
773,EXC001,OP003,2024-01-17 02:00:00,7110.6,1503,153.4,13.4,10.96,29,50,10.9,14.9,78.9,fastened,0,NONE,sunny,loam,night
774,EXC004,OP008,2024-01-17 02:30:00,486.1,1145,215.9,95.5,8.4,12,30,9.4,2.6,47.2,fastened,0,NONE,rainy,rock,night
775,EXC005,OP006,2024-01-17 03:00:00,6057.3,1526,149.2,70.0,11.78,62,37,15.8,10.1,90.1,fastened,0,NONE,windy,loam,day
776,EXC005,OP004,2024-01-17 03:30:00,2902.3,877,108.3,45.6,2.06,63,74,6.6,18.6,50.2,fastened,0,NONE,windy,loam,day
777,EXC003,OP006,2024-01-17 04:00:00,5223.9,2083,255.7,24.0,2.21,61,90,7.8,1.6,73.5,fastened,0,NONE,sunny,clay,day
778,EXC001,OP010,2024-01-17 04:30:00,4161.0,1896,220.8,88.0,10.03,15,92,15.2,21.8,52.5,fastened,0,NONE,rainy,rock,night
779,EXC002,OP004,2024-01-17 05:00:00,2152.0,864,259.3,24.1,10.55,40,66,2.9,12.8,35.1,fastened,0,NONE,sunny,sand,day
780,EXC005,OP001,2024-01-17 05:30:00,1168.2,1647,119.3,72.1,12.31,26,92,10.7,8.7,54.0,fastened,0,NONE,windy,loam,day
781,EXC005,OP004,2024-01-17 06:00:00,1023.9,1568,312.9259814519947,77.5,3.13,68,75,7.2,0.4,45.9,fastened,0,NONE,cloudy,rock,day
782,EXC004,OP010,2024-01-17 06:30:00,916.3,961,318.8,33.0,7.99,30,49,17.7,12.9,97.0,fastened,0,NONE,rainy,loam,night
783,EXC001,OP008,2024-01-17 07:00:00,5138.5,819,202.3,53.0,10.08,37,48,13.0,10.9,50.0,fastened,0,NONE,rainy,sand,day
784,EXC001,OP009,2024-01-17 07:30:00,2876.1,1968,290.5,26.2,3.74,40,67,0.2,4.7,103.1,fastened,0,P0562,rainy,loam,day
785,EXC003,OP010,2024-01-17 08:00:00,1811.4,1075,153.6,41.0,8.0,68,43,15.1,10.8,66.9,fastened,0,NONE,windy,clay,night
786,EXC003,OP002,2024-01-17 08:30:00,5565.9,1534,262.3,96.7,9.76,63,94,12.7,0.3,46.6,fastened,0,NONE,sunny,loam,day
787,EXC001,OP003,2024-01-17 09:00:00,5526.1,1045,293.4,70.8,3.61,73,30,10.1,22.0,59.4,fastened,0,NONE,windy,clay,day
788,EXC004,OP001,2024-01-17 09:30:00,4359.4,1776,279.2,85.4,5.95,38,15,4.3,7.3,43.8,unfastened,0,P0562,cloudy,rock,night
789,EXC003,OP001,2024-01-17 10:00:00,7486.2,688,278.6,56.4,3.64,73,64,2.7,10.6,92.5,fastened,0,NONE,sunny,rock,day
790,EXC001,OP009,2024-01-17 10:30:00,3144.8,1246,201.9,27.7,13.59,78,17,11.3,17.3,39.0,fastened,1,NONE,cloudy,rock,day
791,EXC001,OP010,2024-01-17 11:00:00,6703.3,1584,280.4,72.7,3.93,47,31,7.9,15.7,95.5,fastened,0,P0100,sunny,clay,night
792,EXC003,OP002,2024-01-17 11:30:00,693.6,1390,252.0,52.6,2.25,61,51,15.5,19.5,33.4,fastened,0,NONE,rainy,rock,day
793,EXC004,OP008,2024-01-17 12:00:00,5944.7,1702,129.1,21.8,1.01,81,10,4.7,20.7,52.5,unfastened,0,NONE,cloudy,rock,day
794,EXC005,OP006,2024-01-17 12:30:00,7908.7,924,125.1,44.2,1.15,75,34,11.5,4.2,40.5,fastened,1,NONE,cloudy,loam,night
795,EXC003,OP001,2024-01-17 13:00:00,6788.1,1395,269.8,65.3,3.28,24,69,4.5,8.6,81.4,fastened,0,NONE,cloudy,sand,night
796,EXC002,OP010,2024-01-17 13:30:00,4679.4,1961,237.6,74.9,9.32,64,51,11.5,15.1,68.4,fastened,0,NONE,rainy,loam,day
797,EXC005,OP009,2024-01-17 14:00:00,5051.5,1200,214.3,28.1,0.76,40,108,0.9,1.0,100.5,fastened,0,NONE,windy,rock,night
798,EXC003,OP006,2024-01-17 14:30:00,2891.0,882,299.6,88.2,4.66,13,20,7.1,15.8,57.5,fastened,0,NONE,cloudy,loam,night
799,EXC002,OP008,2024-01-17 15:00:00,5467.9,2125,245.1,41.1,1.34,33,89,3.1,0.1,33.1,fastened,0,NONE,sunny,loam,night
800,EXC003,OP004,2024-01-17 15:30:00,6186.1,2000,187.2,30.8,6.35,88,75,10.9,20.1,87.1,fastened,0,NONE,rainy,sand,night
801,EXC001,OP008,2024-01-17 16:00:00,7986.0,1824,311.71431385470856,23.5,1.2,86,80,5.7,15.8,73.5,fastened,0,NONE,windy,sand,night
802,EXC002,OP005,2024-01-17 16:30:00,3990.5,2036,233.2,81.4,9.31,70,83,13.9,12.4,92.1,fastened,0,NONE,cloudy,loam,day
803,EXC003,OP010,2024-01-17 17:00:00,584.3,2001,267.3,38.6,10.48,89,15,2.1,9.4,62.0,fastened,0,NONE,sunny,loam,night
804,EXC005,OP001,2024-01-17 17:30:00,4807.3,1943,224.2,50.9,11.1,51,97,10.0,21.7,85.4,fastened,0,NONE,windy,loam,day
805,EXC004,OP002,2024-01-17 18:00:00,1040.3,1516,211.9,26.2,3.75,68,46,10.7,16.2,42.8,fastened,0,NONE,cloudy,rock,day
806,EXC004,OP010,2024-01-17 18:30:00,2033.6,634,259.9,70.2,13.09,14,81,0.4,17.8,105.0,fastened,0,NONE,cloudy,rock,night
807,EXC003,OP003,2024-01-17 19:00:00,2697.4,1674,255.2,79.2,10.51,26,42,0.6,18.2,43.0,fastened,0,NONE,cloudy,clay,day
808,EXC001,OP004,2024-01-17 19:30:00,5875.1,1091,282.7,37.2,1.32,15,53,5.5,0.5,92.2,fastened,0,NONE,rainy,sand,night
809,EXC002,OP008,2024-01-17 20:00:00,1552.1,1991,113.8,94.8,6.89,84,87,11.0,1.2,45.9,fastened,0,NONE,sunny,clay,day
810,EXC005,OP002,2024-01-17 20:30:00,1409.4,1443,266.1,7.9,11.63,55,112,17.3,4.4,88.7,fastened,0,P0562,rainy,loam,day
811,EXC001,OP006,2024-01-17 21:00:00,455.2,2229,213.0,17.6,5.01,83,106,1.6,14.4,94.6,fastened,0,NONE,cloudy,clay,day
812,EXC005,OP003,2024-01-17 21:30:00,6998.6,1671,116.4,60.9,6.03,37,89,12.7,13.7,95.7,unfastened,0,NONE,cloudy,loam,night
813,EXC004,OP002,2024-01-17 22:00:00,5578.7,1590,249.4,71.6,9.63,36,69,12.5,7.2,65.7,fastened,0,NONE,sunny,loam,day
814,EXC002,OP010,2024-01-17 22:30:00,415.6,2254,257.6,28.8,1.3,60,68,12.1,21.4,62.2,fastened,0,NONE,windy,sand,day
815,EXC004,OP002,2024-01-17 23:00:00,323.5,848,215.2,57.6,14.52,76,116,9.3,2.0,92.5,fastened,0,NONE,cloudy,rock,night
816,EXC005,OP001,2024-01-17 23:30:00,4513.5,1276,274.6,35.2,3.03,33,32,17.4,17.1,73.5,fastened,1,NONE,windy,rock,day
817,EXC001,OP007,2024-01-18 00:00:00,2332.0,1268,166.1,57.6,0.89,28,114,9.0,10.6,76.6,fastened,0,NONE,windy,rock,day
818,EXC001,OP009,2024-01-18 00:30:00,4814.1,2175,144.4,67.6,0.58,46,81,15.1,9.2,47.7,fastened,0,NONE,windy,rock,day
819,EXC004,OP002,2024-01-18 01:00:00,3533.4,2398,177.2,97.4,6.29,6,77,4.7,0.6,63.5,fastened,0,NONE,cloudy,sand,day
820,EXC005,OP008,2024-01-18 01:30:00,7394.2,894,190.2,48.3,13.32,16,75,14.5,16.0,57.7,unfastened,1,NONE,windy,rock,night
821,EXC001,OP006,2024-01-18 02:00:00,2373.7,1486,253.1,66.6,12.39,3,99,17.9,17.0,79.9,unfastened,0,NONE,rainy,loam,night
822,EXC004,OP009,2024-01-18 02:30:00,5465.2,1268,286.0,59.9,13.72,13,85,16.4,7.0,44.7,fastened,0,NONE,cloudy,sand,day
823,EXC001,OP002,2024-01-18 03:00:00,527.0,1764,258.6,35.2,8.24,17,20,5.5,11.4,60.4,fastened,0,NONE,cloudy,sand,night
824,EXC004,OP010,2024-01-18 03:30:00,7651.3,694,138.3,29.0,7.01,6,95,15.2,13.3,93.7,fastened,0,NONE,windy,sand,day
825,EXC004,OP007,2024-01-18 04:00:00,7848.0,1885,180.6,98.8,6.09,4,90,1.7,8.1,71.0,fastened,0,P0217,cloudy,loam,day
826,EXC001,OP009,2024-01-18 04:30:00,5938.7,1936,134.9,24.7,1.17,73,110,12.2,13.5,97.2,fastened,0,NONE,windy,loam,night
827,EXC004,OP004,2024-01-18 05:00:00,3775.2,1007,251.1,80.1,13.69,16,113,6.2,9.6,47.4,unfastened,0,NONE,sunny,sand,day
828,EXC005,OP010,2024-01-18 05:30:00,1837.9,871,154.6,18.9,7.69,49,114,11.9,19.3,63.0,fastened,0,NONE,windy,loam,day
829,EXC005,OP007,2024-01-18 06:00:00,6518.9,2286,215.6,81.4,7.1,88,14,7.4,15.8,67.5,fastened,0,NONE,cloudy,loam,night
830,EXC001,OP002,2024-01-18 06:30:00,5917.2,1062,274.2,22.6,7.97,85,79,0.2,2.4,60.0,fastened,0,NONE,windy,sand,night
831,EXC002,OP010,2024-01-18 07:00:00,1853.4,2294,247.6,96.9,12.02,21,112,4.2,17.6,81.3,fastened,0,NONE,windy,loam,night
832,EXC002,OP008,2024-01-18 07:30:00,3664.6,1995,165.6,70.2,3.75,67,116,0.8,7.4,41.2,unfastened,1,NONE,rainy,loam,night
833,EXC003,OP004,2024-01-18 08:00:00,3756.1,2319,173.2,13.6,10.79,57,70,7.7,20.6,69.0,fastened,0,NONE,windy,loam,night
834,EXC001,OP006,2024-01-18 08:30:00,6628.6,1562,243.7,70.9,10.81,69,110,15.1,13.3,40.4,fastened,0,NONE,rainy,sand,day
835,EXC005,OP004,2024-01-18 09:00:00,5502.4,2289,220.9,62.3,12.82,56,106,13.3,0.6,77.2,fastened,0,NONE,windy,clay,day
836,EXC004,OP006,2024-01-18 09:30:00,5181.0,625,121.2,37.1,0.63,45,10,14.2,16.2,92.3,fastened,0,NONE,rainy,clay,day
837,EXC005,OP010,2024-01-18 10:00:00,5233.6,1121,292.3,29.8,2.97,69,107,14.5,2.9,31.5,unfastened,0,NONE,sunny,loam,day
838,EXC001,OP009,2024-01-18 10:30:00,2236.7,604,212.8,73.3,7.33,73,80,6.7,19.3,64.3,fastened,1,NONE,cloudy,rock,day
839,EXC001,OP003,2024-01-18 11:00:00,3036.5,1819,204.1,75.4,12.83,34,73,9.1,20.9,67.0,fastened,0,NONE,sunny,rock,night
840,EXC005,OP010,2024-01-18 11:30:00,460.7,1519,143.7,36.1,14.49,84,29,9.2,15.3,84.0,fastened,1,NONE,rainy,clay,day
841,EXC002,OP005,2024-01-18 12:00:00,6316.8,1117,182.9,88.2,9.13,88,111,2.0,11.7,35.6,fastened,0,NONE,sunny,loam,night
842,EXC004,OP008,2024-01-18 12:30:00,3520.7,1148,173.2,30.5,3.58,64,42,10.8,13.2,60.5,unfastened,1,NONE,cloudy,clay,day
843,EXC005,OP008,2024-01-18 13:00:00,3562.1,1758,159.6,11.6,3.18,83,55,13.0,9.4,88.9,unfastened,0,NONE,windy,rock,night
844,EXC001,OP005,2024-01-18 13:30:00,2038.3,694,224.8,62.0,9.77,64,42,11.0,1.8,69.9,fastened,0,P0217,rainy,loam,day
845,EXC001,OP005,2024-01-18 14:00:00,1754.5,1526,201.7,15.2,3.55,48,116,13.4,20.4,86.2,unfastened,0,NONE,cloudy,clay,day
846,EXC001,OP005,2024-01-18 14:30:00,4743.8,1704,295.6,31.3,8.52,58,63,2.1,7.2,57.3,fastened,0,NONE,rainy,rock,day
847,EXC001,OP009,2024-01-18 15:00:00,1937.2,1031,307.1,53.2,12.6,83,22,13.7,6.9,99.0,fastened,0,NONE,rainy,loam,night
848,EXC001,OP004,2024-01-18 15:30:00,607.2,1011,148.3,32.2,6.15,10,11,3.7,4.2,35.8,fastened,0,NONE,cloudy,sand,night
849,EXC005,OP003,2024-01-18 16:00:00,6163.3,1237,122.0,25.4,5.99,72,117,15.8,21.8,36.8,fastened,0,NONE,rainy,clay,day
850,EXC004,OP004,2024-01-18 16:30:00,3074.1,1665,272.8,71.8,1.02,6,35,4.4,20.7,69.6,fastened,0,NONE,sunny,sand,day
851,EXC005,OP002,2024-01-18 17:00:00,3103.9,1057,318.9,57.0,4.18,32,94,8.9,7.7,65.3,fastened,1,NONE,cloudy,loam,night
852,EXC005,OP004,2024-01-18 17:30:00,3507.4,1282,290.0,84.8,10.62,62,13,8.8,5.7,77.9,fastened,0,NONE,cloudy,rock,day
853,EXC005,OP002,2024-01-18 18:00:00,6538.9,1578,105.2,60.2,5.73,26,108,4.8,17.7,47.2,fastened,0,NONE,rainy,sand,day
854,EXC002,OP001,2024-01-18 18:30:00,2634.6,936,318.7901675581072,50.9,2.8,75,81,6.5,9.3,47.0,fastened,0,NONE,rainy,rock,day
855,EXC002,OP008,2024-01-18 19:00:00,6088.5,752,109.5,29.8,2.03,67,34,3.3,21.3,86.2,fastened,0,NONE,windy,clay,day
856,EXC005,OP001,2024-01-18 19:30:00,7522.4,848,280.6,80.2,1.88,14,107,10.3,19.8,51.9,fastened,0,NONE,cloudy,sand,day
857,EXC002,OP006,2024-01-18 20:00:00,5320.9,856,227.9,23.7,10.06,23,42,16.4,16.7,84.5,fastened,1,NONE,sunny,loam,day
858,EXC001,OP008,2024-01-18 20:30:00,3510.3,1026,213.0,28.0,9.38,6,119,5.7,2.0,78.1,fastened,0,NONE,sunny,sand,night
859,EXC004,OP008,2024-01-18 21:00:00,6007.5,1115,222.0,85.0,8.02,63,75,9.1,15.4,36.2,unfastened,0,NONE,windy,loam,day
860,EXC005,OP005,2024-01-18 21:30:00,3717.4,843,155.5,75.4,7.75,72,59,15.5,21.7,83.3,fastened,1,P0562,cloudy,rock,night
861,EXC005,OP002,2024-01-18 22:00:00,3374.0,634,232.4,63.2,2.72,82,16,8.1,8.2,96.0,fastened,0,NONE,windy,loam,day
862,EXC005,OP010,2024-01-18 22:30:00,4249.7,1154,106.7,8.7,7.76,11,38,15.0,19.4,91.2,fastened,1,NONE,cloudy,rock,day
863,EXC001,OP009,2024-01-18 23:00:00,2610.0,2048,242.1,17.1,1.37,15,16,8.0,9.0,30.7,fastened,0,P0100,cloudy,sand,day
864,EXC004,OP007,2024-01-18 23:30:00,923.6,2240,298.54068297658125,52.5,13.92,3,103,7.9,21.4,70.5,unfastened,0,NONE,sunny,loam,night
865,EXC005,OP001,2024-01-19 00:00:00,3377.3,2041,248.1,75.9,1.34,44,21,2.8,14.4,98.5,fastened,0,P0562,windy,sand,night
866,EXC004,OP001,2024-01-19 00:30:00,1078.5,858,173.1,49.1,6.64,86,22,2.2,2.1,74.9,fastened,0,NONE,cloudy,sand,day
867,EXC005,OP004,2024-01-19 01:00:00,3342.5,780,281.8,6.6,0.51,13,23,11.0,10.5,51.8,fastened,0,NONE,cloudy,rock,day
868,EXC005,OP002,2024-01-19 01:30:00,4499.8,1269,257.4,22.5,11.9,76,117,14.9,1.1,44.6,fastened,0,NONE,rainy,loam,night
869,EXC003,OP009,2024-01-19 02:00:00,7452.6,1943,306.19958586083527,60.9,2.91,22,116,2.4,8.7,81.4,unfastened,0,NONE,rainy,clay,day
870,EXC001,OP003,2024-01-19 02:30:00,386.2,1636,142.9,71.0,13.91,46,88,16.4,20.1,87.8,fastened,0,NONE,rainy,loam,day
871,EXC003,OP003,2024-01-19 03:00:00,5009.5,610,240.2,8.2,1.14,60,18,6.5,5.1,98.4,fastened,0,NONE,sunny,sand,day
872,EXC002,OP010,2024-01-19 03:30:00,3716.1,1621,315.0124153263552,9.1,12.4,48,65,7.7,20.9,100.88434094306135,fastened,1,NONE,windy,sand,night
873,EXC001,OP009,2024-01-19 04:00:00,260.1,2217,126.3,29.8,10.02,74,114,16.1,2.2,55.4,fastened,0,P0562,sunny,clay,day
874,EXC001,OP003,2024-01-19 04:30:00,2071.4,2091,134.1,12.9,4.12,30,20,16.1,14.6,75.3,fastened,0,NONE,sunny,clay,day
875,EXC004,OP004,2024-01-19 05:00:00,1036.0,1290,136.4,56.5,3.44,38,97,9.4,21.2,37.6,fastened,0,NONE,sunny,rock,day
876,EXC003,OP006,2024-01-19 05:30:00,1812.7,1025,311.389460865269,16.8,5.69,21,12,5.0,14.4,37.1,fastened,1,P0100,cloudy,rock,day
877,EXC003,OP007,2024-01-19 06:00:00,2269.1,1157,233.6,66.6,12.51,26,98,3.1,19.8,35.4,unfastened,0,P0100,cloudy,clay,day
878,EXC004,OP010,2024-01-19 06:30:00,3270.3,1133,138.8,78.8,13.0,67,69,4.9,21.8,99.5,fastened,0,P0100,sunny,loam,night
879,EXC003,OP009,2024-01-19 07:00:00,4279.4,1223,256.7,97.2,3.04,79,107,14.1,14.1,41.4,fastened,0,NONE,rainy,rock,night
880,EXC004,OP010,2024-01-19 07:30:00,107.8,1143,161.8,95.1,5.62,76,55,5.8,17.2,66.2,fastened,0,P0562,rainy,clay,day
881,EXC001,OP001,2024-01-19 08:00:00,1378.8,1422,168.5,31.0,3.94,29,96,12.5,0.7,62.5,fastened,0,NONE,windy,loam,day
882,EXC005,OP003,2024-01-19 08:30:00,839.2,673,149.2,7.8,2.28,28,102,3.5,9.4,54.4,fastened,0,NONE,sunny,clay,night
883,EXC003,OP006,2024-01-19 09:00:00,4442.4,825,272.7,36.3,9.87,71,45,8.6,6.3,70.3,fastened,0,NONE,sunny,rock,day
884,EXC001,OP001,2024-01-19 09:30:00,2699.7,858,311.2,72.3,5.52,71,80,6.3,18.1,30.2,fastened,0,NONE,sunny,rock,night
885,EXC005,OP004,2024-01-19 10:00:00,4432.3,876,308.1950956751939,10.7,3.77,52,60,9.1,14.9,58.5,fastened,0,P0100,cloudy,loam,day
886,EXC004,OP002,2024-01-19 10:30:00,1852.4,2180,302.5523509146525,39.2,13.06,24,57,10.3,13.5,66.0,fastened,0,NONE,rainy,loam,day
887,EXC001,OP010,2024-01-19 11:00:00,291.4,1815,157.3,33.3,11.35,66,97,17.8,20.5,90.2,fastened,1,NONE,sunny,loam,night
888,EXC001,OP001,2024-01-19 11:30:00,7536.8,2249,134.8,25.8,11.72,4,34,16.2,2.0,82.6,fastened,0,NONE,cloudy,clay,night
889,EXC001,OP002,2024-01-19 12:00:00,955.6,2238,308.6845237607776,72.1,1.07,37,23,12.5,21.0,93.7,fastened,0,NONE,rainy,sand,day
890,EXC002,OP002,2024-01-19 12:30:00,1102.2,797,118.7,67.6,13.77,25,62,2.8,2.2,58.2,fastened,1,NONE,rainy,sand,day
891,EXC001,OP002,2024-01-19 13:00:00,1257.7,2228,312.6,55.9,8.83,44,100,16.5,7.6,40.6,fastened,0,NONE,rainy,sand,day
892,EXC004,OP006,2024-01-19 13:30:00,7852.1,1424,229.5,91.5,7.81,2,27,16.1,13.9,60.1,fastened,0,NONE,rainy,clay,night
893,EXC003,OP004,2024-01-19 14:00:00,4979.5,1831,213.9,14.8,0.65,37,47,16.0,7.5,102.2,fastened,0,NONE,windy,clay,night
894,EXC005,OP010,2024-01-19 14:30:00,4921.3,1286,286.4,19.2,13.52,70,83,8.6,15.0,46.1,fastened,0,NONE,windy,loam,day
895,EXC004,OP003,2024-01-19 15:00:00,7894.9,1489,106.1,41.4,8.39,77,62,3.1,17.1,43.1,fastened,1,NONE,windy,loam,night
896,EXC004,OP006,2024-01-19 15:30:00,798.7,1480,271.0,67.3,12.46,23,76,13.6,18.2,100.8,fastened,0,NONE,cloudy,rock,day
897,EXC003,OP007,2024-01-19 16:00:00,7798.6,1112,125.7,60.5,10.0,38,68,7.0,3.9,101.2,fastened,0,P0562,cloudy,rock,day
898,EXC001,OP007,2024-01-19 16:30:00,1711.7,1598,308.52211502709457,12.0,12.05,62,99,6.2,4.0,41.2,fastened,1,P0217,cloudy,sand,day
899,EXC001,OP008,2024-01-19 17:00:00,5022.3,1920,216.4,96.1,10.55,41,106,7.0,1.2,87.7,fastened,1,NONE,cloudy,rock,night
900,EXC004,OP003,2024-01-19 17:30:00,3418.7,636,113.4,34.0,13.85,48,59,10.1,10.8,62.2,fastened,0,NONE,rainy,loam,night
901,EXC001,OP006,2024-01-19 18:00:00,3133.2,835,283.3,39.1,3.77,30,57,6.0,3.0,66.9,fastened,0,NONE,rainy,sand,night
902,EXC001,OP009,2024-01-19 18:30:00,7456.8,2116,106.0,64.2,3.43,75,40,12.4,7.0,67.4,fastened,0,NONE,sunny,rock,night
903,EXC002,OP009,2024-01-19 19:00:00,1278.9,1625,130.4,94.8,10.83,56,58,11.7,18.5,102.6,unfastened,0,NONE,windy,loam,night
904,EXC005,OP007,2024-01-19 19:30:00,7976.8,2352,295.0354384065038,68.0,7.77,86,102,9.2,20.9,43.8,fastened,1,P0217,sunny,loam,night
905,EXC003,OP007,2024-01-19 20:00:00,3095.1,1688,202.3,95.7,9.19,70,65,1.0,18.1,88.0,fastened,0,P0217,cloudy,clay,night
906,EXC004,OP009,2024-01-19 20:30:00,5225.3,1776,318.3798793863261,22.8,10.77,33,86,16.9,0.0,30.4,unfastened,0,NONE,cloudy,clay,day
907,EXC003,OP007,2024-01-19 21:00:00,7746.5,2218,239.8,63.8,8.44,29,56,7.4,12.5,77.1,fastened,0,NONE,cloudy,clay,night
908,EXC001,OP010,2024-01-19 21:30:00,555.0,1788,237.2,83.7,11.92,7,87,8.1,3.7,79.0,fastened,0,P0100,sunny,clay,day
909,EXC002,OP002,2024-01-19 22:00:00,7390.6,1193,164.3,53.4,5.12,56,88,8.2,8.3,86.5,unfastened,0,NONE,rainy,rock,day
910,EXC001,OP004,2024-01-19 22:30:00,4585.7,2320,129.4,39.4,12.96,67,68,6.6,9.4,99.4,fastened,0,P0217,sunny,sand,night
911,EXC004,OP002,2024-01-19 23:00:00,5664.7,1024,311.5,98.6,2.06,31,112,12.1,20.7,86.5,fastened,0,P0562,rainy,clay,day
912,EXC001,OP001,2024-01-19 23:30:00,1278.6,1201,123.1,18.4,9.69,1,106,0.3,13.9,84.9,fastened,0,P0562,rainy,clay,night
913,EXC002,OP005,2024-01-20 00:00:00,4313.8,1824,216.4,44.0,13.41,74,27,15.7,5.9,49.0,fastened,0,NONE,windy,rock,day
914,EXC005,OP003,2024-01-20 00:30:00,5420.8,868,160.0,88.0,4.16,20,35,1.8,14.1,104.5,fastened,1,NONE,windy,loam,day
915,EXC003,OP005,2024-01-20 01:00:00,3704.4,1809,158.1,90.5,5.24,52,115,18.0,20.9,65.1,fastened,0,NONE,windy,rock,day
916,EXC003,OP005,2024-01-20 01:30:00,1324.4,1651,230.8,98.1,4.93,4,54,11.3,1.3,61.3,fastened,0,P0562,sunny,rock,night
917,EXC003,OP007,2024-01-20 02:00:00,2028.5,1155,275.5,89.1,8.68,5,44,1.2,18.0,67.6,fastened,0,NONE,windy,clay,day
918,EXC004,OP010,2024-01-20 02:30:00,6849.7,680,294.2772118665127,9.8,6.49,80,97,10.1,4.8,59.6,unfastened,0,NONE,rainy,sand,night
919,EXC002,OP009,2024-01-20 03:00:00,372.3,1868,291.1,93.3,2.07,60,76,6.0,3.4,74.5,fastened,0,NONE,sunny,loam,day
920,EXC004,OP004,2024-01-20 03:30:00,5700.0,2084,164.4,45.7,13.42,0,24,17.2,19.8,56.2,unfastened,1,NONE,windy,loam,night
921,EXC005,OP004,2024-01-20 04:00:00,7995.2,1914,202.5,66.9,3.47,9,20,13.6,0.0,48.0,fastened,0,NONE,windy,loam,day
922,EXC003,OP008,2024-01-20 04:30:00,159.1,1357,102.1,42.5,8.24,44,98,9.1,16.3,99.6,fastened,0,P0100,cloudy,rock,night
923,EXC003,OP002,2024-01-20 05:00:00,1372.3,644,264.3,82.3,9.12,66,94,7.7,1.9,99.6,fastened,0,NONE,windy,sand,night
924,EXC001,OP006,2024-01-20 05:30:00,5425.7,1346,166.5,59.7,1.09,38,48,17.9,13.6,67.2,fastened,1,NONE,rainy,rock,day
925,EXC002,OP005,2024-01-20 06:00:00,573.9,1244,223.5,85.3,1.89,78,104,12.0,13.7,102.2,fastened,0,NONE,cloudy,loam,day
926,EXC005,OP002,2024-01-20 06:30:00,4759.3,1188,137.2,23.4,14.59,58,23,9.3,19.0,61.2,fastened,0,NONE,sunny,clay,day
927,EXC003,OP007,2024-01-20 07:00:00,5503.6,979,280.3,22.6,10.14,55,105,7.2,18.1,59.1,fastened,0,NONE,rainy,loam,day
928,EXC002,OP004,2024-01-20 07:30:00,4746.4,2283,279.8,46.8,0.99,26,18,5.8,15.1,98.8,fastened,0,P0217,windy,loam,night
929,EXC003,OP002,2024-01-20 08:00:00,2985.0,1799,293.0,5.5,12.02,61,79,12.7,8.4,77.5,fastened,0,P0100,sunny,loam,day
930,EXC003,OP007,2024-01-20 08:30:00,5608.5,914,110.1,70.8,7.87,78,102,10.6,3.7,109.29676645345552,unfastened,0,NONE,sunny,rock,night
931,EXC003,OP002,2024-01-20 09:00:00,4794.9,2157,318.3,33.1,1.59,4,78,15.3,14.0,61.0,unfastened,0,P0100,sunny,sand,day
932,EXC004,OP007,2024-01-20 09:30:00,1740.3,872,154.5,57.9,10.37,66,95,10.0,10.9,60.5,fastened,0,NONE,cloudy,loam,night
933,EXC002,OP002,2024-01-20 10:00:00,4548.8,1668,168.1,11.7,7.74,79,47,10.5,1.7,36.2,fastened,0,NONE,cloudy,clay,night
934,EXC004,OP005,2024-01-20 10:30:00,7067.1,897,154.9,21.2,3.47,38,41,8.6,21.0,102.5,fastened,0,NONE,windy,loam,day
935,EXC003,OP009,2024-01-20 11:00:00,5368.0,1250,158.9,64.2,13.23,68,39,13.7,6.9,47.1,fastened,0,NONE,windy,sand,night
936,EXC005,OP003,2024-01-20 11:30:00,3827.2,1785,221.6,34.0,4.73,32,22,7.5,0.0,67.1,unfastened,0,NONE,rainy,rock,day
937,EXC001,OP008,2024-01-20 12:00:00,2640.5,813,152.8,25.4,4.63,72,40,15.3,19.8,38.6,fastened,0,NONE,sunny,sand,night
938,EXC001,OP008,2024-01-20 12:30:00,778.5,2385,186.6,26.7,4.46,73,37,5.9,12.7,78.5,fastened,0,NONE,sunny,clay,day
939,EXC003,OP010,2024-01-20 13:00:00,2032.6,2212,244.2,25.4,11.63,28,93,12.5,16.1,59.3,fastened,0,NONE,sunny,loam,night
940,EXC003,OP002,2024-01-20 13:30:00,188.4,1023,283.9,64.2,10.74,68,33,16.1,3.4,87.6,fastened,0,NONE,windy,rock,night
941,EXC004,OP008,2024-01-20 14:00:00,7894.3,768,252.4,20.9,13.6,28,28,13.8,8.9,69.6,unfastened,0,NONE,sunny,rock,day
942,EXC003,OP010,2024-01-20 14:30:00,1857.6,2230,296.4103346940373,39.5,3.83,35,90,6.2,14.2,39.7,fastened,0,P0100,windy,clay,day
943,EXC005,OP008,2024-01-20 15:00:00,6537.5,2261,132.5,70.3,11.9,61,69,12.7,5.5,30.8,fastened,0,NONE,rainy,loam,day
944,EXC003,OP002,2024-01-20 15:30:00,1432.3,1101,279.5,53.8,8.81,30,33,3.7,15.4,45.9,fastened,0,NONE,cloudy,loam,day
945,EXC001,OP009,2024-01-20 16:00:00,2340.4,634,108.2,61.7,4.98,72,87,1.0,5.1,84.3,fastened,0,NONE,windy,loam,day
946,EXC001,OP002,2024-01-20 16:30:00,3404.4,1766,158.1,28.8,1.01,3,33,14.2,4.6,92.1,fastened,0,NONE,sunny,clay,night
947,EXC005,OP006,2024-01-20 17:00:00,2662.8,736,112.6,93.6,12.37,1,96,14.5,0.3,55.6,fastened,1,NONE,cloudy,clay,day
948,EXC001,OP005,2024-01-20 17:30:00,6407.0,672,246.8,44.3,4.0,7,13,0.4,6.2,70.2,fastened,0,NONE,cloudy,sand,day
949,EXC005,OP006,2024-01-20 18:00:00,7665.8,2286,181.0,32.3,9.66,23,74,17.1,5.4,48.0,fastened,0,NONE,sunny,clay,day
950,EXC002,OP006,2024-01-20 18:30:00,7014.8,1492,243.5,90.9,8.46,4,75,8.0,16.8,96.0,unfastened,0,NONE,windy,rock,day
951,EXC001,OP001,2024-01-20 19:00:00,1313.3,801,176.3,67.3,0.56,34,51,16.3,12.5,102.4,fastened,0,NONE,rainy,sand,day
952,EXC002,OP006,2024-01-20 19:30:00,6235.8,1778,200.3,63.3,14.92,2,85,14.2,3.9,86.5,fastened,0,NONE,sunny,rock,night
953,EXC004,OP010,2024-01-20 20:00:00,1268.8,1264,200.8,89.2,12.31,68,51,16.2,12.5,36.7,fastened,1,NONE,sunny,loam,day
954,EXC003,OP005,2024-01-20 20:30:00,7315.7,1565,110.0,10.6,7.55,13,81,15.0,5.0,62.8,unfastened,0,P0562,cloudy,rock,day
955,EXC004,OP003,2024-01-20 21:00:00,4191.2,2217,194.6,84.6,10.36,87,34,17.5,9.4,104.3,fastened,0,NONE,windy,sand,day
956,EXC004,OP010,2024-01-20 21:30:00,2757.4,1028,241.0,69.4,7.41,77,72,11.3,19.5,47.2,unfastened,0,NONE,sunny,loam,day
957,EXC003,OP001,2024-01-20 22:00:00,1340.5,1763,220.1,39.2,11.3,62,93,4.1,15.8,80.3,fastened,0,NONE,rainy,sand,day
958,EXC004,OP005,2024-01-20 22:30:00,193.3,2091,116.6,29.4,2.45,71,116,7.0,14.3,100.4,fastened,0,NONE,sunny,loam,day
959,EXC005,OP006,2024-01-20 23:00:00,2058.8,1362,247.0,15.0,6.97,69,49,13.5,6.2,88.0,fastened,0,NONE,cloudy,loam,night
960,EXC003,OP005,2024-01-20 23:30:00,7320.8,2346,167.9,94.4,5.37,76,62,2.8,2.7,75.7,fastened,0,NONE,rainy,loam,day
961,EXC001,OP010,2024-01-21 00:00:00,6398.4,717,103.2,18.5,7.17,80,62,16.7,16.6,68.0,fastened,0,NONE,sunny,rock,night
962,EXC003,OP005,2024-01-21 00:30:00,7761.4,1426,134.2,29.6,7.03,56,104,3.7,12.5,99.7,fastened,1,NONE,cloudy,sand,night
963,EXC005,OP010,2024-01-21 01:00:00,896.0,2191,209.5,70.7,2.57,42,115,15.8,13.7,59.6,unfastened,0,NONE,cloudy,sand,day
964,EXC002,OP001,2024-01-21 01:30:00,4778.2,1744,168.3,72.5,14.66,56,81,8.7,21.5,97.6,unfastened,0,P0100,sunny,rock,night
965,EXC005,OP008,2024-01-21 02:00:00,2131.5,739,252.8,20.3,0.72,76,100,15.1,7.7,62.3,fastened,0,NONE,sunny,loam,night
966,EXC003,OP006,2024-01-21 02:30:00,4389.2,2022,291.40946713143154,82.3,0.65,11,19,17.2,17.6,86.7,fastened,0,NONE,sunny,loam,day
967,EXC004,OP003,2024-01-21 03:00:00,2631.6,1882,270.0,53.5,5.91,83,93,7.6,12.3,98.7,fastened,0,NONE,rainy,rock,day
968,EXC002,OP003,2024-01-21 03:30:00,2339.4,1034,163.0,85.6,9.5,62,99,12.5,5.2,71.3,fastened,0,NONE,sunny,sand,day
969,EXC005,OP008,2024-01-21 04:00:00,4633.4,653,236.6,13.3,3.1,65,88,4.1,1.2,53.2,fastened,0,NONE,rainy,sand,day
970,EXC001,OP007,2024-01-21 04:30:00,1548.2,2156,275.8,9.1,8.23,25,74,14.4,13.6,33.8,fastened,0,NONE,sunny,clay,day
971,EXC002,OP007,2024-01-21 05:00:00,3806.2,1708,184.8,65.5,10.98,69,108,14.8,6.5,105.44575069369338,unfastened,0,P0217,sunny,clay,day
972,EXC003,OP001,2024-01-21 05:30:00,5241.4,1104,110.3,19.3,1.86,46,81,5.3,15.3,76.7,fastened,0,NONE,sunny,clay,night
973,EXC003,OP006,2024-01-21 06:00:00,1112.6,1189,217.8,54.9,14.77,6,103,0.4,15.4,49.7,unfastened,0,NONE,cloudy,loam,day
974,EXC003,OP010,2024-01-21 06:30:00,7451.7,1996,319.0,6.3,5.38,85,29,7.8,10.0,95.8,fastened,0,NONE,rainy,rock,night
975,EXC001,OP001,2024-01-21 07:00:00,4095.2,920,313.2,79.1,9.82,89,83,3.1,11.8,99.0,fastened,0,P0100,cloudy,clay,day
976,EXC002,OP005,2024-01-21 07:30:00,6574.3,801,148.6,90.5,2.11,78,58,14.7,13.8,96.5,fastened,0,NONE,sunny,rock,night
977,EXC001,OP005,2024-01-21 08:00:00,5265.9,1977,266.3,84.7,10.79,42,105,4.7,10.3,75.1,fastened,0,P0217,sunny,clay,night
978,EXC003,OP009,2024-01-21 08:30:00,5709.0,1119,175.9,96.0,12.69,20,106,17.0,19.3,103.2,fastened,0,NONE,cloudy,sand,day
979,EXC002,OP003,2024-01-21 09:00:00,5757.4,1977,135.3,90.8,2.03,0,102,17.5,1.7,95.6,fastened,0,NONE,cloudy,sand,day
980,EXC003,OP005,2024-01-21 09:30:00,7013.3,1560,246.5,47.2,2.33,66,33,16.4,21.6,37.8,fastened,0,P0100,rainy,clay,night
981,EXC003,OP008,2024-01-21 10:00:00,4947.5,2396,210.2,42.8,4.58,80,64,10.8,0.7,103.6,fastened,0,NONE,cloudy,rock,night
982,EXC004,OP001,2024-01-21 10:30:00,2297.9,1544,218.6,90.1,0.67,9,10,4.8,4.6,71.2,fastened,0,NONE,rainy,clay,night
983,EXC003,OP009,2024-01-21 11:00:00,886.1,2161,282.0,93.1,14.8,61,117,14.5,15.6,99.0,fastened,1,NONE,cloudy,sand,day
984,EXC004,OP009,2024-01-21 11:30:00,4889.4,2130,174.0,97.4,9.18,2,38,12.6,1.9,87.0,fastened,0,P0217,rainy,sand,day
985,EXC003,OP008,2024-01-21 12:00:00,624.2,981,246.8,78.0,9.31,69,78,17.6,5.8,78.6,fastened,0,NONE,sunny,rock,day
986,EXC004,OP007,2024-01-21 12:30:00,2006.2,2393,180.6,24.2,14.4,2,63,6.8,3.4,54.5,fastened,0,NONE,windy,clay,day
987,EXC004,OP008,2024-01-21 13:00:00,579.6,1942,109.4,94.8,12.56,87,109,1.1,15.9,32.0,fastened,0,P0100,windy,sand,night
988,EXC002,OP008,2024-01-21 13:30:00,4436.2,792,183.2,95.0,12.31,15,100,18.0,12.7,50.8,fastened,0,NONE,cloudy,loam,day
989,EXC002,OP010,2024-01-21 14:00:00,1366.7,610,309.0,68.3,5.42,36,95,15.1,1.4,81.4,fastened,0,NONE,sunny,sand,night
990,EXC004,OP005,2024-01-21 14:30:00,4922.2,1088,206.3,86.4,5.36,62,80,4.0,10.1,94.7,fastened,0,NONE,sunny,loam,night
991,EXC002,OP005,2024-01-21 15:00:00,6347.8,629,123.8,58.3,4.73,76,23,13.1,4.6,30.2,fastened,0,NONE,windy,sand,day
992,EXC003,OP007,2024-01-21 15:30:00,6592.9,1243,251.3,94.7,5.53,32,111,0.0,21.3,45.6,fastened,0,NONE,sunny,loam,day
993,EXC001,OP002,2024-01-21 16:00:00,2545.4,2393,311.9,13.9,5.86,88,16,10.0,2.4,80.5,fastened,0,P0100,sunny,clay,night
994,EXC003,OP009,2024-01-21 16:30:00,4436.7,1462,299.7,87.1,2.53,1,60,6.5,13.2,51.3,fastened,0,NONE,sunny,loam,day
995,EXC003,OP008,2024-01-21 17:00:00,4547.8,643,225.8,10.3,5.66,42,51,6.9,10.6,40.6,fastened,1,P0217,cloudy,sand,day
996,EXC004,OP007,2024-01-21 17:30:00,3835.8,1489,295.8818836899146,37.2,6.98,88,52,4.4,12.7,36.1,fastened,0,NONE,windy,loam,night
997,EXC003,OP004,2024-01-21 18:00:00,5275.4,994,227.7,17.9,4.99,24,117,4.9,21.0,77.8,fastened,0,NONE,sunny,rock,day
998,EXC002,OP004,2024-01-21 18:30:00,1759.7,2141,279.5,50.5,2.9,48,35,8.2,7.5,74.6,fastened,0,NONE,rainy,rock,night
999,EXC005,OP005,2024-01-21 19:00:00,7836.0,763,289.5,27.1,5.91,40,73,4.5,16.5,94.4,fastened,0,NONE,rainy,clay,night
1000,EXC003,OP007,2024-01-21 19:30:00,874.8,1987,280.1,95.4,7.47,35,33,8.4,9.8,105.96554454141506,fastened,0,NONE,windy,rock,day
1001,EXC005,OP008,2024-01-21 20:00:00,6650.8,1402,200.2,58.1,10.95,69,110,10.4,14.5,40.3,fastened,0,NONE,rainy,rock,night
1002,EXC004,OP007,2024-01-21 20:30:00,4793.4,633,126.1,90.3,10.81,46,90,12.8,8.0,89.9,unfastened,0,NONE,windy,loam,day
1003,EXC003,OP010,2024-01-21 21:00:00,2034.4,1811,225.2,31.4,3.44,64,55,12.2,5.0,104.1,fastened,0,NONE,rainy,sand,night
1004,EXC005,OP010,2024-01-21 21:30:00,5990.8,1419,134.4,7.5,1.03,46,18,4.4,1.8,57.0,fastened,0,NONE,windy,rock,day
1005,EXC001,OP008,2024-01-21 22:00:00,767.4,1988,113.4,78.7,4.91,89,26,0.7,2.2,94.9,fastened,0,NONE,cloudy,clay,night
1006,EXC005,OP004,2024-01-21 22:30:00,6217.9,1712,209.7,71.7,2.78,42,36,15.0,21.1,87.2,fastened,0,NONE,cloudy,sand,day
1007,EXC005,OP006,2024-01-21 23:00:00,4760.9,2017,244.2,56.8,6.24,71,54,15.7,17.3,98.4,fastened,0,NONE,rainy,sand,day
1008,EXC003,OP005,2024-01-21 23:30:00,974.9,617,287.9,82.5,14.7,83,107,17.6,5.4,61.8,fastened,1,P0100,windy,clay,night
1009,EXC004,OP007,2024-01-22 00:00:00,728.1,614,272.2,84.8,3.13,72,23,17.3,11.6,37.6,fastened,0,NONE,sunny,loam,day
1010,EXC003,OP009,2024-01-22 00:30:00,6031.6,835,288.6,60.9,5.12,79,73,11.4,15.7,38.9,fastened,1,P0100,cloudy,rock,night
1011,EXC002,OP004,2024-01-22 01:00:00,2414.2,2352,267.2,96.8,11.01,20,48,16.1,7.8,87.2,fastened,0,P0562,windy,clay,night
1012,EXC004,OP006,2024-01-22 01:30:00,7125.5,2391,254.7,73.4,7.88,27,15,8.1,9.7,94.7,fastened,0,NONE,sunny,loam,night
1013,EXC002,OP001,2024-01-22 02:00:00,6120.4,708,308.5196687624551,69.3,1.14,80,78,14.2,15.8,64.3,fastened,0,P0562,cloudy,rock,night
1014,EXC002,OP008,2024-01-22 02:30:00,5615.7,1340,237.7,39.3,2.84,43,87,17.2,5.0,34.5,fastened,0,NONE,rainy,rock,night
1015,EXC003,OP005,2024-01-22 03:00:00,2301.0,2148,126.5,5.2,14.06,44,115,14.3,11.6,35.0,fastened,0,NONE,sunny,loam,night
1016,EXC005,OP005,2024-01-22 03:30:00,5700.7,937,112.9,27.9,2.0,0,65,7.5,4.6,74.9,fastened,0,P0562,windy,sand,night
1017,EXC002,OP006,2024-01-22 04:00:00,7590.4,1292,134.4,77.6,9.71,80,45,6.8,0.1,98.9,fastened,0,P0100,cloudy,sand,night
1018,EXC003,OP003,2024-01-22 04:30:00,823.3,782,281.1,72.4,11.99,82,103,5.2,15.2,60.0,fastened,0,NONE,windy,rock,day
1019,EXC001,OP006,2024-01-22 05:00:00,2676.7,823,263.6,36.4,4.35,54,37,6.6,15.6,78.8,fastened,0,NONE,cloudy,loam,day
1020,EXC001,OP008,2024-01-22 05:30:00,1953.9,1178,308.7,64.4,11.01,27,85,14.8,21.9,70.7,fastened,0,NONE,cloudy,loam,day
1021,EXC001,OP004,2024-01-22 06:00:00,3206.7,1953,315.4,23.6,2.96,74,113,12.6,4.0,96.7,unfastened,0,P0562,windy,loam,night
1022,EXC001,OP002,2024-01-22 06:30:00,5964.4,1660,296.5,30.0,4.63,24,10,4.5,16.3,92.4,fastened,0,NONE,windy,loam,night
1023,EXC005,OP004,2024-01-22 07:00:00,3846.5,832,129.2,95.0,5.02,87,111,12.8,20.9,45.0,fastened,1,NONE,rainy,clay,night
1024,EXC005,OP002,2024-01-22 07:30:00,4608.8,691,293.2,44.3,14.95,61,32,6.8,14.2,80.8,fastened,1,NONE,cloudy,sand,night
1025,EXC005,OP004,2024-01-22 08:00:00,2581.8,625,284.5,28.3,3.61,75,62,10.0,21.2,93.6,fastened,0,NONE,windy,sand,day
1026,EXC001,OP007,2024-01-22 08:30:00,1216.2,2179,291.6,51.3,2.37,52,38,6.7,21.9,99.8,fastened,0,NONE,rainy,sand,night
1027,EXC001,OP002,2024-01-22 09:00:00,2208.8,2354,133.4,41.8,13.92,15,25,9.4,17.6,74.2,fastened,0,NONE,windy,loam,day
1028,EXC002,OP008,2024-01-22 09:30:00,6891.5,819,125.7,74.3,2.85,11,87,13.1,22.0,43.2,fastened,0,NONE,cloudy,sand,night
1029,EXC003,OP003,2024-01-22 10:00:00,4859.1,1664,303.2,96.4,13.25,86,63,13.2,13.8,71.9,fastened,0,NONE,sunny,loam,day
1030,EXC002,OP009,2024-01-22 10:30:00,3086.1,805,138.2,61.2,9.93,23,66,13.6,10.9,79.9,fastened,0,NONE,sunny,loam,day
1031,EXC003,OP008,2024-01-22 11:00:00,6340.3,2205,181.1,61.2,8.86,61,63,7.0,20.2,50.4,fastened,0,NONE,rainy,sand,day
1032,EXC001,OP003,2024-01-22 11:30:00,609.2,1140,200.3,39.7,11.39,31,92,12.4,18.3,103.0,fastened,0,NONE,cloudy,clay,day
1033,EXC004,OP006,2024-01-22 12:00:00,2105.7,1763,127.4,58.6,11.03,44,116,4.3,2.4,47.2,fastened,1,NONE,windy,rock,day
1034,EXC002,OP002,2024-01-22 12:30:00,1917.8,1376,305.31904475282533,35.3,2.1,88,66,8.6,6.7,98.4,fastened,0,NONE,windy,loam,day
1035,EXC001,OP001,2024-01-22 13:00:00,7884.4,2156,299.21042052333087,5.1,14.99,53,27,10.5,5.7,61.9,fastened,0,NONE,sunny,sand,night
1036,EXC004,OP010,2024-01-22 13:30:00,5678.2,1137,292.9,87.3,14.16,38,46,12.4,18.8,30.0,fastened,0,NONE,windy,clay,night
1037,EXC005,OP009,2024-01-22 14:00:00,4980.5,1711,300.7,45.8,13.5,37,64,16.4,5.1,70.7,fastened,0,NONE,rainy,rock,day
1038,EXC001,OP002,2024-01-22 14:30:00,139.4,1973,162.6,51.7,9.52,20,21,5.5,6.7,77.1,fastened,1,P0100,cloudy,loam,night
1039,EXC003,OP003,2024-01-22 15:00:00,1556.0,2364,148.4,12.9,8.08,50,35,15.2,11.4,95.2,fastened,0,P0100,sunny,rock,night
1040,EXC005,OP002,2024-01-22 15:30:00,5120.8,1041,193.7,84.5,8.28,51,32,5.6,1.7,70.5,fastened,1,NONE,sunny,sand,night
1041,EXC004,OP004,2024-01-22 16:00:00,3099.8,2397,199.7,21.2,0.72,74,117,9.9,21.1,37.1,fastened,0,NONE,cloudy,sand,night
1042,EXC005,OP003,2024-01-22 16:30:00,7401.8,752,313.2413554579888,44.0,7.74,36,54,14.9,10.8,99.5,fastened,0,NONE,sunny,rock,night
1043,EXC003,OP004,2024-01-22 17:00:00,6141.3,1578,271.4,84.8,9.54,58,106,13.0,4.2,72.4,unfastened,0,NONE,sunny,sand,day
1044,EXC002,OP006,2024-01-22 17:30:00,3634.3,1344,319.3,48.5,10.05,4,70,15.5,6.0,50.4,fastened,0,NONE,windy,rock,day
1045,EXC004,OP002,2024-01-22 18:00:00,6021.2,2325,216.3,93.5,5.32,87,65,14.7,17.6,97.4,fastened,0,P0562,cloudy,loam,night
1046,EXC001,OP009,2024-01-22 18:30:00,7805.7,1992,185.4,24.9,7.33,77,113,5.0,13.9,39.1,fastened,0,NONE,rainy,loam,day
1047,EXC002,OP008,2024-01-22 19:00:00,3741.7,2269,186.4,72.9,9.73,57,86,17.9,10.2,108.95727322767394,fastened,0,P0562,cloudy,loam,night
1048,EXC004,OP008,2024-01-22 19:30:00,5176.0,2131,121.1,97.9,6.71,1,36,16.9,7.3,70.1,fastened,0,NONE,rainy,loam,day
1049,EXC004,OP002,2024-01-22 20:00:00,7357.5,1339,158.6,57.2,14.45,46,40,7.7,19.8,76.9,fastened,0,NONE,cloudy,loam,night
1050,EXC001,OP008,2024-01-22 20:30:00,2064.5,1920,210.5,70.8,10.73,80,83,0.8,17.0,68.3,fastened,1,NONE,sunny,clay,night
1051,EXC003,OP009,2024-01-22 21:00:00,7103.8,746,195.0,42.4,0.52,68,10,5.5,15.8,99.7,fastened,0,NONE,rainy,sand,night
1052,EXC002,OP002,2024-01-22 21:30:00,870.6,1604,219.9,76.4,0.84,71,26,15.1,9.8,49.7,fastened,0,P0562,sunny,sand,night
1053,EXC003,OP008,2024-01-22 22:00:00,5222.7,685,286.8,91.3,10.51,75,18,17.1,21.6,104.3,fastened,0,NONE,rainy,loam,day
1054,EXC005,OP004,2024-01-22 22:30:00,6284.4,718,149.6,71.8,6.48,82,88,15.0,15.6,31.5,fastened,0,NONE,windy,clay,night
1055,EXC001,OP008,2024-01-22 23:00:00,4955.4,2340,308.22095392383903,93.9,12.67,20,58,7.1,9.3,38.9,fastened,1,P0562,rainy,loam,night
1056,EXC005,OP005,2024-01-22 23:30:00,4014.7,1826,108.4,60.9,3.01,65,11,1.0,21.1,43.9,fastened,0,NONE,rainy,rock,night
1057,EXC003,OP009,2024-01-23 00:00:00,4977.0,711,129.5,59.8,0.7,64,91,9.3,19.7,36.0,unfastened,1,NONE,windy,clay,day
1058,EXC004,OP002,2024-01-23 00:30:00,1298.1,2346,225.5,33.9,6.13,69,82,6.8,16.3,62.9,unfastened,0,NONE,sunny,rock,day
1059,EXC003,OP004,2024-01-23 01:00:00,1803.0,768,277.8,72.4,11.17,88,89,2.2,16.9,94.9,fastened,0,NONE,windy,sand,day
1060,EXC002,OP003,2024-01-23 01:30:00,2232.2,791,295.1,88.8,14.59,66,27,1.9,9.3,91.6,unfastened,0,P0217,sunny,sand,night
1061,EXC004,OP003,2024-01-23 02:00:00,4822.5,1814,239.7,66.4,13.31,47,106,2.8,11.2,85.9,fastened,0,NONE,sunny,loam,night
1062,EXC004,OP004,2024-01-23 02:30:00,3591.0,1987,188.7,27.1,7.52,51,29,3.7,4.2,30.6,fastened,0,NONE,sunny,loam,night
1063,EXC001,OP004,2024-01-23 03:00:00,2031.4,1751,134.0,56.7,12.29,69,72,13.6,13.1,94.9,fastened,0,NONE,rainy,loam,day
1064,EXC004,OP002,2024-01-23 03:30:00,7074.2,1170,188.3,76.8,1.52,4,71,6.9,8.1,59.7,fastened,0,NONE,sunny,sand,day
1065,EXC004,OP008,2024-01-23 04:00:00,3054.0,1700,173.1,94.2,8.8,18,34,7.9,7.6,84.9,fastened,0,NONE,cloudy,rock,night
1066,EXC002,OP006,2024-01-23 04:30:00,3623.7,1777,291.4,19.9,13.9,5,51,10.8,20.9,107.51487491661956,fastened,0,NONE,sunny,sand,night
1067,EXC005,OP009,2024-01-23 05:00:00,3336.6,2143,207.1,17.1,6.25,71,15,17.3,3.6,43.3,fastened,1,NONE,sunny,rock,day
1068,EXC004,OP008,2024-01-23 05:30:00,1537.3,1466,149.8,44.2,14.42,65,61,13.6,18.3,68.7,fastened,1,NONE,rainy,sand,day
1069,EXC002,OP002,2024-01-23 06:00:00,5879.9,1503,163.5,16.9,3.7,4,84,11.6,6.2,99.5,fastened,0,NONE,sunny,rock,day
1070,EXC001,OP001,2024-01-23 06:30:00,3642.8,1505,130.0,98.1,2.03,9,43,13.4,0.6,49.7,fastened,0,NONE,cloudy,rock,night
1071,EXC004,OP005,2024-01-23 07:00:00,228.4,805,302.1,45.3,8.11,23,69,12.9,0.9,83.6,fastened,0,NONE,sunny,sand,day
1072,EXC002,OP005,2024-01-23 07:30:00,7715.7,762,111.1,55.7,13.66,21,114,12.4,9.4,101.9,unfastened,0,NONE,cloudy,clay,day
1073,EXC004,OP003,2024-01-23 08:00:00,6544.5,636,102.8,26.6,5.01,46,35,8.9,10.0,57.0,fastened,0,NONE,windy,clay,night
1074,EXC003,OP008,2024-01-23 08:30:00,5816.1,1799,140.3,47.7,12.1,44,41,10.2,7.0,59.1,fastened,0,NONE,rainy,loam,day
1075,EXC003,OP006,2024-01-23 09:00:00,6965.8,1353,278.4,98.5,2.95,32,23,8.3,14.7,63.9,fastened,0,NONE,sunny,loam,day
1076,EXC001,OP008,2024-01-23 09:30:00,7263.8,2158,215.2,51.4,11.31,14,69,7.1,10.7,90.7,unfastened,0,NONE,cloudy,rock,night
1077,EXC004,OP002,2024-01-23 10:00:00,2766.2,1864,294.93956800389213,5.8,8.58,58,32,4.9,1.6,62.9,fastened,0,NONE,rainy,clay,day
1078,EXC001,OP009,2024-01-23 10:30:00,4926.6,854,178.7,28.0,3.04,71,103,6.4,7.7,66.5,fastened,0,NONE,cloudy,rock,day
1079,EXC003,OP003,2024-01-23 11:00:00,4909.6,780,115.1,98.0,10.91,57,42,7.7,2.2,46.7,fastened,1,NONE,cloudy,sand,night
1080,EXC005,OP005,2024-01-23 11:30:00,2211.7,1258,288.4,99.0,10.85,72,83,10.4,1.4,104.1,fastened,0,NONE,windy,clay,day
1081,EXC005,OP005,2024-01-23 12:00:00,1853.4,2257,296.5473935173591,25.0,7.97,82,30,9.0,4.6,96.9,fastened,0,NONE,windy,sand,night
1082,EXC005,OP009,2024-01-23 12:30:00,999.9,687,107.3,63.5,3.77,75,45,1.9,15.4,75.0,fastened,0,P0217,sunny,loam,night
1083,EXC005,OP003,2024-01-23 13:00:00,5308.6,937,226.0,12.3,2.42,58,28,6.1,15.3,102.0,fastened,0,NONE,rainy,loam,night
1084,EXC003,OP003,2024-01-23 13:30:00,6269.3,653,118.3,59.9,14.38,4,70,6.8,19.0,81.5,fastened,0,NONE,windy,loam,day
1085,EXC002,OP004,2024-01-23 14:00:00,6111.5,1344,121.1,17.0,10.01,30,13,12.7,16.6,101.9,unfastened,0,NONE,windy,clay,day
1086,EXC005,OP004,2024-01-23 14:30:00,2598.6,2381,276.1,82.8,12.23,38,19,6.0,11.8,42.1,fastened,0,NONE,cloudy,rock,night
1087,EXC005,OP002,2024-01-23 15:00:00,1721.6,2352,208.2,94.3,10.61,64,65,0.1,6.9,46.9,unfastened,0,NONE,rainy,rock,night
1088,EXC005,OP002,2024-01-23 15:30:00,3683.6,1488,153.1,21.4,12.53,76,70,1.5,0.1,96.4,fastened,0,NONE,sunny,sand,night
1089,EXC004,OP003,2024-01-23 16:00:00,4419.8,859,176.7,49.0,2.86,57,46,8.9,14.2,61.5,fastened,0,NONE,cloudy,sand,day
1090,EXC001,OP005,2024-01-23 16:30:00,7360.8,779,260.4,14.7,7.71,79,57,3.4,6.4,57.8,fastened,0,NONE,sunny,sand,day
1091,EXC003,OP004,2024-01-23 17:00:00,7011.1,1544,114.6,37.2,10.17,70,55,8.9,5.5,86.6,fastened,0,NONE,rainy,clay,day
1092,EXC003,OP004,2024-01-23 17:30:00,7336.9,1094,290.72882881119693,11.2,2.0,62,93,10.3,21.4,77.3,fastened,1,P0217,rainy,sand,night
1093,EXC005,OP008,2024-01-23 18:00:00,6817.1,1869,235.6,30.1,2.67,71,59,16.8,3.8,55.8,fastened,0,NONE,cloudy,sand,day
1094,EXC002,OP003,2024-01-23 18:30:00,7720.2,2364,233.5,99.1,9.69,53,103,11.8,0.7,59.8,fastened,0,NONE,cloudy,sand,day
1095,EXC002,OP010,2024-01-23 19:00:00,3777.4,970,313.9,9.2,13.1,58,33,0.6,20.9,60.6,fastened,0,NONE,sunny,rock,night
1096,EXC001,OP008,2024-01-23 19:30:00,475.0,1054,182.4,86.6,10.08,31,31,6.9,6.7,39.5,fastened,0,P0217,windy,rock,day
1097,EXC005,OP002,2024-01-23 20:00:00,760.1,827,114.3,12.4,1.02,35,54,14.3,8.7,47.2,fastened,0,P0217,windy,clay,day
1098,EXC004,OP004,2024-01-23 20:30:00,3183.2,1906,218.3,55.3,14.57,24,18,4.7,1.8,70.3,fastened,1,NONE,sunny,sand,day
1099,EXC001,OP002,2024-01-23 21:00:00,2135.7,1431,240.4,48.0,2.52,23,83,16.6,8.9,88.6,fastened,1,NONE,cloudy,clay,day
1100,EXC003,OP003,2024-01-23 21:30:00,1442.5,1110,130.7,93.5,3.87,58,52,9.5,21.4,61.4,fastened,0,P0217,rainy,loam,night
1101,EXC003,OP004,2024-01-23 22:00:00,7630.3,994,221.6,23.9,14.64,34,50,1.7,15.3,58.8,fastened,0,NONE,cloudy,loam,day
1102,EXC003,OP002,2024-01-23 22:30:00,1643.8,726,143.5,22.1,11.68,12,68,4.4,10.4,78.8,unfastened,0,NONE,sunny,sand,day
1103,EXC005,OP001,2024-01-23 23:00:00,7679.1,1457,285.8,76.1,14.08,3,19,16.3,6.8,103.77466297359172,fastened,1,NONE,sunny,loam,night
1104,EXC001,OP005,2024-01-23 23:30:00,6110.6,1829,283.7,73.9,12.2,77,51,17.8,8.1,58.6,unfastened,0,NONE,sunny,rock,day
1105,EXC002,OP008,2024-01-24 00:00:00,5163.5,773,194.5,71.4,9.95,64,116,15.5,13.4,45.6,fastened,0,NONE,windy,loam,night
1106,EXC001,OP004,2024-01-24 00:30:00,5440.5,602,312.7,7.5,4.63,51,79,5.8,5.6,78.9,fastened,0,NONE,rainy,loam,night
1107,EXC002,OP009,2024-01-24 01:00:00,2718.6,1451,315.6,29.7,5.24,81,73,13.8,3.3,38.4,fastened,0,NONE,cloudy,rock,day
1108,EXC005,OP004,2024-01-24 01:30:00,5206.8,1816,314.7391815903807,84.8,14.24,10,65,4.0,15.3,63.6,fastened,0,NONE,sunny,sand,night
1109,EXC005,OP010,2024-01-24 02:00:00,1574.9,1220,180.9,62.1,12.98,84,61,6.9,19.1,74.7,fastened,0,NONE,windy,rock,day
1110,EXC001,OP003,2024-01-24 02:30:00,7507.9,1050,232.1,62.2,5.71,63,113,12.5,19.8,92.5,fastened,0,NONE,cloudy,clay,day
1111,EXC004,OP006,2024-01-24 03:00:00,2484.2,877,299.45636448794824,33.1,5.91,57,112,17.4,18.5,84.3,unfastened,0,NONE,cloudy,sand,night
1112,EXC002,OP008,2024-01-24 03:30:00,2116.0,1942,184.2,29.7,4.82,38,55,7.9,11.7,100.7,fastened,0,NONE,rainy,rock,day
1113,EXC001,OP001,2024-01-24 04:00:00,5718.2,2150,157.5,94.9,5.23,63,111,8.9,17.4,81.0,fastened,0,P0100,sunny,clay,day
1114,EXC002,OP010,2024-01-24 04:30:00,5285.9,1985,309.5,74.1,12.98,18,19,4.0,20.4,56.2,fastened,0,NONE,rainy,sand,day
1115,EXC001,OP004,2024-01-24 05:00:00,3665.3,1532,190.5,17.1,0.65,27,45,7.3,0.5,47.4,fastened,0,NONE,cloudy,loam,day
1116,EXC003,OP005,2024-01-24 05:30:00,5096.3,1903,267.8,94.1,6.82,86,43,1.1,9.1,108.3640985161857,fastened,0,NONE,rainy,loam,day
1117,EXC005,OP007,2024-01-24 06:00:00,1360.0,1314,185.1,60.3,14.17,24,86,15.5,4.5,50.8,fastened,0,NONE,rainy,loam,night
1118,EXC003,OP007,2024-01-24 06:30:00,5419.3,644,129.0,36.7,8.37,64,76,0.4,21.9,40.3,fastened,1,NONE,sunny,loam,night
1119,EXC004,OP001,2024-01-24 07:00:00,2237.8,1261,289.9,42.7,7.03,83,61,12.3,20.5,57.7,fastened,0,NONE,rainy,sand,night
1120,EXC003,OP009,2024-01-24 07:30:00,2255.4,1866,100.1,73.9,5.03,53,38,4.9,17.6,82.7,fastened,0,P0100,sunny,rock,day
1121,EXC001,OP007,2024-01-24 08:00:00,1381.2,1765,112.3,40.7,1.57,26,65,8.6,6.5,81.9,fastened,0,NONE,rainy,sand,night
1122,EXC001,OP010,2024-01-24 08:30:00,2725.8,2382,180.2,60.0,3.76,76,39,5.1,20.9,53.9,fastened,1,NONE,cloudy,loam,day
1123,EXC002,OP005,2024-01-24 09:00:00,2716.9,2395,251.1,72.5,1.81,74,64,7.2,0.6,68.1,unfastened,1,NONE,rainy,clay,day
1124,EXC002,OP007,2024-01-24 09:30:00,3688.0,1036,175.2,23.6,2.34,48,47,9.8,4.1,46.3,fastened,0,P0217,sunny,sand,day
1125,EXC005,OP005,2024-01-24 10:00:00,1604.3,617,114.6,94.7,2.87,10,107,11.5,13.6,67.7,fastened,0,P0100,cloudy,loam,night
1126,EXC005,OP009,2024-01-24 10:30:00,1624.8,1093,169.9,38.8,4.88,39,92,16.9,17.4,68.3,unfastened,0,NONE,cloudy,clay,night
1127,EXC005,OP009,2024-01-24 11:00:00,4379.7,2376,153.9,44.8,0.66,38,29,6.0,19.4,52.6,fastened,0,NONE,cloudy,rock,day
1128,EXC004,OP010,2024-01-24 11:30:00,1118.1,2064,101.2,71.4,14.28,17,113,10.5,6.6,49.5,fastened,0,NONE,cloudy,sand,night
1129,EXC003,OP006,2024-01-24 12:00:00,5542.3,777,217.7,62.8,2.3,36,82,16.2,8.6,103.5,fastened,0,NONE,sunny,sand,night
1130,EXC004,OP008,2024-01-24 12:30:00,7557.2,888,125.7,46.8,6.06,13,48,5.2,10.0,70.3,fastened,0,NONE,cloudy,rock,day
1131,EXC003,OP004,2024-01-24 13:00:00,3471.7,1614,163.2,66.7,13.25,62,68,15.6,0.6,72.2,fastened,1,P0217,sunny,loam,night
1132,EXC004,OP005,2024-01-24 13:30:00,7218.7,1789,241.1,90.8,2.05,38,31,17.2,19.0,30.6,fastened,0,NONE,rainy,clay,night
1133,EXC004,OP008,2024-01-24 14:00:00,876.7,2368,259.5,81.0,7.51,65,15,15.3,7.4,43.6,fastened,0,P0217,sunny,loam,night
1134,EXC004,OP001,2024-01-24 14:30:00,439.4,1959,158.0,83.3,12.75,41,56,10.3,4.4,56.7,fastened,0,NONE,sunny,clay,night
1135,EXC004,OP008,2024-01-24 15:00:00,5798.8,981,172.4,29.5,8.58,64,96,13.0,9.0,102.4,fastened,0,P0100,cloudy,clay,day
1136,EXC001,OP001,2024-01-24 15:30:00,6112.1,666,154.3,44.8,3.55,65,48,8.7,15.6,43.1,fastened,0,NONE,cloudy,loam,day
1137,EXC004,OP006,2024-01-24 16:00:00,6760.2,1740,310.5,57.6,11.16,14,52,10.8,19.2,52.7,fastened,1,NONE,windy,clay,night
1138,EXC002,OP005,2024-01-24 16:30:00,548.9,1596,141.9,9.2,10.38,39,118,17.5,4.7,104.3,fastened,0,NONE,cloudy,sand,day
1139,EXC004,OP005,2024-01-24 17:00:00,6237.6,2212,140.3,78.1,5.75,67,118,4.5,3.8,66.1,fastened,0,NONE,cloudy,clay,night
1140,EXC003,OP005,2024-01-24 17:30:00,3074.7,1636,197.9,35.7,1.17,53,61,14.3,20.8,53.9,fastened,0,P0217,sunny,clay,day
1141,EXC005,OP005,2024-01-24 18:00:00,2496.4,1502,301.2077564676646,31.8,0.61,19,14,9.1,12.1,77.6,fastened,0,NONE,windy,clay,day
1142,EXC002,OP005,2024-01-24 18:30:00,1466.9,2355,134.5,29.6,12.47,74,84,3.2,8.0,67.2,fastened,1,P0562,windy,sand,night
1143,EXC005,OP005,2024-01-24 19:00:00,7968.5,755,121.1,31.9,5.16,17,88,11.6,4.4,101.8,fastened,1,P0100,sunny,sand,day
1144,EXC005,OP006,2024-01-24 19:30:00,602.9,2177,240.8,37.1,2.5,89,110,14.3,21.9,36.2,fastened,0,NONE,cloudy,clay,day
1145,EXC002,OP008,2024-01-24 20:00:00,6633.4,2086,234.7,62.5,8.02,63,114,10.2,15.8,89.3,fastened,1,NONE,sunny,rock,night
1146,EXC003,OP006,2024-01-24 20:30:00,5152.0,892,243.0,60.4,13.85,29,79,15.1,4.8,50.9,fastened,0,NONE,sunny,clay,day
1147,EXC003,OP007,2024-01-24 21:00:00,5907.1,1867,270.1,29.3,0.62,17,21,6.6,2.0,90.5,fastened,0,NONE,sunny,sand,night
1148,EXC004,OP009,2024-01-24 21:30:00,5722.6,1255,171.8,24.6,1.31,81,37,16.4,4.4,93.6,fastened,0,NONE,windy,sand,night
1149,EXC004,OP010,2024-01-24 22:00:00,6881.6,1386,302.1,83.5,6.55,47,88,11.7,5.5,93.7,fastened,0,NONE,cloudy,rock,night
1150,EXC005,OP002,2024-01-24 22:30:00,1552.0,2127,261.3,13.8,10.3,72,76,14.5,2.4,95.0,unfastened,0,NONE,cloudy,sand,night
1151,EXC002,OP008,2024-01-24 23:00:00,106.5,2115,277.0,53.7,7.4,74,57,4.9,5.1,83.9,fastened,0,NONE,sunny,sand,day
1152,EXC003,OP003,2024-01-24 23:30:00,4828.4,943,258.6,54.5,13.51,6,54,8.0,2.6,40.7,fastened,0,NONE,sunny,loam,night
1153,EXC003,OP002,2024-01-25 00:00:00,2895.5,1153,178.9,59.5,1.14,61,88,16.4,8.3,33.9,fastened,0,P0562,rainy,clay,day
1154,EXC005,OP008,2024-01-25 00:30:00,1077.9,2078,162.3,89.1,5.43,30,56,0.9,10.7,55.6,fastened,1,P0100,windy,sand,day
1155,EXC002,OP001,2024-01-25 01:00:00,1570.5,2250,193.0,64.3,5.59,81,27,7.3,10.0,67.1,fastened,0,NONE,rainy,rock,night
1156,EXC003,OP009,2024-01-25 01:30:00,2720.8,742,121.3,97.5,5.43,19,117,14.0,18.2,52.7,fastened,0,NONE,rainy,rock,day
1157,EXC001,OP008,2024-01-25 02:00:00,654.8,2100,199.3,87.8,7.57,3,48,13.4,5.6,85.7,fastened,0,NONE,cloudy,rock,day
1158,EXC005,OP010,2024-01-25 02:30:00,549.6,873,109.5,25.4,11.96,81,40,15.3,19.5,84.2,fastened,0,NONE,windy,rock,night
1159,EXC002,OP007,2024-01-25 03:00:00,7336.6,1662,100.9,27.9,5.11,49,17,13.3,20.0,102.9,fastened,0,NONE,windy,loam,night
1160,EXC002,OP009,2024-01-25 03:30:00,2565.6,724,304.9,37.8,11.3,74,61,17.0,21.1,60.0,fastened,0,NONE,windy,loam,night
1161,EXC003,OP002,2024-01-25 04:00:00,7859.6,1824,251.7,42.2,2.62,23,118,9.0,4.0,88.9,fastened,0,NONE,rainy,rock,day
1162,EXC003,OP009,2024-01-25 04:30:00,7718.5,1820,223.6,57.5,8.63,44,27,11.2,5.4,85.6,fastened,0,NONE,rainy,loam,night
1163,EXC005,OP002,2024-01-25 05:00:00,1226.3,1792,175.0,27.1,5.94,86,36,15.3,13.7,104.2,fastened,0,NONE,sunny,clay,night
1164,EXC003,OP004,2024-01-25 05:30:00,5747.9,2023,225.5,26.1,8.32,68,29,12.6,3.1,88.0,fastened,0,NONE,sunny,sand,night
1165,EXC003,OP002,2024-01-25 06:00:00,4846.4,2302,317.58546844208985,41.2,2.06,88,20,1.8,1.9,51.3,fastened,0,NONE,sunny,loam,night
1166,EXC001,OP005,2024-01-25 06:30:00,5556.1,2129,243.5,68.8,14.33,29,76,6.6,1.6,31.1,fastened,0,NONE,cloudy,clay,day
1167,EXC001,OP008,2024-01-25 07:00:00,859.9,1940,232.5,70.4,13.64,78,42,9.9,13.3,102.6,fastened,0,P0562,rainy,loam,day
1168,EXC002,OP003,2024-01-25 07:30:00,1589.6,2366,201.2,97.7,12.48,34,92,13.6,17.7,83.7,fastened,1,NONE,sunny,clay,day
1169,EXC005,OP009,2024-01-25 08:00:00,705.4,1814,176.1,24.2,13.45,84,54,9.8,5.7,90.9,fastened,1,NONE,windy,loam,night
1170,EXC005,OP007,2024-01-25 08:30:00,4872.7,1809,253.7,42.3,2.63,77,80,14.0,20.5,89.5,fastened,0,NONE,rainy,clay,night
1171,EXC004,OP007,2024-01-25 09:00:00,7894.1,1575,315.8,96.6,7.8,14,19,15.1,17.4,85.2,fastened,1,NONE,rainy,rock,day
1172,EXC004,OP010,2024-01-25 09:30:00,5408.7,1984,193.4,70.6,5.11,87,46,4.8,1.7,86.4,unfastened,0,NONE,windy,loam,night
1173,EXC002,OP005,2024-01-25 10:00:00,5715.0,728,186.3,61.3,13.37,54,55,11.1,9.0,99.7,fastened,1,NONE,rainy,loam,night
1174,EXC001,OP004,2024-01-25 10:30:00,7878.2,1510,194.2,56.3,3.25,69,16,10.0,1.5,98.6,fastened,0,NONE,sunny,rock,day
1175,EXC001,OP010,2024-01-25 11:00:00,5456.3,1365,193.6,12.2,3.69,52,56,4.1,20.1,58.4,fastened,0,NONE,windy,loam,night
1176,EXC002,OP006,2024-01-25 11:30:00,417.4,2242,317.9,89.9,10.46,19,61,8.8,16.3,32.3,unfastened,0,NONE,windy,clay,day
1177,EXC002,OP007,2024-01-25 12:00:00,6949.3,730,255.5,64.4,1.79,88,54,9.9,15.1,32.9,fastened,0,NONE,sunny,clay,day
1178,EXC001,OP003,2024-01-25 12:30:00,2981.0,1758,179.0,59.3,11.12,10,65,14.7,15.0,63.5,fastened,0,NONE,rainy,clay,night
1179,EXC002,OP003,2024-01-25 13:00:00,134.5,931,181.7,56.3,4.39,72,97,8.3,6.3,92.6,fastened,0,P0562,cloudy,rock,night
1180,EXC001,OP002,2024-01-25 13:30:00,4107.2,2190,194.8,42.2,10.08,18,94,1.5,20.5,93.6,fastened,0,NONE,sunny,loam,day
1181,EXC004,OP003,2024-01-25 14:00:00,7502.4,2133,108.1,29.2,13.16,70,11,8.8,20.3,60.3,fastened,1,P0562,cloudy,loam,night
1182,EXC005,OP002,2024-01-25 14:30:00,2132.9,1023,216.1,76.8,9.34,38,80,15.1,16.3,52.6,fastened,0,NONE,windy,rock,night
1183,EXC004,OP008,2024-01-25 15:00:00,3983.0,2169,278.5,53.4,3.58,21,109,10.3,10.3,68.0,unfastened,0,NONE,cloudy,clay,night
1184,EXC003,OP001,2024-01-25 15:30:00,1472.8,725,245.3,8.2,1.21,79,105,5.7,1.0,92.4,unfastened,0,P0217,rainy,clay,night
1185,EXC003,OP007,2024-01-25 16:00:00,555.8,2347,305.48306841561157,42.9,1.15,28,45,16.6,0.6,77.7,fastened,1,NONE,windy,rock,night
1186,EXC002,OP010,2024-01-25 16:30:00,736.3,1913,290.0045608821516,93.2,1.79,81,96,2.8,3.0,40.5,fastened,0,NONE,cloudy,loam,day
1187,EXC001,OP008,2024-01-25 17:00:00,5843.4,678,258.3,40.5,8.91,66,98,5.9,13.1,103.50990154072711,fastened,0,P0562,windy,loam,day
1188,EXC003,OP005,2024-01-25 17:30:00,6926.2,964,157.8,44.3,5.55,60,50,7.9,17.6,71.7,fastened,0,NONE,cloudy,rock,night
1189,EXC003,OP001,2024-01-25 18:00:00,1232.1,1326,237.0,64.3,4.03,56,105,13.3,20.9,70.4,fastened,0,P0217,windy,loam,day
1190,EXC001,OP009,2024-01-25 18:30:00,2377.7,980,234.4,81.2,3.68,37,79,15.0,3.9,100.95509842673965,fastened,0,NONE,sunny,sand,night
1191,EXC003,OP001,2024-01-25 19:00:00,1640.7,2280,284.8,68.5,14.25,81,92,1.1,6.1,99.9,fastened,0,NONE,windy,clay,day
1192,EXC002,OP007,2024-01-25 19:30:00,312.2,2269,129.9,85.8,2.22,24,92,14.3,1.2,37.5,fastened,0,NONE,sunny,sand,day
1193,EXC001,OP007,2024-01-25 20:00:00,4472.1,2164,142.9,15.8,4.92,84,95,13.0,21.8,46.8,fastened,0,NONE,windy,clay,day
1194,EXC004,OP002,2024-01-25 20:30:00,5629.4,1382,206.9,92.8,7.34,34,115,16.1,17.2,59.4,fastened,0,P0217,rainy,rock,day
1195,EXC003,OP008,2024-01-25 21:00:00,5218.2,987,109.7,90.9,0.51,30,104,16.2,10.6,52.2,fastened,0,NONE,rainy,sand,night
1196,EXC004,OP002,2024-01-25 21:30:00,3165.6,927,191.4,54.3,13.85,42,56,14.0,12.7,60.6,fastened,1,NONE,windy,sand,night
1197,EXC004,OP003,2024-01-25 22:00:00,4484.6,2248,273.4,64.4,1.94,67,71,3.4,12.4,33.1,fastened,0,P0217,rainy,clay,day
1198,EXC005,OP009,2024-01-25 22:30:00,843.4,1196,303.12412094974286,25.2,10.4,64,81,5.6,5.6,35.0,fastened,0,P0217,rainy,loam,day
1199,EXC005,OP010,2024-01-25 23:00:00,1319.0,622,201.2,47.6,9.62,69,104,16.9,4.1,92.9,fastened,0,NONE,windy,sand,night
1200,EXC004,OP003,2024-01-25 23:30:00,7461.2,1315,317.7,24.3,12.23,8,53,10.8,6.5,37.7,fastened,0,NONE,windy,loam,night
1201,EXC005,OP010,2024-01-26 00:00:00,6115.9,1417,211.3,7.1,9.95,14,44,9.7,5.4,91.8,fastened,0,P0217,sunny,rock,night
1202,EXC003,OP010,2024-01-26 00:30:00,7389.6,2357,209.6,98.2,11.66,76,91,16.5,12.3,53.0,fastened,1,NONE,windy,rock,day
1203,EXC005,OP008,2024-01-26 01:00:00,7341.8,1209,222.9,29.6,6.61,88,114,15.7,6.8,107.25141014826536,unfastened,0,NONE,rainy,sand,day
1204,EXC004,OP002,2024-01-26 01:30:00,5230.2,2261,140.9,61.3,7.59,11,110,13.1,16.0,109.44922990381721,fastened,0,NONE,sunny,rock,night
1205,EXC004,OP003,2024-01-26 02:00:00,7433.1,1758,132.4,33.5,10.67,81,26,15.9,12.5,31.0,fastened,0,NONE,windy,clay,day
1206,EXC005,OP007,2024-01-26 02:30:00,3392.0,2375,249.0,40.2,8.74,23,111,2.0,11.7,56.6,fastened,0,P0562,windy,loam,night
1207,EXC003,OP010,2024-01-26 03:00:00,128.6,1260,294.6631440070171,42.8,7.92,88,96,13.6,20.9,92.7,unfastened,0,NONE,windy,sand,night
1208,EXC004,OP009,2024-01-26 03:30:00,594.3,1773,163.8,36.8,3.48,89,27,17.4,7.1,99.0,fastened,0,NONE,windy,clay,day
1209,EXC002,OP005,2024-01-26 04:00:00,964.9,1257,106.9,65.6,4.24,57,10,0.9,14.0,34.6,fastened,0,NONE,cloudy,loam,night
1210,EXC005,OP003,2024-01-26 04:30:00,853.3,1859,286.1,96.3,5.7,17,32,4.0,0.0,32.3,fastened,0,NONE,cloudy,clay,night
1211,EXC004,OP010,2024-01-26 05:00:00,2878.4,1942,107.1,45.7,0.63,70,112,14.3,16.2,41.9,unfastened,0,NONE,cloudy,sand,night
1212,EXC004,OP003,2024-01-26 05:30:00,5640.0,1179,303.1124909863369,97.5,6.55,9,93,9.4,11.1,87.5,fastened,0,P0217,cloudy,loam,day
1213,EXC003,OP004,2024-01-26 06:00:00,6346.1,643,184.0,68.4,0.54,83,73,1.6,4.6,45.4,fastened,0,NONE,sunny,sand,night
1214,EXC005,OP010,2024-01-26 06:30:00,4762.7,793,231.7,62.7,8.69,68,79,4.8,0.0,47.3,unfastened,0,NONE,rainy,clay,day
1215,EXC001,OP006,2024-01-26 07:00:00,1256.8,2210,299.05739080841914,27.5,10.71,6,55,5.8,15.6,96.7,fastened,0,NONE,windy,clay,night
1216,EXC001,OP003,2024-01-26 07:30:00,6008.4,647,134.2,11.0,8.65,66,109,5.8,14.6,95.6,fastened,0,NONE,windy,rock,day
1217,EXC003,OP001,2024-01-26 08:00:00,2902.9,1892,217.3,85.9,10.56,71,27,15.8,14.6,80.3,unfastened,0,NONE,rainy,rock,night
1218,EXC004,OP005,2024-01-26 08:30:00,202.6,791,253.0,59.5,0.5,8,44,11.9,9.6,42.3,fastened,0,NONE,windy,rock,day
1219,EXC005,OP010,2024-01-26 09:00:00,2316.7,789,143.0,44.4,1.36,33,32,13.2,14.1,58.6,fastened,0,NONE,sunny,rock,night
1220,EXC003,OP005,2024-01-26 09:30:00,2711.7,2351,196.0,82.1,10.63,0,103,0.2,12.6,47.7,unfastened,0,NONE,cloudy,sand,day
1221,EXC004,OP007,2024-01-26 10:00:00,2266.5,875,197.8,34.5,12.14,59,69,7.7,5.3,80.4,fastened,0,NONE,windy,loam,night
1222,EXC003,OP003,2024-01-26 10:30:00,6513.8,2155,147.5,79.4,10.91,7,85,5.7,11.4,88.5,fastened,0,NONE,windy,clay,day
1223,EXC005,OP008,2024-01-26 11:00:00,6103.4,1375,224.3,36.2,10.11,25,111,15.3,11.3,40.7,fastened,0,P0100,windy,loam,day
1224,EXC004,OP008,2024-01-26 11:30:00,5594.9,1146,132.1,92.5,10.76,47,31,17.2,18.1,97.3,fastened,0,P0100,cloudy,loam,day
1225,EXC003,OP007,2024-01-26 12:00:00,1198.1,732,212.1,30.5,11.22,19,116,7.6,9.5,64.7,fastened,0,NONE,sunny,clay,day
1226,EXC005,OP008,2024-01-26 12:30:00,6481.9,1815,125.0,18.1,11.0,20,23,17.5,9.6,89.6,fastened,0,NONE,windy,clay,day
1227,EXC001,OP006,2024-01-26 13:00:00,5449.7,638,206.8,71.3,11.2,88,92,0.3,21.7,33.9,fastened,0,NONE,cloudy,rock,day
1228,EXC005,OP004,2024-01-26 13:30:00,1639.2,1440,168.6,20.5,1.57,69,87,5.9,19.7,57.0,fastened,0,NONE,rainy,clay,day
1229,EXC001,OP008,2024-01-26 14:00:00,5219.9,2057,199.5,95.2,1.42,7,100,13.9,5.3,31.1,fastened,0,NONE,sunny,loam,night
1230,EXC002,OP009,2024-01-26 14:30:00,3919.7,1181,195.4,67.3,5.74,77,27,6.5,20.0,83.9,fastened,1,NONE,windy,sand,night
1231,EXC005,OP009,2024-01-26 15:00:00,3570.9,868,299.7,26.9,8.15,64,115,16.6,3.0,36.0,fastened,0,NONE,cloudy,loam,day
1232,EXC004,OP003,2024-01-26 15:30:00,985.8,1116,296.19690396373306,24.8,11.56,13,97,3.9,18.8,55.4,fastened,0,NONE,windy,clay,day
1233,EXC005,OP007,2024-01-26 16:00:00,4194.6,1648,280.1,92.8,5.35,81,22,14.3,4.0,88.6,fastened,1,NONE,rainy,clay,night
1234,EXC004,OP001,2024-01-26 16:30:00,889.5,724,149.6,62.7,4.49,66,71,3.6,9.4,86.2,fastened,0,NONE,cloudy,rock,night
1235,EXC004,OP006,2024-01-26 17:00:00,1397.6,1457,177.5,89.9,11.83,29,99,3.5,21.6,78.0,fastened,0,NONE,cloudy,loam,day
1236,EXC002,OP006,2024-01-26 17:30:00,1147.1,1588,116.5,15.5,4.12,13,62,8.0,2.1,82.1,fastened,0,NONE,windy,loam,day
1237,EXC001,OP004,2024-01-26 18:00:00,7637.5,1601,192.6,92.9,12.4,79,51,17.0,18.5,78.8,fastened,0,NONE,rainy,loam,night
1238,EXC001,OP010,2024-01-26 18:30:00,2350.4,1403,247.1,54.4,3.07,25,40,10.5,10.9,78.1,unfastened,0,P0217,rainy,rock,day
1239,EXC002,OP009,2024-01-26 19:00:00,2906.1,1758,284.4,68.5,5.71,53,66,11.4,2.4,56.2,fastened,0,NONE,rainy,clay,night
1240,EXC001,OP001,2024-01-26 19:30:00,2644.4,783,224.5,40.4,6.32,62,118,0.2,21.0,32.1,fastened,0,NONE,sunny,rock,day
1241,EXC003,OP003,2024-01-26 20:00:00,7196.2,1109,240.8,10.6,4.84,80,76,1.0,12.1,63.1,fastened,0,P0100,sunny,rock,night
1242,EXC004,OP003,2024-01-26 20:30:00,4547.4,987,139.0,96.0,0.55,70,89,1.2,19.4,33.4,fastened,0,NONE,sunny,sand,day
1243,EXC005,OP009,2024-01-26 21:00:00,7361.4,1765,108.2,99.5,3.91,45,95,14.8,19.1,65.2,fastened,0,NONE,cloudy,loam,day
1244,EXC003,OP006,2024-01-26 21:30:00,2469.4,2289,295.310204876676,39.6,5.4,31,95,4.3,0.3,64.8,fastened,0,NONE,rainy,loam,night
1245,EXC005,OP008,2024-01-26 22:00:00,1007.2,1955,136.7,94.7,5.05,58,54,5.9,5.8,43.4,fastened,0,NONE,cloudy,loam,night
1246,EXC005,OP009,2024-01-26 22:30:00,4494.1,671,120.1,20.9,11.89,78,94,11.0,7.4,88.8,fastened,0,NONE,sunny,loam,night
1247,EXC005,OP008,2024-01-26 23:00:00,2829.7,2258,306.3,19.7,1.19,84,46,10.5,11.8,82.8,fastened,0,NONE,cloudy,rock,night
1248,EXC003,OP001,2024-01-26 23:30:00,6435.1,2219,312.0,11.9,6.14,60,74,7.4,1.6,72.0,fastened,0,P0100,sunny,loam,day
1249,EXC002,OP002,2024-01-27 00:00:00,7047.4,1511,235.6,42.2,1.04,2,43,0.1,8.6,99.4,fastened,1,NONE,cloudy,clay,day
1250,EXC005,OP004,2024-01-27 00:30:00,3833.3,796,183.3,10.0,13.99,74,113,8.1,17.9,51.5,fastened,0,NONE,rainy,clay,day
1251,EXC002,OP004,2024-01-27 01:00:00,7773.7,718,283.3,42.5,11.96,77,90,13.3,3.8,49.7,fastened,0,NONE,cloudy,rock,day
1252,EXC003,OP008,2024-01-27 01:30:00,4468.8,1721,145.0,18.1,14.74,27,74,4.2,15.4,43.8,unfastened,0,NONE,sunny,clay,night
1253,EXC001,OP002,2024-01-27 02:00:00,2240.3,1099,194.5,74.4,13.7,39,59,12.8,10.1,70.8,fastened,0,NONE,sunny,loam,day
1254,EXC004,OP004,2024-01-27 02:30:00,3962.9,2129,178.5,84.2,5.08,18,67,0.3,1.6,105.27207475129693,fastened,0,NONE,cloudy,clay,day
1255,EXC004,OP003,2024-01-27 03:00:00,394.8,2165,300.8,70.3,10.53,84,95,16.3,3.9,95.2,fastened,0,NONE,sunny,sand,night
1256,EXC001,OP002,2024-01-27 03:30:00,6451.6,2265,302.4,24.0,4.95,88,40,17.1,3.1,52.8,fastened,1,NONE,windy,sand,night
1257,EXC002,OP002,2024-01-27 04:00:00,901.3,1458,243.2,77.9,13.38,14,101,0.0,13.6,66.8,fastened,0,NONE,sunny,rock,night
1258,EXC003,OP002,2024-01-27 04:30:00,2539.1,951,124.4,28.7,6.46,28,40,8.2,1.9,69.7,fastened,0,P0100,sunny,clay,night
1259,EXC003,OP006,2024-01-27 05:00:00,4566.0,921,206.1,77.2,5.95,33,25,7.4,18.1,53.1,fastened,0,NONE,rainy,loam,night
1260,EXC005,OP005,2024-01-27 05:30:00,439.5,2276,154.0,58.9,13.75,60,91,15.2,17.7,85.4,unfastened,0,NONE,rainy,loam,day
1261,EXC002,OP005,2024-01-27 06:00:00,726.6,1258,294.7,39.8,12.63,53,87,9.7,1.8,81.9,fastened,0,NONE,rainy,rock,day
1262,EXC005,OP005,2024-01-27 06:30:00,5599.3,1091,130.4,12.9,14.51,61,46,11.0,19.5,87.1,fastened,1,P0100,sunny,clay,day
1263,EXC003,OP008,2024-01-27 07:00:00,667.0,872,111.9,83.6,1.46,2,81,3.6,21.1,75.4,fastened,0,NONE,rainy,sand,day
1264,EXC005,OP009,2024-01-27 07:30:00,3869.0,1404,255.0,94.3,4.03,46,90,1.4,1.0,64.5,fastened,0,NONE,windy,clay,day
1265,EXC002,OP006,2024-01-27 08:00:00,2775.7,1722,199.7,68.3,4.86,18,96,12.5,20.9,63.7,fastened,0,P0562,rainy,rock,day
1266,EXC001,OP007,2024-01-27 08:30:00,1901.8,1186,284.4,96.6,6.65,20,114,11.2,6.1,83.7,unfastened,1,NONE,cloudy,loam,night
1267,EXC001,OP008,2024-01-27 09:00:00,1591.4,1560,116.4,93.7,7.36,69,103,15.0,14.6,58.3,fastened,0,NONE,cloudy,loam,night
1268,EXC002,OP007,2024-01-27 09:30:00,6130.9,1088,276.2,23.5,4.73,12,58,15.2,3.8,62.8,fastened,0,NONE,windy,loam,night
1269,EXC005,OP002,2024-01-27 10:00:00,7617.2,1866,108.2,74.5,11.96,2,35,11.4,18.0,42.3,fastened,0,NONE,sunny,rock,night
1270,EXC001,OP010,2024-01-27 10:30:00,1207.4,1767,106.2,38.2,3.74,43,20,9.7,18.5,81.0,fastened,0,NONE,rainy,clay,day
1271,EXC002,OP002,2024-01-27 11:00:00,7681.5,2246,311.2185373754049,51.3,10.6,66,73,16.5,21.5,35.8,fastened,0,P0562,cloudy,sand,night
1272,EXC001,OP005,2024-01-27 11:30:00,4798.6,695,148.7,19.9,12.85,45,83,14.4,21.8,104.3,fastened,0,NONE,windy,sand,night
1273,EXC005,OP007,2024-01-27 12:00:00,5169.1,665,230.6,97.6,9.25,83,85,15.9,1.7,40.8,fastened,0,NONE,sunny,clay,night
1274,EXC004,OP005,2024-01-27 12:30:00,5708.4,1212,105.7,74.0,5.64,69,11,17.9,14.5,58.7,fastened,0,NONE,rainy,loam,day
1275,EXC004,OP003,2024-01-27 13:00:00,5662.5,2288,107.8,30.4,3.22,34,87,7.3,6.0,100.37097332306132,fastened,0,NONE,cloudy,rock,night
1276,EXC004,OP010,2024-01-27 13:30:00,6576.5,1841,260.0,40.3,2.45,63,96,12.9,2.8,51.8,fastened,1,NONE,cloudy,loam,day
1277,EXC004,OP001,2024-01-27 14:00:00,3919.4,2255,146.2,45.1,11.29,18,89,12.4,3.3,54.2,fastened,0,P0562,cloudy,loam,day
1278,EXC004,OP003,2024-01-27 14:30:00,4313.5,916,244.4,76.0,7.3,82,67,3.1,20.6,83.9,fastened,0,NONE,sunny,rock,night
1279,EXC001,OP010,2024-01-27 15:00:00,2658.2,2363,265.0,92.9,1.17,25,11,11.5,15.0,43.3,fastened,0,P0562,windy,clay,night
1280,EXC005,OP008,2024-01-27 15:30:00,931.5,826,113.1,35.5,14.77,78,63,7.7,1.1,49.8,fastened,1,NONE,rainy,sand,night
1281,EXC004,OP001,2024-01-27 16:00:00,5350.7,1584,269.3,49.9,10.23,33,80,8.1,21.7,37.6,fastened,0,NONE,rainy,sand,night
1282,EXC004,OP008,2024-01-27 16:30:00,365.5,961,159.1,61.4,12.74,65,72,3.2,17.8,54.9,fastened,1,NONE,rainy,rock,day
1283,EXC002,OP010,2024-01-27 17:00:00,2277.5,2231,185.7,42.4,6.85,45,73,13.4,6.8,100.6,fastened,0,NONE,rainy,rock,day
1284,EXC005,OP001,2024-01-27 17:30:00,844.4,2243,119.1,52.9,14.35,6,66,12.6,10.4,58.5,fastened,0,NONE,rainy,loam,night
1285,EXC002,OP005,2024-01-27 18:00:00,1606.7,628,311.47317755813395,15.0,3.39,8,70,9.6,16.0,88.3,fastened,0,NONE,cloudy,clay,night
1286,EXC001,OP005,2024-01-27 18:30:00,5146.0,860,223.4,20.9,3.18,89,45,2.8,14.9,64.6,fastened,0,NONE,sunny,clay,day
1287,EXC005,OP002,2024-01-27 19:00:00,5065.0,1381,211.0,43.1,13.41,17,76,10.0,10.2,63.7,fastened,0,NONE,sunny,loam,night
1288,EXC002,OP003,2024-01-27 19:30:00,3426.3,670,313.1,91.9,13.43,54,40,1.8,11.3,91.8,fastened,0,NONE,rainy,sand,night
1289,EXC001,OP002,2024-01-27 20:00:00,812.4,1229,173.6,38.2,7.74,12,64,6.1,1.0,32.0,fastened,0,P0217,sunny,loam,day
1290,EXC004,OP002,2024-01-27 20:30:00,3523.7,1091,296.0,28.7,2.32,53,55,6.7,11.0,94.9,fastened,1,NONE,cloudy,loam,night
1291,EXC002,OP005,2024-01-27 21:00:00,2886.7,1628,258.3,75.6,4.93,18,88,15.9,7.5,66.4,fastened,0,NONE,rainy,clay,night
1292,EXC005,OP005,2024-01-27 21:30:00,5791.6,2390,304.3,95.2,11.44,16,108,7.5,6.3,56.3,fastened,0,NONE,rainy,rock,night
1293,EXC003,OP003,2024-01-27 22:00:00,4674.3,1844,299.7,48.6,12.77,33,79,10.8,5.9,98.0,fastened,0,NONE,sunny,clay,day
1294,EXC001,OP003,2024-01-27 22:30:00,3983.4,2253,318.0,5.8,5.54,52,24,15.7,14.3,55.5,fastened,0,NONE,rainy,clay,night
1295,EXC005,OP002,2024-01-27 23:00:00,3947.2,946,129.0,70.4,1.39,35,83,7.7,9.4,103.3,fastened,0,NONE,windy,clay,day
1296,EXC003,OP008,2024-01-27 23:30:00,7733.7,987,275.1,44.4,10.15,31,45,15.9,9.4,100.2,fastened,0,NONE,cloudy,loam,night
1297,EXC002,OP003,2024-01-28 00:00:00,6074.7,1951,277.0,69.0,11.22,30,15,2.5,3.5,50.1,fastened,0,NONE,sunny,clay,night
1298,EXC004,OP010,2024-01-28 00:30:00,4026.1,2324,241.8,31.4,6.65,81,31,6.6,21.2,55.5,unfastened,1,P0100,rainy,rock,night
1299,EXC003,OP006,2024-01-28 01:00:00,3885.9,2250,161.3,5.2,8.95,87,119,1.7,4.9,90.9,unfastened,0,NONE,rainy,sand,night
1300,EXC001,OP009,2024-01-28 01:30:00,309.2,1434,312.3,37.7,14.82,75,56,10.1,8.9,44.7,fastened,0,NONE,cloudy,sand,night
1301,EXC004,OP007,2024-01-28 02:00:00,7545.8,961,145.0,72.0,4.05,52,32,17.2,4.2,84.9,unfastened,0,NONE,rainy,clay,day
1302,EXC003,OP003,2024-01-28 02:30:00,2621.5,2119,209.9,42.3,8.81,37,24,11.8,15.5,39.7,fastened,0,NONE,windy,sand,day
1303,EXC004,OP007,2024-01-28 03:00:00,2121.9,1590,214.7,25.8,9.36,67,81,11.3,9.6,45.4,fastened,0,NONE,rainy,sand,night
1304,EXC005,OP003,2024-01-28 03:30:00,7995.3,2044,135.6,49.1,8.46,47,93,5.0,9.1,67.5,unfastened,0,NONE,windy,sand,night
1305,EXC004,OP002,2024-01-28 04:00:00,5777.6,1414,259.0,76.5,13.1,85,48,16.8,19.3,85.9,fastened,0,NONE,sunny,rock,night
1306,EXC004,OP003,2024-01-28 04:30:00,474.2,827,119.6,16.3,9.27,50,21,8.5,16.7,85.5,fastened,0,NONE,cloudy,loam,night
1307,EXC002,OP003,2024-01-28 05:00:00,588.9,1825,252.5,70.7,7.86,19,49,4.8,11.4,75.7,fastened,0,NONE,rainy,sand,day
1308,EXC002,OP002,2024-01-28 05:30:00,301.5,824,286.7,68.4,2.28,50,83,17.8,10.3,50.4,fastened,1,P0217,cloudy,clay,night
1309,EXC003,OP001,2024-01-28 06:00:00,4837.0,1793,176.9,40.2,10.7,69,22,7.6,21.1,61.2,unfastened,1,P0217,windy,rock,night
1310,EXC005,OP010,2024-01-28 06:30:00,665.4,1350,256.1,97.2,2.42,19,39,6.7,21.0,48.5,fastened,0,NONE,rainy,loam,night
1311,EXC003,OP006,2024-01-28 07:00:00,7473.8,2024,134.5,90.0,0.89,18,10,0.6,15.5,50.8,fastened,0,NONE,cloudy,rock,day
1312,EXC002,OP005,2024-01-28 07:30:00,7501.6,2166,286.1,35.0,7.58,53,61,3.2,16.7,54.2,fastened,1,P0562,windy,rock,day
1313,EXC004,OP010,2024-01-28 08:00:00,4413.8,1333,309.4,8.0,8.8,79,28,14.6,19.8,74.9,fastened,0,NONE,windy,rock,day
1314,EXC005,OP003,2024-01-28 08:30:00,4971.4,2187,133.6,34.3,14.99,30,31,8.7,21.2,45.6,fastened,0,NONE,sunny,loam,day
1315,EXC005,OP005,2024-01-28 09:00:00,2406.0,799,252.2,24.4,10.83,45,22,17.2,1.8,33.2,unfastened,0,NONE,rainy,clay,day
1316,EXC002,OP009,2024-01-28 09:30:00,605.4,2221,211.3,57.0,12.8,58,90,1.5,21.9,81.9,fastened,0,P0217,cloudy,loam,day
1317,EXC004,OP007,2024-01-28 10:00:00,5925.9,2388,216.9,92.3,5.52,59,63,11.1,15.5,109.49984154196656,unfastened,0,NONE,windy,loam,night
1318,EXC003,OP004,2024-01-28 10:30:00,904.1,1633,255.4,87.7,7.88,13,114,13.0,13.0,102.8,fastened,0,NONE,cloudy,loam,night
1319,EXC003,OP003,2024-01-28 11:00:00,775.9,1411,207.5,34.1,14.63,35,53,11.2,9.1,56.3,fastened,0,NONE,cloudy,sand,day
1320,EXC002,OP001,2024-01-28 11:30:00,2558.7,880,232.1,45.7,6.55,89,34,9.5,7.4,30.5,fastened,0,NONE,windy,loam,night
1321,EXC001,OP001,2024-01-28 12:00:00,198.5,1120,150.8,8.5,12.21,79,32,10.4,17.7,96.3,fastened,0,NONE,windy,clay,night
1322,EXC002,OP002,2024-01-28 12:30:00,3528.9,1835,183.3,56.7,8.13,69,114,12.4,14.4,75.0,fastened,0,NONE,sunny,sand,night
1323,EXC003,OP008,2024-01-28 13:00:00,5690.7,848,290.4,11.0,3.75,83,74,15.5,4.4,91.3,fastened,0,NONE,rainy,loam,night
1324,EXC005,OP007,2024-01-28 13:30:00,6430.7,2341,124.2,94.2,8.92,37,45,6.1,13.4,62.6,fastened,0,NONE,windy,sand,day
1325,EXC005,OP005,2024-01-28 14:00:00,4874.0,1333,231.5,87.4,3.66,4,81,8.3,3.1,56.6,unfastened,0,NONE,sunny,loam,day
1326,EXC001,OP008,2024-01-28 14:30:00,6790.3,1418,140.5,25.3,0.54,27,71,11.4,10.9,79.1,fastened,1,NONE,rainy,sand,night
1327,EXC004,OP002,2024-01-28 15:00:00,3311.4,893,286.2,71.4,3.92,77,22,5.7,12.8,60.5,fastened,1,NONE,windy,rock,night
1328,EXC001,OP003,2024-01-28 15:30:00,6805.3,749,227.4,59.0,3.3,34,87,3.2,14.0,71.7,fastened,1,P0100,windy,rock,day
1329,EXC004,OP004,2024-01-28 16:00:00,4101.1,1388,188.7,81.1,5.88,15,23,17.4,3.2,50.8,fastened,0,NONE,sunny,loam,night
1330,EXC002,OP010,2024-01-28 16:30:00,1862.0,2278,155.0,50.2,13.38,76,31,3.5,2.1,54.9,fastened,0,NONE,windy,sand,day
1331,EXC003,OP007,2024-01-28 17:00:00,7558.8,787,196.1,23.2,6.12,68,88,4.2,5.7,36.2,fastened,0,NONE,cloudy,loam,night
1332,EXC004,OP009,2024-01-28 17:30:00,2272.3,1335,310.7,65.8,12.76,58,58,11.1,13.4,88.6,fastened,0,P0562,cloudy,sand,night
1333,EXC003,OP003,2024-01-28 18:00:00,307.0,1754,212.0,12.6,8.56,72,34,1.4,20.5,56.2,fastened,0,P0217,cloudy,sand,night
1334,EXC005,OP009,2024-01-28 18:30:00,2017.1,2279,203.3,60.5,0.61,63,17,0.6,17.1,103.1,fastened,0,NONE,rainy,clay,night
1335,EXC003,OP001,2024-01-28 19:00:00,2996.8,2289,264.2,25.2,3.24,57,75,1.2,16.4,49.5,fastened,0,NONE,sunny,clay,day
1336,EXC005,OP003,2024-01-28 19:30:00,2875.7,1212,183.4,70.1,14.0,80,86,2.2,7.3,65.6,fastened,0,NONE,rainy,loam,night
1337,EXC004,OP006,2024-01-28 20:00:00,4244.9,1305,194.0,83.7,9.26,29,32,7.7,2.5,52.9,fastened,0,NONE,sunny,clay,day
1338,EXC002,OP001,2024-01-28 20:30:00,7076.7,713,174.1,15.4,13.98,71,55,14.9,19.6,82.0,fastened,0,NONE,windy,clay,night
1339,EXC004,OP009,2024-01-28 21:00:00,2409.5,1847,133.2,43.0,5.0,50,47,6.2,11.0,90.6,fastened,0,P0100,cloudy,clay,night
1340,EXC003,OP009,2024-01-28 21:30:00,4214.1,1092,257.0,74.7,10.89,60,108,7.7,2.2,103.7276193861054,fastened,0,NONE,rainy,sand,day
1341,EXC003,OP006,2024-01-28 22:00:00,2787.1,1833,292.1,20.6,11.69,42,96,10.8,11.8,57.5,fastened,0,P0217,sunny,clay,night
1342,EXC001,OP004,2024-01-28 22:30:00,6592.0,883,299.2,58.8,14.65,39,40,5.4,14.9,85.9,fastened,1,NONE,sunny,rock,day
1343,EXC001,OP001,2024-01-28 23:00:00,1345.1,1408,293.8,68.8,0.76,14,66,7.8,7.0,44.4,unfastened,0,P0217,sunny,loam,day
1344,EXC003,OP007,2024-01-28 23:30:00,917.7,1151,291.6353077413064,38.7,14.31,57,111,7.0,0.2,75.0,fastened,0,P0562,windy,rock,night
1345,EXC001,OP006,2024-01-29 00:00:00,4073.7,2386,162.5,84.0,6.18,11,48,6.2,13.7,85.0,fastened,0,NONE,sunny,rock,night
1346,EXC005,OP008,2024-01-29 00:30:00,5407.9,662,240.3,53.5,12.65,42,25,7.0,0.9,50.2,unfastened,1,NONE,sunny,loam,day
1347,EXC005,OP007,2024-01-29 01:00:00,6384.6,2263,310.0,64.6,8.4,36,42,0.2,9.5,79.2,fastened,0,NONE,rainy,loam,day
1348,EXC004,OP002,2024-01-29 01:30:00,4758.0,1106,260.0,18.4,8.69,69,76,16.0,18.1,85.1,unfastened,1,P0217,windy,rock,night
1349,EXC004,OP002,2024-01-29 02:00:00,6213.4,600,208.9,7.2,5.71,80,119,17.6,22.0,38.8,fastened,1,NONE,sunny,clay,night
1350,EXC003,OP008,2024-01-29 02:30:00,3202.4,1788,251.5,9.8,12.51,0,43,15.5,8.1,54.3,fastened,0,NONE,cloudy,loam,day
1351,EXC001,OP002,2024-01-29 03:00:00,359.7,861,310.66863025194175,90.9,4.33,87,16,0.1,0.4,60.5,fastened,0,NONE,rainy,loam,night
1352,EXC002,OP010,2024-01-29 03:30:00,1017.2,856,302.2,88.9,7.64,19,29,13.5,10.8,88.2,fastened,0,NONE,cloudy,sand,day
1353,EXC003,OP002,2024-01-29 04:00:00,405.9,668,267.9,81.7,8.62,34,55,10.3,6.1,72.6,fastened,0,NONE,sunny,clay,night
1354,EXC005,OP008,2024-01-29 04:30:00,2698.7,800,195.3,24.0,11.27,26,20,1.7,19.6,63.7,fastened,1,NONE,windy,clay,night
1355,EXC002,OP010,2024-01-29 05:00:00,4014.4,1335,160.2,54.9,7.34,14,13,16.8,15.7,53.9,fastened,1,P0562,cloudy,sand,night
1356,EXC003,OP005,2024-01-29 05:30:00,2914.9,838,301.73837269608055,80.6,10.36,85,82,14.0,8.9,30.3,fastened,0,NONE,rainy,rock,night
1357,EXC002,OP001,2024-01-29 06:00:00,4528.7,1865,172.2,69.1,7.54,22,100,2.6,16.8,31.5,fastened,0,P0562,cloudy,loam,day
1358,EXC001,OP009,2024-01-29 06:30:00,3896.8,739,307.4,16.0,10.06,45,35,17.4,7.5,48.0,unfastened,0,NONE,rainy,clay,day
1359,EXC001,OP002,2024-01-29 07:00:00,5455.7,2020,211.8,90.1,10.28,74,67,2.3,11.5,38.8,fastened,0,P0217,windy,sand,day
1360,EXC002,OP006,2024-01-29 07:30:00,5369.0,2174,203.9,20.3,10.79,32,73,8.2,20.3,39.0,fastened,0,NONE,cloudy,loam,day
1361,EXC001,OP010,2024-01-29 08:00:00,2612.7,1890,176.6,21.3,12.44,84,83,2.9,4.4,75.2,fastened,0,NONE,windy,clay,day
1362,EXC001,OP008,2024-01-29 08:30:00,2835.1,2299,240.7,90.6,8.34,36,117,2.7,6.9,75.4,fastened,1,P0100,cloudy,loam,day
1363,EXC002,OP001,2024-01-29 09:00:00,4722.7,2290,214.4,51.0,3.3,85,107,17.4,19.5,33.4,unfastened,0,NONE,cloudy,clay,day
1364,EXC002,OP009,2024-01-29 09:30:00,4811.8,683,128.4,40.4,10.35,40,44,10.3,10.2,74.5,fastened,0,NONE,sunny,sand,day
1365,EXC003,OP002,2024-01-29 10:00:00,2586.1,608,291.2,57.6,1.62,76,117,4.7,7.0,40.9,fastened,0,NONE,cloudy,clay,day
1366,EXC001,OP008,2024-01-29 10:30:00,2709.5,1968,179.0,98.2,3.67,78,13,14.0,0.8,58.3,fastened,0,NONE,rainy,loam,night
1367,EXC002,OP007,2024-01-29 11:00:00,5583.0,1211,195.2,16.4,11.99,77,115,15.8,9.2,104.2,fastened,0,NONE,rainy,sand,night
1368,EXC003,OP003,2024-01-29 11:30:00,5214.5,1926,145.2,76.9,6.81,86,25,16.5,11.0,69.2,fastened,0,NONE,cloudy,sand,day
1369,EXC005,OP005,2024-01-29 12:00:00,1166.9,1993,221.7,36.8,7.72,11,22,16.8,8.9,32.6,unfastened,0,P0562,cloudy,rock,night
1370,EXC004,OP002,2024-01-29 12:30:00,3584.2,2394,254.5,16.1,14.82,75,23,16.3,6.1,56.1,fastened,1,NONE,sunny,sand,day
1371,EXC005,OP010,2024-01-29 13:00:00,7152.4,1193,293.9,45.1,3.91,30,23,11.5,8.1,80.3,fastened,0,NONE,windy,loam,day
1372,EXC002,OP003,2024-01-29 13:30:00,386.8,1226,111.4,57.1,0.78,75,60,6.2,14.1,46.8,fastened,0,NONE,cloudy,sand,night
1373,EXC003,OP004,2024-01-29 14:00:00,6855.8,643,314.1,24.6,2.11,86,80,16.7,19.6,102.3,fastened,0,NONE,cloudy,loam,night
1374,EXC003,OP006,2024-01-29 14:30:00,1389.1,1113,254.8,43.5,4.05,17,91,2.2,14.3,61.9,fastened,0,NONE,windy,rock,night
1375,EXC005,OP007,2024-01-29 15:00:00,4107.3,2213,162.5,65.4,11.03,33,11,3.0,14.2,31.6,fastened,0,P0100,rainy,rock,day
1376,EXC005,OP006,2024-01-29 15:30:00,3452.3,1415,300.62360630342255,59.8,11.75,24,42,7.8,18.0,70.5,fastened,0,NONE,windy,loam,day
1377,EXC005,OP006,2024-01-29 16:00:00,180.0,1358,165.1,73.7,8.7,27,24,5.1,3.6,80.7,unfastened,0,NONE,cloudy,rock,night
1378,EXC004,OP006,2024-01-29 16:30:00,7331.6,2141,292.7,84.5,4.2,53,26,11.1,6.6,64.2,fastened,0,NONE,cloudy,sand,night
1379,EXC003,OP009,2024-01-29 17:00:00,3693.9,863,164.1,43.9,8.07,72,92,16.3,1.1,99.6,fastened,0,NONE,rainy,rock,day
1380,EXC003,OP004,2024-01-29 17:30:00,7638.7,1911,201.8,45.2,0.72,59,80,8.8,7.7,97.6,fastened,0,NONE,windy,rock,day
1381,EXC005,OP009,2024-01-29 18:00:00,2365.3,609,255.3,52.2,10.39,60,33,10.0,22.0,40.4,fastened,0,NONE,windy,sand,night
1382,EXC002,OP008,2024-01-29 18:30:00,6943.6,1448,319.170219328021,58.8,9.41,18,43,7.6,7.2,36.0,fastened,0,NONE,cloudy,sand,day
1383,EXC002,OP010,2024-01-29 19:00:00,7386.9,1913,244.9,15.3,0.82,3,111,12.7,18.9,53.4,fastened,0,NONE,rainy,loam,night
1384,EXC005,OP010,2024-01-29 19:30:00,4499.0,1040,265.7,34.7,12.35,67,73,1.8,1.9,75.6,fastened,0,NONE,cloudy,sand,night
1385,EXC002,OP008,2024-01-29 20:00:00,1701.2,1364,138.1,21.3,11.57,16,36,0.9,10.1,75.1,fastened,1,NONE,cloudy,clay,day
1386,EXC002,OP003,2024-01-29 20:30:00,5513.5,1908,293.0,41.7,4.97,17,112,11.5,7.7,50.4,unfastened,0,NONE,cloudy,rock,day
1387,EXC003,OP008,2024-01-29 21:00:00,4436.9,2030,160.7,97.5,9.71,54,31,9.6,4.4,101.3,unfastened,0,NONE,sunny,clay,night
1388,EXC002,OP008,2024-01-29 21:30:00,7561.8,2380,128.2,60.4,9.22,71,42,7.3,8.2,53.0,fastened,0,NONE,windy,loam,night
1389,EXC005,OP003,2024-01-29 22:00:00,3570.2,768,314.8,45.8,2.58,65,86,6.0,14.3,90.3,fastened,0,NONE,sunny,loam,night
1390,EXC005,OP007,2024-01-29 22:30:00,2221.3,1319,144.4,58.8,3.3,27,66,0.9,10.8,92.4,fastened,0,NONE,cloudy,rock,night
1391,EXC002,OP003,2024-01-29 23:00:00,1192.5,1288,130.1,68.6,10.41,47,17,12.3,18.6,37.4,fastened,0,NONE,cloudy,clay,day
1392,EXC003,OP006,2024-01-29 23:30:00,5619.2,1803,237.7,46.3,14.04,76,98,7.6,19.9,47.4,fastened,1,NONE,sunny,loam,night
1393,EXC005,OP008,2024-01-30 00:00:00,7795.5,1355,170.1,47.5,8.86,88,35,8.0,10.6,109.70341918718483,fastened,0,NONE,cloudy,clay,day
1394,EXC004,OP002,2024-01-30 00:30:00,323.9,1320,129.3,71.6,8.73,65,86,16.1,21.6,99.0,fastened,0,P0562,windy,clay,day
1395,EXC002,OP004,2024-01-30 01:00:00,5949.5,902,232.2,10.8,9.88,80,46,13.3,1.6,56.3,unfastened,0,NONE,cloudy,sand,night
1396,EXC003,OP008,2024-01-30 01:30:00,7422.7,1461,267.0,56.3,6.89,47,92,3.9,6.1,92.7,unfastened,0,NONE,rainy,rock,day
1397,EXC004,OP005,2024-01-30 02:00:00,690.8,2312,274.5,57.0,1.29,36,108,11.8,9.2,65.9,fastened,0,NONE,rainy,rock,night
1398,EXC004,OP010,2024-01-30 02:30:00,970.3,1544,134.2,76.9,6.25,73,94,2.4,12.8,64.3,unfastened,0,NONE,windy,sand,night
1399,EXC001,OP001,2024-01-30 03:00:00,5566.5,2199,222.5,98.4,13.55,27,111,3.5,12.0,97.8,fastened,0,NONE,rainy,loam,night
1400,EXC002,OP008,2024-01-30 03:30:00,5218.9,2221,279.0,80.6,12.17,73,69,12.9,12.5,63.1,fastened,0,NONE,rainy,loam,night
1401,EXC005,OP009,2024-01-30 04:00:00,643.7,1460,135.4,52.9,13.95,89,17,2.3,19.7,109.3015933296814,fastened,0,P0562,windy,clay,night
1402,EXC002,OP010,2024-01-30 04:30:00,6691.9,2359,145.7,21.1,2.72,35,68,5.0,6.1,105.63609950328335,fastened,0,NONE,rainy,clay,night
1403,EXC002,OP002,2024-01-30 05:00:00,4235.0,2204,100.5,60.9,7.84,57,60,16.2,18.0,37.6,fastened,0,NONE,rainy,rock,night
1404,EXC002,OP010,2024-01-30 05:30:00,7266.9,1399,215.4,84.3,8.98,70,89,13.3,12.3,34.0,fastened,0,NONE,sunny,clay,day
1405,EXC001,OP004,2024-01-30 06:00:00,7036.1,1974,142.8,93.6,3.54,70,37,16.7,10.8,45.6,fastened,0,NONE,rainy,sand,day
1406,EXC001,OP004,2024-01-30 06:30:00,6518.8,1216,259.3,83.4,3.41,18,86,15.9,6.6,84.2,unfastened,0,NONE,windy,loam,night
1407,EXC002,OP004,2024-01-30 07:00:00,4175.6,2181,311.7,23.0,11.84,86,58,5.6,6.7,58.0,fastened,0,NONE,cloudy,clay,night
1408,EXC005,OP007,2024-01-30 07:30:00,2088.5,1272,145.9,72.7,10.24,45,83,11.4,8.5,64.1,fastened,0,NONE,sunny,sand,day
1409,EXC001,OP007,2024-01-30 08:00:00,4097.2,1064,242.8,88.6,9.88,3,56,6.8,16.8,37.6,fastened,0,P0100,rainy,loam,day
1410,EXC002,OP005,2024-01-30 08:30:00,896.4,841,305.1313485652524,69.7,4.37,10,52,12.5,10.5,76.7,fastened,0,P0217,sunny,rock,day
1411,EXC001,OP001,2024-01-30 09:00:00,5304.9,2116,104.0,70.1,7.85,65,33,6.3,3.4,90.3,fastened,0,NONE,rainy,rock,night
1412,EXC003,OP010,2024-01-30 09:30:00,1158.4,1134,266.9,52.5,0.83,38,101,0.0,16.7,76.9,fastened,0,NONE,windy,loam,night
1413,EXC002,OP003,2024-01-30 10:00:00,4138.3,2063,195.5,65.5,2.38,9,17,1.7,14.6,103.8,fastened,0,NONE,cloudy,loam,day
1414,EXC004,OP001,2024-01-30 10:30:00,529.6,755,305.27529727662034,33.0,8.01,46,35,13.9,20.9,31.2,unfastened,1,NONE,sunny,sand,night
1415,EXC003,OP006,2024-01-30 11:00:00,2466.1,1501,217.5,13.4,4.99,53,56,1.5,11.6,31.2,fastened,0,NONE,cloudy,rock,night
1416,EXC004,OP005,2024-01-30 11:30:00,1933.4,1370,134.6,83.6,14.5,7,27,10.8,14.4,102.49656150727945,fastened,0,NONE,sunny,rock,night
1417,EXC004,OP007,2024-01-30 12:00:00,4998.2,1389,199.0,94.6,7.34,31,110,15.4,10.5,50.0,fastened,1,P0562,cloudy,sand,night
1418,EXC003,OP009,2024-01-30 12:30:00,6315.6,696,144.6,86.4,1.71,86,47,13.3,15.0,81.5,unfastened,0,NONE,cloudy,loam,day
1419,EXC005,OP001,2024-01-30 13:00:00,552.7,732,293.2,36.7,0.76,70,36,7.4,9.6,89.5,fastened,0,NONE,windy,rock,day
1420,EXC003,OP003,2024-01-30 13:30:00,6817.2,1223,252.0,13.9,11.02,58,37,3.8,3.0,37.7,unfastened,0,P0100,windy,rock,night
1421,EXC005,OP006,2024-01-30 14:00:00,6900.1,2212,175.1,31.6,2.99,7,31,16.6,21.7,98.8,fastened,0,P0217,cloudy,sand,night
1422,EXC005,OP008,2024-01-30 14:30:00,2803.9,2028,216.1,85.1,3.22,55,82,10.2,15.8,32.2,fastened,0,P0562,windy,clay,night
1423,EXC003,OP007,2024-01-30 15:00:00,5306.1,1432,247.3,67.3,6.65,81,62,7.3,13.4,81.6,fastened,0,NONE,cloudy,clay,night
1424,EXC004,OP004,2024-01-30 15:30:00,3280.6,1042,272.2,96.8,4.33,4,35,17.0,10.6,58.8,fastened,0,NONE,sunny,loam,day
1425,EXC002,OP007,2024-01-30 16:00:00,1318.1,1072,117.6,37.6,9.44,88,106,3.9,15.7,80.1,fastened,0,NONE,windy,rock,day
1426,EXC005,OP010,2024-01-30 16:30:00,4276.4,1701,105.0,57.4,7.54,8,82,8.0,2.8,37.3,fastened,1,NONE,cloudy,rock,night
1427,EXC004,OP005,2024-01-30 17:00:00,782.2,1384,299.38858962645656,80.1,2.12,56,54,2.0,7.2,100.3,fastened,0,NONE,windy,clay,day
1428,EXC005,OP009,2024-01-30 17:30:00,7039.9,2222,186.9,27.2,11.88,31,66,2.2,2.7,100.3,fastened,1,NONE,rainy,loam,night
1429,EXC002,OP008,2024-01-30 18:00:00,7401.9,796,202.7,96.6,6.67,70,82,7.2,2.8,69.0,fastened,0,P0217,windy,sand,day
1430,EXC004,OP004,2024-01-30 18:30:00,6590.7,1620,130.0,61.3,9.36,75,26,12.6,0.5,68.2,fastened,0,P0100,rainy,rock,day
1431,EXC003,OP003,2024-01-30 19:00:00,4544.0,715,190.5,5.8,0.56,76,98,6.1,16.6,77.6,fastened,0,NONE,rainy,sand,day
1432,EXC001,OP008,2024-01-30 19:30:00,4505.0,948,197.2,7.4,9.58,78,38,12.4,5.0,73.5,fastened,1,NONE,sunny,clay,night
1433,EXC001,OP003,2024-01-30 20:00:00,7878.4,2130,124.0,88.8,4.6,73,13,14.5,18.3,70.8,fastened,1,NONE,cloudy,clay,day
1434,EXC003,OP004,2024-01-30 20:30:00,2058.4,1220,301.7,66.3,7.67,27,67,15.8,19.9,74.2,unfastened,0,NONE,cloudy,loam,night
1435,EXC002,OP003,2024-01-30 21:00:00,700.0,1357,316.98713508980757,77.5,4.82,41,106,0.8,3.7,94.4,fastened,0,NONE,cloudy,clay,night
1436,EXC001,OP007,2024-01-30 21:30:00,4539.3,1662,185.5,79.5,14.95,64,90,13.9,15.6,106.15221816244883,fastened,0,P0217,rainy,clay,night
1437,EXC003,OP003,2024-01-30 22:00:00,2697.4,2260,211.5,44.9,3.85,15,43,2.6,10.1,44.7,fastened,0,NONE,windy,sand,night
1438,EXC004,OP007,2024-01-30 22:30:00,2646.5,1511,169.1,80.9,13.74,51,53,12.6,20.2,98.5,fastened,0,NONE,sunny,loam,day
1439,EXC002,OP010,2024-01-30 23:00:00,156.0,1223,288.0,94.1,13.81,47,75,6.7,10.7,46.2,fastened,0,NONE,rainy,rock,night
1440,EXC005,OP009,2024-01-30 23:30:00,4810.3,867,226.5,21.4,6.6,88,35,12.7,8.3,42.4,fastened,0,NONE,windy,loam,night
1441,EXC004,OP010,2024-01-31 00:00:00,2185.9,1353,208.9,77.6,4.91,4,100,3.8,6.5,104.8,unfastened,0,NONE,cloudy,clay,day
1442,EXC003,OP001,2024-01-31 00:30:00,1584.1,1404,300.4,34.2,6.03,8,42,11.6,19.9,46.0,fastened,1,NONE,cloudy,loam,night
1443,EXC005,OP005,2024-01-31 01:00:00,419.4,935,284.4,35.5,14.85,2,33,2.3,5.0,37.5,fastened,0,NONE,cloudy,clay,day
1444,EXC003,OP003,2024-01-31 01:30:00,2978.5,1577,278.8,44.2,9.47,49,20,3.1,18.2,72.2,fastened,0,NONE,windy,clay,night
1445,EXC001,OP010,2024-01-31 02:00:00,7043.9,1943,149.6,87.1,8.4,49,86,11.1,4.3,92.0,fastened,0,NONE,windy,sand,night
1446,EXC001,OP008,2024-01-31 02:30:00,2759.7,714,133.7,7.1,1.02,75,12,6.1,14.2,34.6,fastened,0,NONE,rainy,sand,day
1447,EXC005,OP004,2024-01-31 03:00:00,5464.7,2339,251.8,46.2,12.79,21,98,12.7,9.9,66.8,fastened,0,P0100,cloudy,sand,day
1448,EXC005,OP006,2024-01-31 03:30:00,6076.7,1702,203.1,69.6,1.72,27,117,12.3,2.3,35.1,fastened,1,P0217,rainy,clay,day
1449,EXC004,OP007,2024-01-31 04:00:00,2692.0,2380,250.4,15.5,1.18,37,22,11.2,2.8,62.2,fastened,0,P0100,rainy,sand,night
1450,EXC001,OP005,2024-01-31 04:30:00,6591.0,726,267.3,80.3,4.49,4,20,13.1,6.2,55.8,fastened,0,P0562,windy,sand,night
1451,EXC002,OP005,2024-01-31 05:00:00,5565.8,816,165.0,94.5,7.4,69,112,14.3,16.9,40.3,fastened,0,P0217,sunny,rock,night
1452,EXC001,OP001,2024-01-31 05:30:00,4518.0,1205,162.6,13.6,13.48,4,23,16.4,16.0,99.8,fastened,0,P0100,sunny,sand,day
1453,EXC001,OP005,2024-01-31 06:00:00,107.8,1878,290.4399917990968,19.5,11.96,60,54,1.4,4.5,77.6,fastened,0,NONE,cloudy,clay,day
1454,EXC002,OP004,2024-01-31 06:30:00,377.2,2047,160.2,97.5,3.37,40,105,10.3,10.5,93.2,fastened,0,NONE,cloudy,rock,night
1455,EXC003,OP009,2024-01-31 07:00:00,7927.8,1050,246.8,23.8,5.9,89,25,13.5,2.1,97.9,fastened,0,NONE,rainy,rock,day
1456,EXC001,OP009,2024-01-31 07:30:00,6280.0,1066,310.71093355562897,12.5,11.81,62,82,3.9,15.8,99.8,fastened,1,P0100,rainy,sand,day
1457,EXC005,OP008,2024-01-31 08:00:00,7506.8,707,203.8,95.5,8.14,42,52,4.7,17.5,86.1,unfastened,0,P0100,windy,clay,day
1458,EXC003,OP001,2024-01-31 08:30:00,7228.2,1689,259.2,89.8,3.03,63,57,4.8,19.7,53.0,fastened,0,NONE,windy,loam,night
1459,EXC002,OP009,2024-01-31 09:00:00,261.5,1993,212.3,67.3,6.24,10,112,10.3,19.5,92.2,fastened,0,P0100,sunny,rock,day
1460,EXC003,OP004,2024-01-31 09:30:00,6355.6,1338,256.8,57.4,9.58,16,81,6.6,7.4,69.0,fastened,1,NONE,windy,sand,day
1461,EXC004,OP005,2024-01-31 10:00:00,3664.1,889,149.5,92.3,14.61,44,45,12.0,5.6,50.4,fastened,0,NONE,windy,rock,night
1462,EXC002,OP010,2024-01-31 10:30:00,6337.5,1169,262.5,67.3,10.1,77,112,11.0,19.7,58.9,fastened,0,NONE,cloudy,sand,night
1463,EXC001,OP009,2024-01-31 11:00:00,153.1,1325,257.3,67.5,0.73,73,73,11.8,3.2,52.6,fastened,0,NONE,sunny,clay,night
1464,EXC001,OP001,2024-01-31 11:30:00,2376.8,2249,158.7,85.2,10.72,33,20,4.5,1.3,65.0,fastened,1,NONE,windy,rock,night
1465,EXC005,OP004,2024-01-31 12:00:00,6035.5,823,222.3,67.1,4.14,25,53,13.8,6.9,105.93427863177116,fastened,0,NONE,sunny,clay,day
1466,EXC001,OP008,2024-01-31 12:30:00,6364.9,1217,292.1168116372522,52.8,13.0,86,36,12.0,16.7,66.4,fastened,0,NONE,sunny,sand,day
1467,EXC004,OP006,2024-01-31 13:00:00,4995.7,1748,154.9,42.0,6.07,50,80,2.4,15.3,50.1,fastened,0,NONE,cloudy,rock,night
1468,EXC002,OP003,2024-01-31 13:30:00,2479.9,1026,261.9,52.8,3.39,10,104,3.6,21.7,36.6,fastened,0,P0217,sunny,rock,day
1469,EXC004,OP006,2024-01-31 14:00:00,2551.9,2192,309.9,54.6,7.29,20,14,5.4,7.9,94.2,unfastened,0,NONE,cloudy,loam,night
1470,EXC001,OP009,2024-01-31 14:30:00,7737.4,2236,290.6,39.3,4.2,75,95,16.8,6.1,61.3,fastened,0,NONE,sunny,rock,night
1471,EXC005,OP003,2024-01-31 15:00:00,3569.8,1284,188.3,47.6,3.92,80,110,5.9,8.3,63.1,fastened,0,NONE,sunny,clay,night
1472,EXC004,OP008,2024-01-31 15:30:00,3632.3,1942,233.6,81.2,8.81,81,119,0.4,17.2,87.3,unfastened,0,P0100,windy,rock,night
1473,EXC003,OP008,2024-01-31 16:00:00,4463.4,1960,318.2,44.6,11.63,0,82,2.5,4.7,93.7,fastened,0,NONE,cloudy,loam,night
1474,EXC002,OP009,2024-01-31 16:30:00,3335.1,1827,225.1,7.4,12.61,74,44,0.6,20.9,68.3,unfastened,0,NONE,rainy,rock,night
1475,EXC005,OP003,2024-01-31 17:00:00,4466.1,935,125.3,31.9,6.27,10,25,7.3,11.3,77.4,fastened,0,NONE,windy,rock,day
1476,EXC002,OP003,2024-01-31 17:30:00,3515.4,654,110.0,27.0,1.47,63,113,14.3,17.2,47.9,fastened,0,NONE,cloudy,loam,day
1477,EXC003,OP006,2024-01-31 18:00:00,6631.0,1225,273.9,80.4,7.52,79,55,8.1,18.2,100.1,unfastened,0,NONE,cloudy,rock,night
1478,EXC002,OP006,2024-01-31 18:30:00,7281.5,836,193.2,47.7,6.79,32,47,15.1,10.5,72.6,fastened,0,NONE,rainy,loam,night
1479,EXC002,OP005,2024-01-31 19:00:00,7463.7,1126,154.3,31.6,3.36,17,90,0.9,16.3,105.58718741988456,fastened,0,P0100,rainy,rock,day
1480,EXC003,OP008,2024-01-31 19:30:00,4557.9,1749,176.5,82.0,13.49,64,88,8.5,8.0,38.6,fastened,0,NONE,sunny,clay,night
1481,EXC001,OP008,2024-01-31 20:00:00,3593.0,1659,266.6,6.8,14.63,6,99,14.2,17.8,77.8,fastened,1,P0217,windy,clay,day
1482,EXC001,OP003,2024-01-31 20:30:00,5671.4,976,202.4,21.6,1.25,52,107,12.1,18.1,57.7,fastened,0,NONE,sunny,sand,day
1483,EXC002,OP008,2024-01-31 21:00:00,6722.8,631,291.1,83.6,12.04,29,106,15.4,12.5,63.8,fastened,0,NONE,rainy,sand,night
1484,EXC001,OP003,2024-01-31 21:30:00,4547.6,1006,261.7,57.3,9.86,38,28,4.9,4.8,81.2,fastened,0,NONE,sunny,loam,day
1485,EXC003,OP005,2024-01-31 22:00:00,5629.9,1418,314.3,78.5,4.29,74,28,9.0,21.3,89.7,fastened,0,NONE,sunny,rock,night
1486,EXC005,OP001,2024-01-31 22:30:00,6022.9,2002,295.5,84.6,9.71,89,32,12.2,20.8,56.2,unfastened,0,NONE,sunny,clay,day
1487,EXC001,OP004,2024-01-31 23:00:00,5443.5,687,156.0,94.5,2.37,78,79,3.0,13.6,95.5,unfastened,0,P0100,rainy,sand,day
1488,EXC001,OP010,2024-01-31 23:30:00,5994.5,1114,245.0,11.0,1.51,26,73,14.7,21.6,46.4,fastened,0,NONE,cloudy,rock,night
1489,EXC001,OP005,2024-02-01 00:00:00,1748.3,1592,104.5,80.9,14.91,75,104,5.6,11.1,72.2,fastened,0,P0562,rainy,loam,night
1490,EXC003,OP008,2024-02-01 00:30:00,4037.2,728,318.0,72.3,9.73,37,102,1.7,8.3,41.3,fastened,0,NONE,cloudy,rock,night
1491,EXC002,OP002,2024-02-01 01:00:00,4747.3,1005,157.4,24.7,4.17,17,99,13.8,10.1,51.7,fastened,0,NONE,sunny,clay,night
1492,EXC003,OP007,2024-02-01 01:30:00,119.6,665,246.3,93.5,7.03,81,18,12.7,1.0,97.2,fastened,0,NONE,windy,clay,day
1493,EXC001,OP004,2024-02-01 02:00:00,6862.1,1546,286.8,43.4,14.28,89,86,15.9,12.1,30.9,fastened,0,NONE,windy,sand,day
1494,EXC002,OP008,2024-02-01 02:30:00,4919.2,1397,135.3,89.3,6.86,26,103,16.1,14.7,98.7,unfastened,0,NONE,windy,sand,day
1495,EXC003,OP010,2024-02-01 03:00:00,1120.2,2367,286.5,62.5,13.56,14,118,5.0,2.4,109.37479901633772,fastened,1,NONE,sunny,clay,night
1496,EXC003,OP006,2024-02-01 03:30:00,6549.2,1710,102.7,55.0,13.1,13,47,11.5,5.6,82.2,fastened,0,NONE,windy,loam,day
1497,EXC003,OP002,2024-02-01 04:00:00,5764.8,631,197.2,20.2,5.49,80,95,18.0,15.9,36.9,unfastened,0,NONE,rainy,clay,day
1498,EXC004,OP005,2024-02-01 04:30:00,6090.6,2163,203.8,91.9,10.59,27,54,4.4,17.5,78.1,fastened,0,NONE,sunny,clay,day
1499,EXC003,OP002,2024-02-01 05:00:00,3197.1,2252,182.3,57.9,10.08,56,27,8.5,21.7,98.2,fastened,0,NONE,sunny,clay,day
1500,EXC005,OP005,2024-02-01 05:30:00,6848.2,799,229.0,5.6,11.68,68,47,16.4,5.6,71.6,fastened,0,NONE,rainy,clay,night
1501,EXC003,OP001,2024-02-01 06:00:00,3370.8,2256,301.3,6.7,5.81,0,37,1.9,18.5,57.2,unfastened,0,NONE,rainy,rock,day
1502,EXC002,OP007,2024-02-01 06:30:00,4607.0,954,171.9,78.9,1.26,77,110,16.7,3.8,89.5,fastened,0,NONE,sunny,loam,night
1503,EXC002,OP004,2024-02-01 07:00:00,105.1,1047,227.4,20.4,2.98,2,29,8.8,2.9,83.5,fastened,0,P0100,cloudy,loam,day
1504,EXC002,OP003,2024-02-01 07:30:00,5194.5,1553,293.0,61.9,9.44,10,24,16.1,16.0,38.8,unfastened,0,P0562,sunny,loam,day
1505,EXC003,OP001,2024-02-01 08:00:00,5773.6,652,270.1,69.7,11.74,65,73,11.2,9.8,79.9,fastened,0,NONE,windy,rock,night
1506,EXC002,OP009,2024-02-01 08:30:00,4580.2,1255,109.0,31.5,11.46,55,73,12.1,17.5,79.8,fastened,0,P0217,rainy,rock,day
1507,EXC005,OP009,2024-02-01 09:00:00,4022.8,950,307.4,59.1,8.96,88,71,13.9,6.2,86.4,fastened,0,NONE,cloudy,sand,day
1508,EXC003,OP009,2024-02-01 09:30:00,6498.5,784,110.3,27.8,1.73,69,26,1.2,4.7,53.7,fastened,0,NONE,cloudy,sand,day
1509,EXC005,OP001,2024-02-01 10:00:00,5482.8,2066,229.5,94.9,0.75,37,64,11.3,12.1,60.1,fastened,0,P0100,windy,loam,day
1510,EXC004,OP004,2024-02-01 10:30:00,2296.8,2263,226.6,86.7,11.84,60,112,16.6,2.5,102.0,fastened,0,NONE,rainy,clay,night
1511,EXC002,OP010,2024-02-01 11:00:00,7676.7,981,273.0,32.4,8.47,68,19,17.2,6.1,73.0,fastened,0,NONE,cloudy,loam,day
1512,EXC002,OP006,2024-02-01 11:30:00,5687.4,1580,132.7,55.2,11.85,60,97,17.4,3.7,68.1,fastened,1,NONE,windy,loam,day
1513,EXC004,OP002,2024-02-01 12:00:00,7904.7,1453,139.5,52.6,2.86,33,23,11.6,7.0,104.0,fastened,0,P0217,rainy,clay,night
1514,EXC002,OP002,2024-02-01 12:30:00,7773.0,1347,265.5,96.2,6.41,86,35,11.4,16.8,47.2,fastened,0,NONE,sunny,clay,day
1515,EXC002,OP003,2024-02-01 13:00:00,7359.4,1738,132.9,42.4,13.83,27,108,9.9,2.7,59.8,fastened,0,P0100,rainy,sand,day
1516,EXC005,OP010,2024-02-01 13:30:00,6067.4,2380,203.3,58.4,2.99,31,42,10.9,13.5,87.0,fastened,0,NONE,windy,loam,night
1517,EXC003,OP002,2024-02-01 14:00:00,4914.5,1329,261.0,93.2,1.39,24,67,11.0,12.9,83.5,fastened,0,P0562,windy,sand,night
1518,EXC001,OP010,2024-02-01 14:30:00,1460.1,2263,243.3,20.5,9.98,26,51,0.8,11.8,102.5,unfastened,0,NONE,sunny,loam,night
1519,EXC003,OP007,2024-02-01 15:00:00,4392.5,2243,146.3,57.3,9.12,19,77,1.6,10.7,79.1,unfastened,0,NONE,windy,rock,night
1520,EXC003,OP010,2024-02-01 15:30:00,6146.5,2277,166.9,15.0,14.3,52,54,11.1,14.6,107.1152946580186,fastened,0,P0100,windy,clay,night
1521,EXC005,OP009,2024-02-01 16:00:00,4214.8,1180,313.2,63.7,13.64,65,58,5.7,18.7,59.8,unfastened,0,NONE,sunny,rock,night
1522,EXC004,OP004,2024-02-01 16:30:00,6959.1,1502,198.7,39.7,11.37,38,99,5.4,3.6,36.7,fastened,1,NONE,rainy,rock,day
1523,EXC001,OP009,2024-02-01 17:00:00,966.3,2152,109.8,96.9,0.78,83,70,3.5,17.9,99.3,fastened,0,P0100,windy,loam,day
1524,EXC001,OP002,2024-02-01 17:30:00,3109.4,1506,148.3,44.5,7.47,42,72,14.4,1.4,39.7,fastened,0,P0217,sunny,loam,day
1525,EXC004,OP003,2024-02-01 18:00:00,4097.1,1466,175.3,17.9,13.49,42,98,17.4,10.6,70.9,fastened,0,NONE,windy,rock,day
1526,EXC001,OP003,2024-02-01 18:30:00,3515.4,2259,319.9,84.2,6.79,6,57,11.3,11.3,60.1,fastened,0,NONE,cloudy,loam,night
1527,EXC002,OP002,2024-02-01 19:00:00,957.8,2091,166.6,83.0,14.45,81,100,17.0,4.3,40.1,fastened,0,NONE,cloudy,clay,night
1528,EXC001,OP001,2024-02-01 19:30:00,1312.9,1513,105.8,71.0,9.96,13,89,15.9,2.0,52.0,fastened,0,NONE,cloudy,rock,night
1529,EXC001,OP002,2024-02-01 20:00:00,6717.2,890,212.8,76.1,2.09,14,107,3.9,1.6,77.5,fastened,0,NONE,rainy,rock,night
1530,EXC005,OP002,2024-02-01 20:30:00,3926.6,1389,118.4,30.1,7.88,84,60,2.8,0.8,32.3,unfastened,0,P0217,windy,clay,night
1531,EXC001,OP004,2024-02-01 21:00:00,484.9,1817,160.3,66.0,10.59,46,71,3.8,12.6,102.4,fastened,0,NONE,windy,rock,night
1532,EXC001,OP001,2024-02-01 21:30:00,230.3,1090,318.3,8.6,1.45,6,24,1.7,3.4,98.2,fastened,0,NONE,sunny,rock,night
1533,EXC005,OP001,2024-02-01 22:00:00,3840.5,1567,255.0,23.7,5.5,39,22,10.5,17.8,36.3,fastened,0,NONE,windy,sand,night
1534,EXC001,OP010,2024-02-01 22:30:00,1398.6,2364,111.1,93.6,10.9,53,21,5.1,19.8,95.1,fastened,0,P0217,windy,rock,day
1535,EXC005,OP001,2024-02-01 23:00:00,5670.5,753,198.7,75.2,2.78,0,79,16.4,6.4,54.6,fastened,0,NONE,sunny,rock,day
1536,EXC001,OP001,2024-02-01 23:30:00,6383.1,1625,137.8,26.9,5.55,67,45,11.0,3.6,35.1,fastened,0,NONE,cloudy,rock,night
1537,EXC001,OP001,2024-02-02 00:00:00,1903.5,1927,127.0,15.6,10.5,60,41,6.5,9.0,53.0,fastened,0,NONE,sunny,sand,night
1538,EXC001,OP002,2024-02-02 00:30:00,4778.2,985,229.2,95.1,11.75,1,76,17.7,19.4,101.48585596323538,fastened,0,NONE,windy,sand,day
1539,EXC004,OP006,2024-02-02 01:00:00,1320.1,1587,211.2,15.7,8.02,55,53,17.2,8.8,79.9,fastened,0,NONE,cloudy,rock,night
1540,EXC004,OP009,2024-02-02 01:30:00,2498.3,1876,263.4,29.4,14.37,20,24,14.0,2.4,47.9,fastened,1,NONE,cloudy,loam,day
1541,EXC003,OP008,2024-02-02 02:00:00,7121.5,679,296.3,22.4,13.92,66,71,14.3,21.7,83.9,fastened,0,NONE,windy,sand,night
1542,EXC002,OP006,2024-02-02 02:30:00,4398.4,845,154.3,5.7,7.36,67,70,17.6,11.0,83.1,fastened,0,NONE,rainy,rock,night
1543,EXC001,OP001,2024-02-02 03:00:00,7098.5,1067,303.1,34.8,2.82,18,25,10.8,7.5,85.7,unfastened,0,NONE,windy,loam,day
1544,EXC003,OP008,2024-02-02 03:30:00,1879.5,1315,214.0,97.5,11.71,45,39,15.8,19.7,100.51357077341508,fastened,0,NONE,windy,sand,day
1545,EXC002,OP001,2024-02-02 04:00:00,2707.2,1766,156.9,37.5,4.03,39,36,1.2,20.4,91.4,fastened,0,NONE,windy,loam,night
1546,EXC003,OP007,2024-02-02 04:30:00,3820.5,607,286.1,52.9,12.72,30,86,10.0,10.9,78.1,fastened,0,NONE,sunny,sand,day
1547,EXC004,OP005,2024-02-02 05:00:00,3892.6,630,107.8,75.9,9.01,79,37,9.0,6.7,39.4,fastened,0,NONE,sunny,sand,day
1548,EXC005,OP009,2024-02-02 05:30:00,7981.4,1403,223.1,57.4,6.21,58,13,0.7,10.6,90.8,fastened,0,NONE,sunny,sand,day
1549,EXC003,OP004,2024-02-02 06:00:00,1004.1,2309,258.8,75.6,8.57,43,39,1.6,4.8,54.3,fastened,1,NONE,cloudy,clay,day
1550,EXC001,OP007,2024-02-02 06:30:00,6830.5,725,161.6,67.9,8.23,71,61,0.4,10.5,82.9,unfastened,0,P0217,rainy,sand,day
1551,EXC002,OP005,2024-02-02 07:00:00,6923.1,2019,290.0,62.8,13.91,51,94,5.3,5.0,80.6,fastened,0,NONE,rainy,sand,night
1552,EXC005,OP006,2024-02-02 07:30:00,4470.3,734,152.9,66.7,3.61,2,15,1.0,13.7,55.2,fastened,0,NONE,rainy,clay,night
1553,EXC003,OP010,2024-02-02 08:00:00,2817.9,1480,284.8,80.9,13.96,79,106,7.6,16.7,42.1,fastened,0,P0217,rainy,loam,night
1554,EXC004,OP008,2024-02-02 08:30:00,4201.9,1375,117.3,72.5,0.95,0,46,14.6,21.3,82.1,fastened,0,NONE,windy,rock,night
1555,EXC003,OP005,2024-02-02 09:00:00,2410.5,839,135.2,80.2,11.65,68,47,11.0,18.5,93.7,fastened,0,P0562,rainy,clay,night
1556,EXC001,OP005,2024-02-02 09:30:00,6412.9,747,183.8,18.8,13.84,31,11,12.1,1.9,92.9,fastened,0,P0100,cloudy,clay,day
1557,EXC005,OP008,2024-02-02 10:00:00,4036.4,1956,287.9,69.4,6.21,64,40,0.6,4.7,77.0,fastened,0,NONE,cloudy,loam,night
1558,EXC004,OP004,2024-02-02 10:30:00,7414.2,2291,131.8,75.0,1.56,75,61,15.1,11.7,103.07001902231141,fastened,1,NONE,windy,sand,day
1559,EXC005,OP002,2024-02-02 11:00:00,5019.3,1987,292.6,33.5,12.17,2,78,2.6,5.7,53.7,fastened,0,P0562,windy,sand,night
1560,EXC005,OP005,2024-02-02 11:30:00,4163.1,686,150.5,88.1,12.72,86,94,5.4,0.3,86.6,fastened,1,NONE,windy,clay,night
1561,EXC002,OP001,2024-02-02 12:00:00,5717.4,1592,199.6,33.9,5.38,68,67,9.3,16.6,60.8,unfastened,0,NONE,rainy,loam,day
1562,EXC002,OP002,2024-02-02 12:30:00,4081.1,717,177.6,28.2,8.02,80,21,16.7,7.9,84.9,fastened,0,NONE,windy,sand,day
1563,EXC002,OP005,2024-02-02 13:00:00,7245.6,1774,126.0,87.4,12.24,2,53,18.0,1.5,53.2,fastened,0,NONE,cloudy,rock,day
1564,EXC005,OP008,2024-02-02 13:30:00,1557.1,2395,307.7,28.5,3.28,47,90,14.1,11.2,30.5,unfastened,0,P0100,sunny,sand,night
1565,EXC003,OP008,2024-02-02 14:00:00,7789.5,2261,196.4,44.5,9.62,86,80,13.1,21.5,75.3,fastened,0,NONE,rainy,loam,night
1566,EXC003,OP003,2024-02-02 14:30:00,6516.3,2249,251.9,40.0,6.74,52,74,9.5,14.9,75.1,fastened,0,NONE,sunny,sand,day
1567,EXC005,OP005,2024-02-02 15:00:00,6899.8,995,226.6,90.3,3.03,0,65,12.0,3.5,77.1,fastened,0,NONE,rainy,loam,night
1568,EXC004,OP002,2024-02-02 15:30:00,3915.0,1653,210.4,48.2,12.56,62,65,2.6,11.3,50.1,fastened,0,NONE,windy,rock,night
1569,EXC005,OP008,2024-02-02 16:00:00,6713.9,1316,235.6,71.0,5.21,38,119,4.8,19.8,90.8,fastened,1,NONE,sunny,sand,night
1570,EXC005,OP003,2024-02-02 16:30:00,2523.5,2340,297.6,80.4,14.05,57,75,17.7,1.2,66.6,unfastened,0,NONE,rainy,sand,day
1571,EXC001,OP008,2024-02-02 17:00:00,6119.4,2310,253.8,64.7,8.75,31,75,17.6,14.0,87.2,fastened,0,NONE,windy,rock,day
1572,EXC002,OP009,2024-02-02 17:30:00,1209.6,2162,217.1,94.7,7.96,0,46,5.8,15.9,75.8,fastened,0,NONE,rainy,rock,night
1573,EXC004,OP007,2024-02-02 18:00:00,2525.7,892,306.5735561229135,81.2,6.64,1,63,4.3,15.5,61.2,fastened,0,P0562,rainy,rock,night
1574,EXC005,OP004,2024-02-02 18:30:00,3621.3,1174,233.4,43.0,6.31,56,88,4.1,3.3,81.0,fastened,0,NONE,windy,clay,night
1575,EXC001,OP010,2024-02-02 19:00:00,2646.3,1880,195.3,95.3,12.36,57,104,8.7,20.0,73.1,fastened,0,NONE,windy,sand,night
1576,EXC002,OP007,2024-02-02 19:30:00,3157.4,1949,237.4,54.8,10.32,29,95,4.0,7.1,68.3,fastened,0,NONE,sunny,sand,day
1577,EXC003,OP007,2024-02-02 20:00:00,6578.8,1230,197.6,7.1,11.72,7,82,11.7,1.1,109.61120605556533,fastened,0,NONE,windy,rock,day
1578,EXC004,OP009,2024-02-02 20:30:00,2127.7,846,266.7,29.7,6.61,69,95,1.3,1.8,36.4,fastened,0,NONE,windy,clay,day
1579,EXC001,OP009,2024-02-02 21:00:00,5987.7,846,313.2,64.1,4.29,13,13,1.9,10.1,98.3,fastened,0,NONE,sunny,clay,night
1580,EXC004,OP001,2024-02-02 21:30:00,682.3,1832,311.2,19.9,1.76,16,39,5.0,0.9,55.1,fastened,0,NONE,rainy,sand,night
1581,EXC002,OP009,2024-02-02 22:00:00,6149.3,1417,280.6,60.5,11.76,40,36,14.0,17.2,46.9,fastened,0,NONE,windy,sand,night
1582,EXC002,OP008,2024-02-02 22:30:00,6357.0,1483,232.4,39.4,6.52,64,81,5.8,19.0,87.9,fastened,1,NONE,windy,rock,night
1583,EXC003,OP003,2024-02-02 23:00:00,3273.4,2067,264.9,55.8,7.88,89,92,8.5,0.3,47.3,fastened,1,NONE,windy,clay,day
1584,EXC003,OP004,2024-02-02 23:30:00,5807.6,630,139.2,5.2,7.31,56,26,11.8,17.8,104.7,fastened,0,NONE,windy,loam,day
1585,EXC004,OP008,2024-02-03 00:00:00,7329.6,1958,205.4,85.6,6.75,86,31,14.2,21.6,61.5,fastened,0,NONE,sunny,sand,night
1586,EXC002,OP003,2024-02-03 00:30:00,6425.6,1093,156.6,39.4,10.42,58,64,5.5,0.7,52.2,fastened,0,P0562,cloudy,rock,day
1587,EXC005,OP005,2024-02-03 01:00:00,3184.5,2276,100.8,18.3,9.33,76,116,13.2,15.9,106.03646655807657,fastened,0,NONE,sunny,loam,day
1588,EXC001,OP007,2024-02-03 01:30:00,3925.3,2319,303.28434919532515,46.6,14.59,15,10,5.1,22.0,33.1,fastened,0,NONE,sunny,sand,night
1589,EXC005,OP007,2024-02-03 02:00:00,6256.9,1503,290.0,51.2,2.51,5,106,11.6,17.5,37.1,fastened,0,NONE,cloudy,sand,day
1590,EXC001,OP010,2024-02-03 02:30:00,2411.5,1168,213.0,65.6,8.82,60,31,8.1,11.1,30.4,fastened,0,NONE,windy,sand,day
1591,EXC004,OP002,2024-02-03 03:00:00,6450.7,732,155.9,54.8,1.42,62,39,16.7,19.5,54.5,fastened,0,NONE,rainy,rock,day
1592,EXC002,OP003,2024-02-03 03:30:00,2691.8,2319,252.5,9.1,12.21,66,79,17.7,15.6,103.13295532609978,fastened,0,NONE,windy,loam,night
1593,EXC002,OP010,2024-02-03 04:00:00,6467.3,2398,300.6414736464575,87.8,9.44,30,90,13.9,6.4,62.3,fastened,0,NONE,rainy,rock,day
1594,EXC001,OP006,2024-02-03 04:30:00,785.7,937,276.7,48.4,6.71,44,106,16.5,4.9,47.5,unfastened,0,P0217,cloudy,clay,night
1595,EXC004,OP003,2024-02-03 05:00:00,450.7,1403,319.9,12.3,12.13,10,10,2.5,11.3,34.7,fastened,0,NONE,cloudy,loam,night
1596,EXC001,OP003,2024-02-03 05:30:00,7981.6,1462,176.8,78.4,7.1,30,15,11.8,8.2,35.3,fastened,0,NONE,windy,clay,day
1597,EXC004,OP004,2024-02-03 06:00:00,6968.7,1822,153.8,67.7,3.8,61,62,3.6,7.2,43.7,unfastened,0,NONE,cloudy,sand,night
1598,EXC004,OP006,2024-02-03 06:30:00,7074.5,809,296.4971939222523,66.7,7.35,89,71,5.0,3.9,53.7,fastened,1,NONE,cloudy,clay,night
1599,EXC005,OP003,2024-02-03 07:00:00,7615.1,1604,120.5,45.6,1.53,43,38,9.4,18.6,41.1,fastened,0,NONE,windy,clay,night
1600,EXC004,OP007,2024-02-03 07:30:00,3562.7,1964,186.7,44.0,13.52,26,80,13.4,15.5,57.4,fastened,0,NONE,cloudy,loam,night
1601,EXC002,OP005,2024-02-03 08:00:00,2366.0,1620,103.8,56.0,11.1,44,39,13.0,7.3,99.2,fastened,0,NONE,windy,clay,day
1602,EXC004,OP007,2024-02-03 08:30:00,1127.2,1386,125.2,9.8,11.52,68,112,15.7,5.2,49.6,unfastened,0,NONE,windy,loam,day
1603,EXC005,OP002,2024-02-03 09:00:00,4059.6,883,159.8,33.4,13.18,79,29,10.1,2.8,42.6,fastened,0,NONE,sunny,rock,night
1604,EXC002,OP007,2024-02-03 09:30:00,1838.4,975,135.2,98.8,11.98,36,82,16.7,2.5,79.9,unfastened,0,NONE,rainy,sand,night
1605,EXC001,OP010,2024-02-03 10:00:00,7490.9,1378,261.1,67.9,6.76,74,68,16.0,13.8,66.8,fastened,0,NONE,sunny,loam,day
1606,EXC005,OP002,2024-02-03 10:30:00,131.6,682,123.2,44.8,2.22,63,21,15.3,2.4,105.23382906365087,fastened,0,NONE,windy,clay,day
1607,EXC001,OP004,2024-02-03 11:00:00,1231.3,1169,290.5,26.1,5.91,82,76,4.1,21.1,89.1,fastened,0,NONE,sunny,rock,night
1608,EXC003,OP007,2024-02-03 11:30:00,2047.2,1432,148.6,75.8,14.04,66,26,9.6,6.1,83.7,fastened,1,NONE,windy,loam,day
1609,EXC002,OP007,2024-02-03 12:00:00,1671.8,1450,123.9,29.7,14.26,49,69,13.3,0.6,103.3,fastened,0,NONE,windy,sand,day
1610,EXC001,OP007,2024-02-03 12:30:00,1883.6,2066,102.2,20.4,11.63,60,79,17.6,18.8,107.03236769240073,unfastened,0,NONE,rainy,sand,night
1611,EXC004,OP006,2024-02-03 13:00:00,5282.8,2341,257.3,19.7,3.46,28,17,0.2,8.1,73.8,fastened,0,NONE,sunny,clay,day
1612,EXC001,OP007,2024-02-03 13:30:00,2687.3,1913,156.5,74.3,3.32,60,33,5.9,7.5,81.5,fastened,0,NONE,cloudy,clay,night
1613,EXC004,OP007,2024-02-03 14:00:00,4958.7,743,212.1,66.1,13.26,63,42,6.2,2.6,60.7,fastened,0,NONE,cloudy,clay,night
1614,EXC004,OP001,2024-02-03 14:30:00,7133.0,1335,124.6,11.6,2.56,54,112,5.2,14.5,96.6,fastened,1,NONE,windy,sand,night
1615,EXC001,OP008,2024-02-03 15:00:00,4860.2,1913,316.8,15.9,8.97,9,34,14.7,7.9,71.5,fastened,0,P0562,windy,rock,night
1616,EXC001,OP005,2024-02-03 15:30:00,5586.8,819,127.6,65.2,5.98,71,111,0.8,18.1,54.4,fastened,0,NONE,rainy,sand,day
1617,EXC004,OP001,2024-02-03 16:00:00,2987.5,1424,190.6,59.3,4.88,63,68,6.5,13.9,100.1859936708066,fastened,0,NONE,sunny,rock,night
1618,EXC003,OP005,2024-02-03 16:30:00,1361.9,1385,287.4,70.2,10.32,17,114,12.8,19.4,74.0,unfastened,0,NONE,rainy,sand,night
1619,EXC001,OP005,2024-02-03 17:00:00,2632.6,1330,153.9,21.9,14.41,70,101,7.3,13.7,105.19789217252863,fastened,0,NONE,windy,loam,day
1620,EXC005,OP001,2024-02-03 17:30:00,7717.8,1642,158.7,74.0,11.78,75,42,2.6,17.1,90.9,fastened,0,NONE,rainy,rock,day
1621,EXC002,OP010,2024-02-03 18:00:00,5012.3,921,277.9,93.9,7.55,48,71,11.0,15.3,44.0,fastened,0,NONE,windy,loam,night
1622,EXC001,OP003,2024-02-03 18:30:00,2292.3,1531,160.1,62.1,6.89,86,88,9.4,10.2,91.2,fastened,0,NONE,sunny,rock,night
1623,EXC005,OP004,2024-02-03 19:00:00,3662.2,970,100.6,23.6,13.66,77,18,17.7,15.2,31.1,fastened,0,NONE,rainy,clay,day
1624,EXC001,OP005,2024-02-03 19:30:00,6700.6,1825,319.0482120156715,69.6,8.88,41,82,13.5,14.6,74.0,fastened,0,NONE,sunny,rock,day
1625,EXC003,OP009,2024-02-03 20:00:00,5380.7,2156,102.8,37.6,7.7,79,60,17.8,0.1,59.8,fastened,0,NONE,rainy,rock,night
1626,EXC005,OP008,2024-02-03 20:30:00,4529.2,1513,300.2,9.7,10.4,83,13,3.4,15.4,54.9,fastened,0,NONE,rainy,clay,night
1627,EXC003,OP008,2024-02-03 21:00:00,7092.8,1297,241.2,33.7,3.94,9,105,13.7,5.8,62.5,fastened,0,NONE,cloudy,clay,night
1628,EXC003,OP003,2024-02-03 21:30:00,5412.3,2293,228.3,91.0,1.42,89,39,9.9,11.9,46.8,unfastened,0,NONE,windy,clay,day
1629,EXC002,OP009,2024-02-03 22:00:00,5177.6,1787,292.7878229551632,44.1,12.9,0,106,12.8,2.4,43.8,fastened,0,NONE,windy,clay,night
1630,EXC001,OP009,2024-02-03 22:30:00,1599.2,742,314.31781401805694,87.1,9.31,81,32,8.4,0.5,90.4,unfastened,0,NONE,cloudy,loam,day
1631,EXC003,OP005,2024-02-03 23:00:00,940.5,651,249.0,53.3,2.89,84,69,3.8,0.3,47.1,fastened,0,NONE,cloudy,clay,night
1632,EXC005,OP006,2024-02-03 23:30:00,7724.6,628,113.3,54.1,4.82,65,50,0.8,3.5,85.3,fastened,0,P0100,sunny,clay,day
1633,EXC001,OP001,2024-02-04 00:00:00,4831.0,998,293.8,5.5,14.85,24,108,15.1,0.4,83.4,fastened,0,NONE,sunny,sand,day
1634,EXC005,OP008,2024-02-04 00:30:00,3383.9,1025,227.5,65.5,9.7,57,114,14.7,2.9,32.5,unfastened,0,P0100,cloudy,sand,night
1635,EXC003,OP010,2024-02-04 01:00:00,4753.3,1898,274.3,15.2,9.72,19,94,2.9,12.3,96.1,fastened,0,NONE,cloudy,loam,night
1636,EXC003,OP005,2024-02-04 01:30:00,588.3,1501,157.8,50.5,1.55,21,103,11.6,8.8,89.2,fastened,0,NONE,windy,clay,day
1637,EXC001,OP006,2024-02-04 02:00:00,6594.8,2399,311.74502259809856,29.7,14.55,82,94,13.3,21.6,89.7,fastened,0,NONE,windy,loam,night
1638,EXC004,OP005,2024-02-04 02:30:00,1811.5,1573,254.5,42.3,13.45,4,42,10.0,17.8,90.7,fastened,0,NONE,sunny,clay,day
1639,EXC001,OP001,2024-02-04 03:00:00,6455.9,2225,274.7,56.0,8.44,86,111,5.7,3.2,73.7,fastened,0,P0100,sunny,sand,day
1640,EXC002,OP007,2024-02-04 03:30:00,4321.6,1594,184.9,6.4,4.99,40,68,15.9,9.2,104.5,fastened,0,NONE,rainy,sand,day
1641,EXC004,OP008,2024-02-04 04:00:00,2284.9,1244,105.2,32.0,10.62,5,47,11.6,9.5,43.4,fastened,0,NONE,cloudy,loam,night
1642,EXC001,OP010,2024-02-04 04:30:00,338.7,1886,280.0,99.0,12.58,70,31,13.0,8.0,35.4,unfastened,0,P0217,rainy,clay,night
1643,EXC003,OP010,2024-02-04 05:00:00,6545.1,1408,145.3,10.5,11.9,4,88,11.7,10.9,82.8,fastened,0,NONE,cloudy,sand,night
1644,EXC003,OP005,2024-02-04 05:30:00,1494.0,1094,174.6,35.3,14.67,29,40,13.0,14.7,52.0,fastened,1,NONE,cloudy,rock,night
1645,EXC001,OP010,2024-02-04 06:00:00,509.3,1451,238.2,35.5,9.73,21,81,2.6,14.1,75.6,fastened,0,NONE,cloudy,rock,day
1646,EXC002,OP006,2024-02-04 06:30:00,6071.4,1796,122.0,41.0,5.16,70,17,16.6,7.9,106.71388651105188,fastened,1,P0562,rainy,sand,night
1647,EXC002,OP007,2024-02-04 07:00:00,2865.3,1276,115.8,70.1,7.72,35,79,5.1,15.5,55.0,fastened,0,NONE,sunny,clay,day
1648,EXC004,OP007,2024-02-04 07:30:00,3175.7,1867,105.7,28.5,12.34,58,80,15.1,6.4,97.0,fastened,0,NONE,windy,loam,night
1649,EXC005,OP010,2024-02-04 08:00:00,2051.8,2365,301.7,48.7,4.35,6,67,16.1,18.4,40.7,fastened,0,NONE,cloudy,loam,night
1650,EXC005,OP008,2024-02-04 08:30:00,6887.5,1340,168.5,66.3,3.86,62,82,11.7,21.2,44.2,fastened,0,P0562,sunny,rock,night
1651,EXC001,OP002,2024-02-04 09:00:00,2448.9,1131,245.3,35.6,11.01,63,119,10.8,6.5,80.1,fastened,0,P0562,rainy,loam,day
1652,EXC001,OP001,2024-02-04 09:30:00,1760.5,1323,317.6,95.1,6.94,25,102,2.0,17.3,88.7,fastened,0,NONE,sunny,sand,day
1653,EXC001,OP005,2024-02-04 10:00:00,2543.1,2108,247.3,98.1,12.34,79,58,7.9,17.9,92.4,unfastened,0,NONE,rainy,loam,night
1654,EXC003,OP006,2024-02-04 10:30:00,1704.9,922,215.5,16.4,2.58,42,105,11.0,10.8,47.3,fastened,0,NONE,sunny,loam,day
1655,EXC001,OP007,2024-02-04 11:00:00,2609.5,2352,214.6,37.7,5.37,60,114,1.5,1.9,96.2,fastened,0,P0100,cloudy,loam,day
1656,EXC002,OP005,2024-02-04 11:30:00,755.2,1345,182.9,24.8,4.39,16,27,2.0,17.3,75.7,fastened,0,NONE,rainy,loam,day
1657,EXC005,OP006,2024-02-04 12:00:00,1352.4,2114,232.0,22.7,10.62,83,49,17.9,9.0,91.7,fastened,0,P0217,cloudy,sand,day
1658,EXC005,OP010,2024-02-04 12:30:00,3394.7,2016,310.9,51.6,11.51,22,91,6.0,4.6,35.1,fastened,0,NONE,windy,clay,day
1659,EXC005,OP004,2024-02-04 13:00:00,7047.8,2010,273.4,58.6,7.11,56,66,6.3,13.8,56.8,fastened,0,NONE,cloudy,rock,day
1660,EXC002,OP005,2024-02-04 13:30:00,552.6,2236,193.3,45.4,7.43,8,24,4.5,9.6,69.4,fastened,0,NONE,rainy,rock,night
1661,EXC004,OP006,2024-02-04 14:00:00,1780.1,932,299.6266500078648,30.9,2.41,4,61,11.6,1.9,73.3,fastened,0,NONE,sunny,rock,day
1662,EXC004,OP005,2024-02-04 14:30:00,7275.9,1668,294.4,31.5,10.68,11,51,8.5,21.6,37.4,fastened,0,NONE,windy,rock,night
1663,EXC001,OP010,2024-02-04 15:00:00,7131.1,778,129.9,99.3,14.89,84,91,14.2,5.4,70.4,fastened,0,NONE,rainy,clay,day
1664,EXC003,OP010,2024-02-04 15:30:00,5467.7,1138,286.9,92.7,11.78,18,66,9.2,11.2,79.9,fastened,0,NONE,rainy,rock,night
1665,EXC003,OP006,2024-02-04 16:00:00,1999.7,670,156.1,12.2,3.74,67,25,0.3,14.7,57.1,unfastened,0,NONE,cloudy,sand,day
1666,EXC002,OP005,2024-02-04 16:30:00,3416.5,1828,257.4,67.4,9.54,52,15,8.7,2.5,67.6,fastened,1,NONE,cloudy,clay,night
1667,EXC004,OP006,2024-02-04 17:00:00,1768.6,1693,277.4,48.4,4.78,7,41,1.0,16.3,51.9,unfastened,0,NONE,cloudy,loam,day
1668,EXC004,OP002,2024-02-04 17:30:00,1115.8,1932,204.9,70.4,0.94,39,27,14.9,14.3,95.3,unfastened,0,NONE,cloudy,clay,night
1669,EXC003,OP005,2024-02-04 18:00:00,3102.0,917,142.3,61.7,3.11,43,106,2.0,10.9,74.9,fastened,0,NONE,sunny,clay,night
1670,EXC004,OP003,2024-02-04 18:30:00,4649.0,1197,285.8,89.5,1.99,24,39,3.9,11.6,71.3,fastened,0,NONE,rainy,sand,day
1671,EXC004,OP002,2024-02-04 19:00:00,2943.5,1817,180.9,11.4,3.34,54,79,8.3,21.0,100.8,fastened,0,NONE,rainy,loam,day
1672,EXC003,OP001,2024-02-04 19:30:00,4925.5,2087,170.5,38.2,12.04,77,24,3.5,20.0,79.9,fastened,0,P0100,rainy,clay,day
1673,EXC002,OP006,2024-02-04 20:00:00,2440.4,2194,212.2,98.6,4.75,79,58,9.7,2.5,51.0,unfastened,0,NONE,rainy,sand,night
1674,EXC004,OP001,2024-02-04 20:30:00,2832.2,732,195.7,22.3,11.48,47,112,8.3,8.1,78.1,fastened,0,P0562,rainy,sand,night
1675,EXC004,OP007,2024-02-04 21:00:00,6346.3,1324,250.3,17.1,14.26,80,80,17.1,11.4,102.1,fastened,0,NONE,windy,sand,day
1676,EXC005,OP005,2024-02-04 21:30:00,7038.7,669,130.2,74.3,8.83,81,41,1.6,20.2,31.8,fastened,0,NONE,rainy,loam,night
1677,EXC001,OP004,2024-02-04 22:00:00,2644.1,2073,195.9,78.9,7.54,7,92,10.4,18.0,77.0,unfastened,0,NONE,rainy,sand,night
1678,EXC003,OP008,2024-02-04 22:30:00,4615.0,821,296.2,68.9,11.38,57,65,13.0,8.5,41.8,fastened,0,NONE,cloudy,sand,day
1679,EXC005,OP006,2024-02-04 23:00:00,2297.5,2079,107.9,78.7,1.91,69,35,2.3,19.5,91.2,fastened,0,NONE,sunny,sand,day
1680,EXC003,OP008,2024-02-04 23:30:00,521.3,880,200.6,70.9,6.71,1,119,11.5,8.3,78.1,fastened,0,P0217,cloudy,sand,day
1681,EXC005,OP008,2024-02-05 00:00:00,5929.1,627,245.3,17.9,7.73,54,113,15.6,6.0,100.3,fastened,0,NONE,rainy,loam,night
1682,EXC001,OP001,2024-02-05 00:30:00,1450.9,2182,295.3,62.8,12.55,82,72,14.2,13.4,80.2,fastened,0,P0100,rainy,sand,night
1683,EXC001,OP003,2024-02-05 01:00:00,3463.1,1389,230.6,78.8,12.31,24,13,16.8,7.8,31.3,fastened,0,NONE,rainy,clay,day
1684,EXC004,OP006,2024-02-05 01:30:00,3947.7,1364,281.4,87.2,12.8,77,55,13.0,13.7,68.3,fastened,0,NONE,rainy,sand,night
1685,EXC002,OP010,2024-02-05 02:00:00,1557.3,1764,149.0,28.4,10.62,84,66,7.1,9.0,97.8,fastened,0,NONE,sunny,clay,night
1686,EXC003,OP002,2024-02-05 02:30:00,847.0,1094,306.0063792860001,17.1,8.19,57,112,16.6,17.5,47.4,fastened,1,NONE,windy,loam,night
1687,EXC003,OP002,2024-02-05 03:00:00,2849.3,1843,307.3,79.2,12.5,56,90,4.1,21.0,36.2,unfastened,0,NONE,rainy,loam,day
1688,EXC003,OP010,2024-02-05 03:30:00,7623.1,1372,294.9,29.4,13.16,48,34,10.5,5.9,84.0,fastened,1,NONE,cloudy,loam,night
1689,EXC005,OP010,2024-02-05 04:00:00,4959.6,1090,222.7,8.0,7.47,36,66,13.8,11.2,67.7,fastened,0,P0217,rainy,loam,night
1690,EXC001,OP002,2024-02-05 04:30:00,3113.1,1310,204.6,83.4,14.79,40,29,15.7,15.9,33.6,fastened,0,NONE,windy,sand,day
1691,EXC004,OP005,2024-02-05 05:00:00,407.4,611,199.2,53.1,13.18,47,62,16.5,3.5,51.0,unfastened,0,NONE,sunny,rock,day
1692,EXC005,OP007,2024-02-05 05:30:00,4842.2,1142,112.9,36.0,7.9,43,68,1.5,17.5,54.5,fastened,0,NONE,cloudy,sand,night
1693,EXC004,OP002,2024-02-05 06:00:00,828.8,1664,296.3,6.1,1.5,74,66,13.1,12.8,80.1,fastened,0,NONE,sunny,loam,night
1694,EXC002,OP004,2024-02-05 06:30:00,4386.1,848,280.0,8.4,3.76,69,57,3.7,3.3,65.4,fastened,0,NONE,cloudy,clay,night
1695,EXC001,OP004,2024-02-05 07:00:00,6040.4,813,200.4,80.3,11.76,31,58,14.0,19.1,66.5,fastened,0,NONE,sunny,clay,night
1696,EXC004,OP007,2024-02-05 07:30:00,3446.3,1780,161.5,51.5,2.11,46,97,12.6,9.4,90.5,fastened,0,NONE,windy,loam,night
1697,EXC003,OP004,2024-02-05 08:00:00,2465.4,1370,175.4,19.2,7.31,19,65,3.3,3.9,50.9,fastened,0,P0562,windy,sand,day
1698,EXC001,OP005,2024-02-05 08:30:00,474.3,845,127.1,39.1,9.27,15,14,15.0,4.3,80.4,fastened,0,P0562,windy,sand,night
1699,EXC002,OP003,2024-02-05 09:00:00,295.7,861,258.8,20.7,13.24,70,91,8.3,17.3,57.6,unfastened,0,NONE,cloudy,rock,day
1700,EXC005,OP008,2024-02-05 09:30:00,3497.2,753,222.5,15.7,12.78,80,77,9.8,20.6,61.4,fastened,1,NONE,windy,sand,night
1701,EXC002,OP002,2024-02-05 10:00:00,7078.4,2374,151.5,31.2,11.58,76,86,17.5,8.3,71.7,unfastened,0,NONE,sunny,rock,night
1702,EXC001,OP003,2024-02-05 10:30:00,2028.1,963,237.1,57.2,6.41,11,88,11.8,1.7,82.2,unfastened,0,NONE,sunny,sand,day
1703,EXC004,OP003,2024-02-05 11:00:00,4635.0,1266,315.4,25.0,2.56,29,29,10.6,2.2,100.9,fastened,0,NONE,cloudy,loam,night
1704,EXC001,OP010,2024-02-05 11:30:00,5506.0,637,126.9,37.6,10.21,70,116,0.3,14.4,50.2,fastened,0,P0100,cloudy,clay,night
1705,EXC005,OP010,2024-02-05 12:00:00,580.6,733,200.9,50.4,3.13,18,118,3.6,8.2,37.8,fastened,0,P0217,windy,rock,day
1706,EXC005,OP006,2024-02-05 12:30:00,1309.5,2050,208.7,44.9,8.64,33,26,0.5,9.4,62.2,fastened,1,NONE,windy,sand,night
1707,EXC005,OP002,2024-02-05 13:00:00,2717.1,1174,136.7,17.2,14.72,64,34,6.0,7.4,71.0,fastened,0,NONE,windy,sand,night
1708,EXC005,OP008,2024-02-05 13:30:00,5393.7,825,216.9,8.7,8.48,80,37,6.2,10.2,47.1,fastened,0,NONE,windy,loam,day
1709,EXC002,OP005,2024-02-05 14:00:00,3568.4,2154,233.3,8.4,9.86,16,116,9.5,14.2,96.8,unfastened,0,NONE,rainy,sand,night
1710,EXC002,OP009,2024-02-05 14:30:00,5900.1,756,134.6,38.3,10.32,21,112,12.4,11.9,89.9,fastened,0,NONE,rainy,clay,night
1711,EXC002,OP004,2024-02-05 15:00:00,6954.0,833,134.0,73.3,12.54,42,39,3.2,3.6,67.0,fastened,0,P0100,sunny,sand,night
1712,EXC003,OP010,2024-02-05 15:30:00,6091.1,2309,288.4,17.5,6.81,28,79,10.8,10.8,101.31493515054464,fastened,1,P0217,sunny,clay,day
1713,EXC005,OP009,2024-02-05 16:00:00,7938.8,2300,168.5,79.8,7.71,71,36,16.5,10.1,33.1,fastened,0,NONE,windy,sand,night
1714,EXC004,OP003,2024-02-05 16:30:00,6059.5,1433,299.159186680879,73.0,3.05,20,14,3.3,12.0,109.10020241220991,fastened,0,P0100,rainy,clay,night
1715,EXC004,OP008,2024-02-05 17:00:00,6832.2,1837,308.3453799563855,5.4,9.41,36,35,11.9,2.4,74.7,fastened,0,NONE,windy,rock,night
1716,EXC005,OP003,2024-02-05 17:30:00,6675.7,1734,313.3814706530312,7.5,4.79,49,18,0.8,3.4,96.9,fastened,0,NONE,sunny,clay,day
1717,EXC004,OP004,2024-02-05 18:00:00,5869.1,1704,262.8,23.5,7.86,34,103,9.6,11.7,67.6,fastened,0,P0100,rainy,sand,day
1718,EXC002,OP003,2024-02-05 18:30:00,6434.2,641,296.92625850277574,10.3,11.62,55,96,13.3,6.1,41.8,fastened,0,NONE,cloudy,loam,day
1719,EXC003,OP007,2024-02-05 19:00:00,7484.0,1593,237.5,55.5,0.75,71,30,0.6,13.8,43.5,unfastened,0,NONE,cloudy,rock,night
1720,EXC003,OP003,2024-02-05 19:30:00,3854.1,1101,198.9,8.8,8.68,47,72,6.0,8.2,42.0,fastened,0,NONE,rainy,rock,day
1721,EXC001,OP007,2024-02-05 20:00:00,5142.5,2053,186.6,81.3,3.01,41,32,15.8,4.9,100.4,fastened,0,NONE,cloudy,loam,day
1722,EXC004,OP006,2024-02-05 20:30:00,4168.0,1509,183.4,51.8,4.55,85,72,4.1,14.4,89.5,fastened,0,NONE,sunny,loam,night
1723,EXC004,OP008,2024-02-05 21:00:00,6823.2,822,192.0,74.2,1.0,88,108,13.0,8.7,91.9,fastened,0,NONE,windy,loam,day
1724,EXC004,OP010,2024-02-05 21:30:00,3507.7,2195,128.4,76.3,2.96,89,106,11.0,3.5,93.0,fastened,0,NONE,rainy,loam,day
1725,EXC003,OP001,2024-02-05 22:00:00,6575.8,1111,193.3,53.1,14.81,1,101,2.9,17.8,37.2,fastened,1,NONE,cloudy,sand,night
1726,EXC004,OP010,2024-02-05 22:30:00,6414.9,1088,185.7,92.9,14.98,75,36,13.4,9.5,82.7,fastened,0,NONE,rainy,rock,night
1727,EXC005,OP002,2024-02-05 23:00:00,7698.9,2285,315.3310069527322,99.1,10.94,80,30,9.6,20.1,82.8,fastened,0,NONE,sunny,loam,day
1728,EXC003,OP006,2024-02-05 23:30:00,2066.5,637,160.5,39.1,9.37,81,27,2.0,4.3,46.9,fastened,1,P0100,cloudy,rock,night
1729,EXC003,OP004,2024-02-06 00:00:00,5706.0,2147,265.4,17.0,11.77,67,23,17.1,19.3,66.8,unfastened,0,NONE,cloudy,clay,night
1730,EXC001,OP007,2024-02-06 00:30:00,6079.7,1791,227.1,39.5,13.5,32,77,8.9,18.0,79.7,fastened,0,NONE,cloudy,rock,day
1731,EXC004,OP008,2024-02-06 01:00:00,7496.6,2238,277.4,26.2,8.03,65,82,13.4,2.3,97.3,fastened,0,P0100,cloudy,clay,day
1732,EXC005,OP009,2024-02-06 01:30:00,7264.5,807,219.4,55.4,1.01,52,107,3.9,11.7,38.3,fastened,1,P0100,windy,rock,day
1733,EXC004,OP005,2024-02-06 02:00:00,4630.9,1679,287.9,40.9,10.79,74,19,2.5,14.4,96.9,fastened,0,NONE,sunny,loam,night
1734,EXC005,OP010,2024-02-06 02:30:00,4675.3,1128,275.1,50.6,14.78,31,39,13.3,10.9,99.2,fastened,0,NONE,rainy,rock,day
1735,EXC005,OP004,2024-02-06 03:00:00,1421.6,1317,311.2821072139051,77.5,4.24,66,90,12.1,8.6,99.3,fastened,1,NONE,windy,rock,night
1736,EXC004,OP003,2024-02-06 03:30:00,7802.2,1028,314.9,31.0,7.22,70,84,4.9,20.8,30.4,fastened,0,NONE,windy,rock,night
1737,EXC003,OP004,2024-02-06 04:00:00,2114.6,969,103.2,56.1,5.74,75,57,13.4,15.4,46.6,fastened,0,NONE,windy,rock,day
1738,EXC001,OP006,2024-02-06 04:30:00,5825.4,1396,231.3,36.8,6.16,15,26,9.1,21.2,81.8,fastened,0,NONE,cloudy,sand,night
1739,EXC001,OP007,2024-02-06 05:00:00,6386.8,2252,274.4,79.6,10.96,77,63,6.3,18.6,54.1,fastened,0,NONE,rainy,clay,day
1740,EXC002,OP009,2024-02-06 05:30:00,3585.6,1743,173.0,65.8,5.99,19,28,14.2,18.0,34.6,fastened,0,NONE,rainy,rock,day
1741,EXC003,OP003,2024-02-06 06:00:00,1768.4,1228,231.7,5.8,14.15,84,68,11.1,16.0,87.2,fastened,0,NONE,windy,sand,day
1742,EXC004,OP004,2024-02-06 06:30:00,1592.8,1380,179.7,67.7,11.95,3,109,9.1,14.2,32.1,unfastened,0,NONE,windy,clay,day
1743,EXC003,OP010,2024-02-06 07:00:00,6866.3,1553,113.3,21.2,0.9,20,31,13.9,19.5,63.5,fastened,1,P0100,cloudy,loam,night
1744,EXC001,OP005,2024-02-06 07:30:00,4135.0,1040,101.9,73.8,12.37,54,22,9.8,13.5,101.1,fastened,0,NONE,sunny,rock,night
1745,EXC002,OP003,2024-02-06 08:00:00,812.1,1538,120.9,58.9,11.71,48,91,16.9,1.7,63.0,fastened,1,NONE,cloudy,rock,night
1746,EXC005,OP010,2024-02-06 08:30:00,5764.5,1852,121.7,43.1,7.99,61,12,14.7,12.8,98.4,unfastened,0,NONE,cloudy,rock,day
1747,EXC005,OP005,2024-02-06 09:00:00,2076.4,1037,234.4,70.9,7.7,36,118,6.4,2.3,60.7,fastened,0,NONE,cloudy,clay,night
1748,EXC002,OP010,2024-02-06 09:30:00,7023.5,1652,215.7,86.4,12.62,0,95,8.4,20.9,56.0,fastened,0,NONE,windy,rock,day
1749,EXC005,OP010,2024-02-06 10:00:00,2545.6,1875,200.2,79.0,6.66,55,54,17.2,14.2,38.1,fastened,0,NONE,sunny,rock,night
1750,EXC004,OP010,2024-02-06 10:30:00,1682.1,1534,252.2,56.8,2.81,45,49,16.1,12.2,56.9,fastened,0,NONE,cloudy,rock,day
1751,EXC005,OP006,2024-02-06 11:00:00,770.4,1125,103.7,73.7,5.04,45,52,3.4,4.4,55.3,fastened,0,NONE,cloudy,clay,day
1752,EXC005,OP008,2024-02-06 11:30:00,4141.1,1597,159.6,44.3,4.35,33,53,4.9,11.3,105.13666186997965,unfastened,0,NONE,cloudy,loam,night
1753,EXC004,OP010,2024-02-06 12:00:00,3660.8,2027,271.0,80.0,10.38,80,102,6.6,7.5,104.12264819059081,fastened,0,NONE,sunny,rock,night
1754,EXC002,OP003,2024-02-06 12:30:00,6035.4,999,300.2,83.8,3.09,71,97,15.8,14.9,31.6,fastened,0,NONE,windy,loam,day
1755,EXC004,OP001,2024-02-06 13:00:00,3770.4,1634,196.4,18.0,9.85,16,32,16.7,13.3,37.4,fastened,0,NONE,rainy,rock,day
1756,EXC002,OP004,2024-02-06 13:30:00,2816.1,1824,315.4829997744381,27.6,7.26,3,29,14.4,11.0,78.2,fastened,0,NONE,sunny,sand,night
1757,EXC002,OP007,2024-02-06 14:00:00,2167.1,1178,275.7,30.6,12.68,16,69,5.0,5.6,66.4,unfastened,0,P0217,rainy,loam,day
1758,EXC004,OP006,2024-02-06 14:30:00,2297.4,655,294.7,20.8,7.53,77,81,16.0,11.6,52.3,fastened,1,NONE,rainy,sand,day
1759,EXC003,OP001,2024-02-06 15:00:00,7430.0,2199,191.0,42.3,13.98,63,89,0.6,10.2,49.5,fastened,0,NONE,cloudy,sand,day
1760,EXC003,OP006,2024-02-06 15:30:00,1404.1,1254,153.5,23.3,13.56,55,44,7.6,18.7,46.9,fastened,0,NONE,windy,clay,day
1761,EXC002,OP002,2024-02-06 16:00:00,7906.6,711,302.27482183118644,61.6,3.19,73,63,6.8,19.7,102.92998797497378,fastened,0,NONE,windy,clay,day
1762,EXC003,OP006,2024-02-06 16:30:00,2682.7,869,230.0,14.7,10.45,53,21,9.6,16.7,31.3,unfastened,1,P0562,windy,clay,night
1763,EXC001,OP006,2024-02-06 17:00:00,798.3,2334,300.2,30.6,3.61,72,60,10.1,7.0,85.4,fastened,0,NONE,rainy,sand,day
1764,EXC004,OP007,2024-02-06 17:30:00,2064.7,1674,249.1,68.2,12.44,74,85,4.1,0.8,52.5,unfastened,0,P0100,cloudy,sand,day
1765,EXC003,OP005,2024-02-06 18:00:00,561.5,1968,169.8,42.9,9.72,39,43,3.7,20.4,62.0,fastened,0,NONE,sunny,sand,night
1766,EXC005,OP005,2024-02-06 18:30:00,6341.2,1684,241.4,45.0,4.76,53,45,14.5,21.8,69.5,unfastened,0,NONE,sunny,loam,day
1767,EXC003,OP007,2024-02-06 19:00:00,4149.2,1239,283.1,80.8,4.11,51,60,1.4,2.8,45.9,fastened,0,NONE,windy,rock,night
1768,EXC003,OP008,2024-02-06 19:30:00,2762.2,1212,204.7,98.5,6.73,85,105,8.9,15.1,102.53185770077005,fastened,1,P0562,windy,loam,day
1769,EXC001,OP009,2024-02-06 20:00:00,5330.2,1862,280.3,58.7,12.11,68,76,3.4,9.4,81.2,fastened,0,NONE,sunny,loam,night
1770,EXC001,OP004,2024-02-06 20:30:00,5082.1,2147,186.2,12.5,12.04,28,111,5.8,3.3,95.3,fastened,0,NONE,windy,clay,night
1771,EXC002,OP005,2024-02-06 21:00:00,7525.0,829,176.7,14.8,0.98,79,16,5.0,22.0,65.7,fastened,0,P0562,sunny,rock,night
1772,EXC002,OP004,2024-02-06 21:30:00,7694.0,2121,228.3,97.0,4.88,35,103,12.8,20.5,62.4,fastened,0,NONE,sunny,loam,night
1773,EXC002,OP006,2024-02-06 22:00:00,5477.4,2094,202.2,69.5,6.63,68,14,8.2,21.6,47.8,fastened,0,NONE,sunny,sand,night
1774,EXC002,OP002,2024-02-06 22:30:00,6560.7,796,315.0,76.5,8.99,87,45,5.4,3.2,70.9,unfastened,0,NONE,cloudy,sand,night
1775,EXC004,OP005,2024-02-06 23:00:00,6360.2,794,213.6,69.2,2.67,72,56,15.0,10.8,74.5,fastened,0,P0100,cloudy,rock,night
1776,EXC001,OP002,2024-02-06 23:30:00,3981.3,2212,184.7,22.1,5.36,9,36,1.5,19.7,61.5,unfastened,0,NONE,rainy,loam,day
1777,EXC002,OP006,2024-02-07 00:00:00,5665.2,2117,186.9,47.6,13.34,18,118,13.8,14.9,40.9,fastened,0,NONE,cloudy,clay,day
1778,EXC001,OP009,2024-02-07 00:30:00,718.2,1308,220.5,80.8,7.41,71,108,4.5,9.6,50.5,fastened,0,P0562,sunny,sand,day
1779,EXC002,OP010,2024-02-07 01:00:00,6088.4,1753,178.1,87.3,11.29,11,72,16.5,11.4,31.1,fastened,0,NONE,sunny,clay,night
1780,EXC004,OP005,2024-02-07 01:30:00,7698.5,2399,259.0,27.5,7.53,1,59,0.1,0.8,53.9,fastened,0,NONE,windy,rock,day
1781,EXC001,OP001,2024-02-07 02:00:00,771.3,1181,183.7,61.6,7.24,23,93,10.0,13.5,73.6,fastened,0,NONE,rainy,clay,day
1782,EXC002,OP003,2024-02-07 02:30:00,6705.3,1005,184.5,19.9,9.52,43,87,11.2,18.9,101.7,fastened,0,NONE,windy,sand,day
1783,EXC001,OP002,2024-02-07 03:00:00,7470.5,2384,235.7,96.0,4.26,11,62,10.4,0.1,43.3,unfastened,1,NONE,sunny,sand,night
1784,EXC005,OP008,2024-02-07 03:30:00,1886.9,1104,113.4,29.0,4.12,13,100,14.7,3.5,100.64006711715322,fastened,0,NONE,cloudy,clay,day
1785,EXC004,OP010,2024-02-07 04:00:00,4246.0,1450,244.2,74.0,14.85,30,31,2.0,11.4,52.2,fastened,0,NONE,sunny,rock,day
1786,EXC002,OP006,2024-02-07 04:30:00,7430.1,2395,211.1,27.0,13.1,68,40,7.5,12.3,41.8,fastened,0,NONE,windy,sand,night
1787,EXC001,OP002,2024-02-07 05:00:00,7685.8,1541,199.7,63.5,11.2,48,11,15.5,7.6,82.2,fastened,0,NONE,sunny,sand,night
1788,EXC001,OP001,2024-02-07 05:30:00,1110.3,1083,258.2,67.6,2.49,71,23,16.0,0.6,30.4,fastened,0,NONE,windy,rock,night
1789,EXC003,OP010,2024-02-07 06:00:00,2857.1,1822,266.8,36.2,0.94,88,31,9.0,16.4,103.6,unfastened,0,NONE,sunny,loam,night
1790,EXC004,OP004,2024-02-07 06:30:00,5615.3,1845,286.2,82.8,3.04,2,78,10.0,5.3,94.2,fastened,0,NONE,rainy,loam,night
1791,EXC003,OP002,2024-02-07 07:00:00,1850.3,961,182.5,89.1,14.1,61,104,13.8,14.2,66.8,fastened,0,NONE,cloudy,clay,night
1792,EXC005,OP002,2024-02-07 07:30:00,2665.7,1465,171.9,86.2,12.34,14,74,14.0,12.3,99.1,fastened,1,NONE,windy,rock,night
1793,EXC002,OP003,2024-02-07 08:00:00,284.0,703,257.2,36.4,8.08,32,58,16.0,9.5,77.1,unfastened,0,P0562,sunny,sand,night
1794,EXC002,OP007,2024-02-07 08:30:00,1312.8,997,228.0,75.7,14.55,30,39,15.2,13.0,104.5,fastened,0,P0100,cloudy,loam,night
1795,EXC003,OP009,2024-02-07 09:00:00,4542.4,2376,239.0,58.2,2.63,63,21,7.5,15.3,50.9,fastened,0,P0562,rainy,sand,day
1796,EXC002,OP003,2024-02-07 09:30:00,5259.4,1511,222.2,61.3,8.61,23,74,11.7,12.6,104.8,fastened,0,NONE,windy,clay,day
1797,EXC005,OP007,2024-02-07 10:00:00,5226.4,1720,270.0,50.4,3.16,80,25,8.7,12.3,43.5,fastened,1,NONE,rainy,loam,day
1798,EXC001,OP001,2024-02-07 10:30:00,6249.0,2199,141.8,62.0,4.94,34,96,2.1,9.6,56.5,fastened,0,NONE,sunny,loam,night
1799,EXC003,OP001,2024-02-07 11:00:00,3380.7,1884,222.3,17.9,14.13,73,54,14.8,9.5,100.1,fastened,0,NONE,rainy,sand,night
1800,EXC003,OP001,2024-02-07 11:30:00,2260.6,2026,134.8,43.8,13.09,85,48,10.8,10.8,57.8,fastened,0,NONE,cloudy,loam,day
1801,EXC001,OP010,2024-02-07 12:00:00,223.1,1881,189.6,21.9,1.98,45,12,1.0,9.9,45.7,fastened,0,NONE,windy,sand,night
1802,EXC003,OP006,2024-02-07 12:30:00,1732.4,1497,246.1,31.6,4.12,9,36,12.2,9.7,34.5,unfastened,0,NONE,rainy,sand,night
1803,EXC003,OP009,2024-02-07 13:00:00,2567.9,809,208.5,17.1,9.12,72,11,5.1,4.6,41.2,unfastened,0,NONE,windy,sand,night
1804,EXC002,OP001,2024-02-07 13:30:00,1507.8,1119,183.5,25.2,1.39,38,89,1.2,15.9,56.6,fastened,1,NONE,sunny,sand,day
1805,EXC001,OP001,2024-02-07 14:00:00,259.1,833,294.7,79.3,8.48,82,63,10.9,2.9,61.6,fastened,0,NONE,rainy,loam,night
1806,EXC001,OP009,2024-02-07 14:30:00,1343.8,923,270.0,57.2,8.98,41,96,13.2,20.0,70.7,unfastened,0,P0217,rainy,clay,night
1807,EXC001,OP002,2024-02-07 15:00:00,5362.2,2191,215.8,7.2,4.72,26,72,9.3,13.7,91.0,fastened,1,NONE,cloudy,rock,day
1808,EXC003,OP002,2024-02-07 15:30:00,5073.7,810,309.0,79.9,4.75,85,114,0.1,1.1,31.0,unfastened,1,NONE,cloudy,clay,night
1809,EXC001,OP006,2024-02-07 16:00:00,7491.9,856,193.4,91.4,3.82,89,96,10.4,14.5,93.1,fastened,0,NONE,rainy,clay,day
1810,EXC005,OP007,2024-02-07 16:30:00,6405.5,1878,273.4,88.6,14.07,25,26,0.1,8.0,73.3,fastened,0,NONE,cloudy,clay,day
1811,EXC002,OP003,2024-02-07 17:00:00,4585.3,2381,136.9,83.2,6.14,41,22,16.7,20.5,86.7,fastened,1,P0217,cloudy,sand,day
1812,EXC004,OP005,2024-02-07 17:30:00,1186.7,1629,162.9,99.3,8.99,64,107,4.8,20.6,86.8,unfastened,0,NONE,rainy,rock,day
1813,EXC004,OP007,2024-02-07 18:00:00,4556.2,1212,174.4,60.7,4.87,19,39,15.7,18.6,97.7,fastened,0,P0562,windy,rock,day
1814,EXC003,OP005,2024-02-07 18:30:00,586.6,2182,123.3,96.4,10.69,55,94,0.2,12.5,37.0,fastened,0,NONE,sunny,loam,night
1815,EXC005,OP004,2024-02-07 19:00:00,3504.0,1522,317.60186253447387,95.1,1.97,80,79,1.7,20.2,72.9,fastened,1,NONE,windy,clay,night
1816,EXC001,OP001,2024-02-07 19:30:00,3183.0,819,142.3,34.8,1.54,73,87,8.1,14.3,98.2,unfastened,0,NONE,sunny,clay,day
1817,EXC002,OP005,2024-02-07 20:00:00,3479.7,1048,239.5,87.0,11.29,2,39,13.7,19.3,83.9,fastened,0,NONE,sunny,loam,day
1818,EXC002,OP009,2024-02-07 20:30:00,2310.6,2270,141.8,80.3,11.04,36,44,17.0,3.5,37.2,unfastened,0,NONE,sunny,loam,day
1819,EXC001,OP007,2024-02-07 21:00:00,5518.1,1419,127.2,78.7,4.34,0,71,9.4,19.9,76.0,fastened,0,NONE,sunny,rock,night
1820,EXC002,OP009,2024-02-07 21:30:00,6743.5,990,313.2,90.1,5.65,54,12,6.4,14.6,90.0,fastened,0,P0562,windy,loam,day
1821,EXC002,OP002,2024-02-07 22:00:00,6171.3,2038,244.8,41.5,14.38,29,44,0.8,6.7,50.6,fastened,0,NONE,cloudy,loam,day
1822,EXC004,OP001,2024-02-07 22:30:00,5059.2,817,300.3162621641182,43.0,2.01,80,65,10.5,22.0,77.4,fastened,0,NONE,windy,rock,day
1823,EXC002,OP006,2024-02-07 23:00:00,4352.9,994,207.8,65.8,3.16,15,32,6.8,15.1,93.0,fastened,0,NONE,sunny,sand,night
1824,EXC005,OP002,2024-02-07 23:30:00,345.6,1438,107.3,75.1,6.74,76,41,16.4,20.0,69.3,fastened,1,NONE,rainy,loam,night
1825,EXC004,OP006,2024-02-08 00:00:00,5811.2,671,226.4,88.6,4.59,30,118,8.6,0.1,44.6,fastened,0,P0217,cloudy,rock,day
1826,EXC005,OP010,2024-02-08 00:30:00,4405.4,1297,222.8,88.2,9.91,82,41,13.8,12.2,71.2,fastened,0,NONE,rainy,loam,night
1827,EXC001,OP004,2024-02-08 01:00:00,2238.9,875,103.3,73.5,10.51,72,109,15.3,15.7,74.1,fastened,0,NONE,windy,clay,night
1828,EXC005,OP006,2024-02-08 01:30:00,2690.0,2294,289.5,95.9,8.13,24,111,1.8,0.3,60.2,fastened,0,NONE,rainy,clay,night
1829,EXC004,OP007,2024-02-08 02:00:00,7491.3,2169,236.4,22.0,9.36,31,84,7.9,16.8,81.0,fastened,0,NONE,rainy,rock,night
1830,EXC005,OP002,2024-02-08 02:30:00,5032.5,1183,317.7701424095403,95.3,6.78,88,26,16.1,14.3,107.97404123907086,unfastened,0,P0217,cloudy,loam,night
1831,EXC002,OP009,2024-02-08 03:00:00,3859.7,2381,208.7,11.1,11.53,66,32,7.6,6.0,95.8,fastened,0,NONE,sunny,rock,night
1832,EXC005,OP003,2024-02-08 03:30:00,5005.3,678,236.0,57.8,1.11,86,112,10.2,15.2,89.4,fastened,0,NONE,sunny,sand,night
1833,EXC003,OP009,2024-02-08 04:00:00,3368.6,1271,156.6,13.6,5.04,49,10,15.7,2.9,90.4,fastened,0,P0100,cloudy,clay,night
1834,EXC001,OP007,2024-02-08 04:30:00,3814.4,707,314.2,59.0,10.42,70,65,4.2,18.1,69.5,fastened,0,NONE,rainy,clay,night
1835,EXC003,OP002,2024-02-08 05:00:00,2393.4,814,188.2,42.1,5.28,56,75,16.1,19.1,44.7,fastened,1,NONE,sunny,clay,night
1836,EXC001,OP008,2024-02-08 05:30:00,3574.8,2272,135.7,12.8,1.64,60,102,7.1,10.7,84.3,fastened,0,NONE,cloudy,clay,day
1837,EXC005,OP002,2024-02-08 06:00:00,5516.2,1655,112.3,66.6,5.5,75,108,10.7,11.2,35.2,fastened,1,NONE,rainy,rock,day
1838,EXC002,OP006,2024-02-08 06:30:00,415.5,2256,240.0,74.5,10.82,88,41,5.9,8.8,68.8,fastened,0,P0100,windy,rock,night
1839,EXC002,OP010,2024-02-08 07:00:00,6380.7,783,316.3,21.5,2.27,51,65,9.5,7.6,34.0,unfastened,0,NONE,windy,sand,day
1840,EXC003,OP010,2024-02-08 07:30:00,2335.5,1334,297.1,71.0,11.01,39,79,0.9,19.2,69.6,unfastened,0,NONE,sunny,loam,day
1841,EXC003,OP009,2024-02-08 08:00:00,5492.2,2381,254.5,22.0,11.74,58,116,1.2,6.7,81.4,fastened,0,NONE,sunny,sand,day
1842,EXC001,OP005,2024-02-08 08:30:00,5177.5,1301,317.9,18.1,9.71,66,71,7.5,8.9,61.4,fastened,1,NONE,rainy,sand,day
1843,EXC005,OP006,2024-02-08 09:00:00,5255.8,1784,259.0,19.0,4.04,88,23,6.0,6.6,61.3,fastened,0,NONE,windy,rock,day
1844,EXC005,OP004,2024-02-08 09:30:00,4904.2,889,174.6,61.9,12.18,62,111,11.1,14.4,39.2,fastened,0,NONE,cloudy,rock,night
1845,EXC004,OP010,2024-02-08 10:00:00,7676.9,1911,232.3,79.0,3.61,85,66,0.7,17.9,52.6,fastened,0,NONE,windy,clay,day
1846,EXC004,OP005,2024-02-08 10:30:00,4115.9,1096,117.5,61.7,13.63,65,29,3.0,3.6,63.3,fastened,0,NONE,rainy,sand,night
1847,EXC003,OP008,2024-02-08 11:00:00,5885.3,1629,148.8,81.9,10.75,85,30,3.8,5.6,94.8,fastened,0,NONE,windy,rock,night
1848,EXC003,OP004,2024-02-08 11:30:00,5673.0,2183,191.9,61.2,1.29,67,32,7.9,2.3,97.3,fastened,0,NONE,windy,loam,night
1849,EXC003,OP008,2024-02-08 12:00:00,1966.5,1789,144.4,80.7,12.09,79,89,4.4,3.5,101.5,fastened,0,P0217,sunny,sand,night
1850,EXC001,OP003,2024-02-08 12:30:00,2338.1,1453,309.8,97.8,7.84,17,114,2.5,9.0,37.5,fastened,0,NONE,cloudy,clay,day
1851,EXC001,OP008,2024-02-08 13:00:00,3449.7,942,319.0,42.1,7.06,89,58,10.8,17.1,52.2,fastened,0,P0100,sunny,loam,day
1852,EXC002,OP001,2024-02-08 13:30:00,2293.8,1214,181.6,19.2,6.6,31,20,13.4,11.9,64.7,fastened,0,NONE,sunny,rock,day
1853,EXC003,OP002,2024-02-08 14:00:00,2997.3,2128,256.0,17.9,9.3,71,107,12.3,1.2,78.1,fastened,0,NONE,cloudy,sand,night
1854,EXC001,OP004,2024-02-08 14:30:00,3188.6,989,189.7,61.8,11.01,35,79,5.0,13.8,82.7,fastened,0,NONE,rainy,rock,day
1855,EXC001,OP005,2024-02-08 15:00:00,4870.5,1781,130.7,57.0,13.49,41,72,15.4,17.5,101.88080392001771,fastened,0,P0217,windy,loam,day
1856,EXC005,OP008,2024-02-08 15:30:00,1837.1,1472,174.1,22.5,4.46,67,16,11.0,8.7,67.2,fastened,0,P0100,sunny,clay,day
1857,EXC002,OP004,2024-02-08 16:00:00,6453.9,1177,151.3,88.8,9.65,48,116,11.1,5.4,71.7,fastened,0,NONE,sunny,sand,day
1858,EXC003,OP001,2024-02-08 16:30:00,3556.5,1889,172.2,95.9,10.45,64,18,3.8,16.8,102.0,fastened,0,NONE,sunny,loam,day
1859,EXC003,OP004,2024-02-08 17:00:00,5679.3,1251,147.3,29.1,10.28,7,77,4.4,0.5,48.0,fastened,0,NONE,windy,sand,day
1860,EXC004,OP005,2024-02-08 17:30:00,743.4,1116,124.7,24.7,7.65,75,75,8.5,17.9,90.3,fastened,0,NONE,rainy,loam,night
1861,EXC004,OP006,2024-02-08 18:00:00,3812.7,1552,147.8,25.3,6.17,36,66,4.3,17.7,83.4,fastened,1,NONE,cloudy,sand,night
1862,EXC002,OP007,2024-02-08 18:30:00,322.9,1963,299.3,41.8,11.55,70,70,12.4,19.5,40.5,fastened,1,NONE,sunny,sand,night
1863,EXC005,OP003,2024-02-08 19:00:00,5439.7,670,118.7,86.1,4.85,85,53,5.6,2.0,99.5,fastened,1,P0100,cloudy,clay,night
1864,EXC002,OP007,2024-02-08 19:30:00,2815.3,1733,171.4,61.6,3.52,53,73,2.7,2.4,94.2,fastened,0,NONE,sunny,rock,day
1865,EXC005,OP007,2024-02-08 20:00:00,7599.1,1791,216.3,11.4,8.41,52,50,2.7,19.2,88.5,fastened,0,NONE,sunny,clay,day
1866,EXC003,OP008,2024-02-08 20:30:00,2660.6,2017,178.0,49.9,4.38,12,62,2.3,10.5,39.5,fastened,0,NONE,cloudy,loam,day
1867,EXC001,OP006,2024-02-08 21:00:00,4554.1,1084,316.9820403745148,13.6,0.98,42,84,7.9,8.6,40.5,fastened,0,NONE,rainy,clay,night
1868,EXC004,OP009,2024-02-08 21:30:00,2133.4,1051,109.6,43.6,1.25,57,91,0.1,12.6,81.2,fastened,0,NONE,cloudy,clay,day
1869,EXC001,OP003,2024-02-08 22:00:00,4998.9,1471,242.7,43.3,10.58,75,26,9.8,1.3,38.0,fastened,0,NONE,windy,sand,night
1870,EXC004,OP008,2024-02-08 22:30:00,3789.6,1735,224.0,66.6,14.61,79,119,5.4,14.2,38.5,unfastened,0,NONE,windy,clay,night
1871,EXC001,OP001,2024-02-08 23:00:00,3028.0,1762,249.8,57.2,7.09,34,20,9.9,20.8,104.48592081010248,fastened,1,NONE,sunny,sand,night
1872,EXC002,OP002,2024-02-08 23:30:00,1709.1,876,224.8,88.1,2.63,57,40,16.8,14.9,30.4,fastened,0,NONE,cloudy,rock,day
1873,EXC004,OP009,2024-02-09 00:00:00,981.0,2005,196.3,6.5,12.36,15,48,15.6,10.2,84.1,fastened,1,NONE,rainy,rock,day
1874,EXC005,OP005,2024-02-09 00:30:00,1047.0,1254,177.0,78.5,4.29,80,45,10.4,21.1,70.5,fastened,0,NONE,cloudy,rock,day
1875,EXC003,OP007,2024-02-09 01:00:00,7992.4,2179,149.8,7.2,14.94,78,48,7.5,15.1,35.9,fastened,0,P0562,cloudy,clay,night
1876,EXC001,OP007,2024-02-09 01:30:00,3357.3,1903,210.0,33.9,8.67,89,45,12.6,1.3,70.8,fastened,0,P0217,rainy,rock,day
1877,EXC002,OP007,2024-02-09 02:00:00,115.2,2369,105.7,88.6,3.87,43,57,16.6,14.7,34.1,unfastened,0,NONE,sunny,clay,day
1878,EXC005,OP003,2024-02-09 02:30:00,7628.1,1737,172.2,70.6,7.69,32,93,8.8,1.3,35.3,unfastened,0,NONE,windy,rock,day
1879,EXC004,OP002,2024-02-09 03:00:00,257.8,1549,249.1,21.3,5.36,68,101,1.8,6.8,66.4,fastened,1,P0217,cloudy,loam,day
1880,EXC001,OP001,2024-02-09 03:30:00,3406.8,938,123.9,51.6,11.8,65,48,13.8,13.5,67.5,fastened,0,NONE,cloudy,rock,day
1881,EXC002,OP009,2024-02-09 04:00:00,5768.1,1317,113.8,73.6,2.03,19,38,0.2,4.7,55.4,fastened,0,NONE,sunny,sand,night
1882,EXC002,OP003,2024-02-09 04:30:00,7325.3,824,243.5,94.0,12.93,77,84,13.8,0.8,76.6,fastened,1,P0562,rainy,clay,night
1883,EXC001,OP006,2024-02-09 05:00:00,5731.8,1287,187.5,65.3,11.63,57,16,1.5,13.6,106.82194324934886,fastened,0,NONE,rainy,loam,day
1884,EXC005,OP005,2024-02-09 05:30:00,3762.6,696,276.4,7.3,12.99,40,59,1.9,6.3,74.0,fastened,0,P0100,rainy,clay,day
1885,EXC004,OP002,2024-02-09 06:00:00,7798.1,1041,306.2,52.5,13.48,33,34,14.1,11.7,56.2,fastened,0,P0217,cloudy,sand,day
1886,EXC001,OP005,2024-02-09 06:30:00,410.6,1671,310.5,19.5,3.83,21,76,12.4,5.7,83.6,fastened,0,NONE,cloudy,clay,day
1887,EXC004,OP001,2024-02-09 07:00:00,7896.4,1732,193.6,9.5,8.05,37,18,10.1,15.1,73.4,fastened,0,NONE,rainy,clay,day
1888,EXC003,OP002,2024-02-09 07:30:00,6810.2,2370,299.89830842414176,61.9,12.82,22,101,14.8,19.7,42.0,fastened,0,P0100,sunny,sand,day
1889,EXC001,OP002,2024-02-09 08:00:00,7438.5,2280,233.9,78.8,5.97,27,39,15.3,1.9,81.5,fastened,0,NONE,cloudy,rock,day
1890,EXC003,OP009,2024-02-09 08:30:00,2112.7,1556,238.2,8.4,1.38,16,66,8.2,17.3,88.8,fastened,0,NONE,rainy,loam,day
1891,EXC001,OP006,2024-02-09 09:00:00,1225.4,1598,236.9,79.4,4.73,33,72,17.9,3.4,34.9,fastened,0,NONE,rainy,rock,day
1892,EXC002,OP010,2024-02-09 09:30:00,5340.2,2281,170.8,72.1,4.01,56,62,6.4,7.2,104.49176776286811,fastened,0,NONE,cloudy,loam,night
1893,EXC005,OP005,2024-02-09 10:00:00,4175.3,687,114.0,76.4,13.12,33,59,3.1,7.9,89.3,fastened,0,NONE,cloudy,loam,day
1894,EXC004,OP003,2024-02-09 10:30:00,4233.0,1671,146.2,28.2,7.23,12,39,15.2,4.5,38.6,fastened,0,P0217,cloudy,sand,night
1895,EXC001,OP007,2024-02-09 11:00:00,7404.5,746,134.0,42.4,10.41,85,94,7.5,1.7,97.6,fastened,0,NONE,windy,sand,day
1896,EXC005,OP010,2024-02-09 11:30:00,4998.6,2009,127.3,16.4,14.45,38,66,15.7,16.9,61.1,fastened,0,NONE,rainy,rock,day
1897,EXC003,OP006,2024-02-09 12:00:00,2557.4,2040,303.8,27.7,4.84,52,33,1.1,17.5,85.3,fastened,0,NONE,sunny,sand,night
1898,EXC005,OP001,2024-02-09 12:30:00,3260.5,710,297.67285718055155,33.8,11.54,66,38,2.0,21.9,97.4,fastened,0,P0217,sunny,sand,night
1899,EXC004,OP004,2024-02-09 13:00:00,1154.6,1783,232.4,35.3,0.83,45,58,0.7,20.6,104.2,fastened,0,NONE,sunny,clay,night
1900,EXC002,OP010,2024-02-09 13:30:00,1619.3,1844,308.4,21.6,2.01,39,102,10.8,9.6,73.8,fastened,0,NONE,sunny,sand,day
1901,EXC003,OP006,2024-02-09 14:00:00,1232.5,1644,179.2,22.9,2.85,68,115,15.0,2.9,82.8,fastened,0,NONE,sunny,sand,night
1902,EXC003,OP010,2024-02-09 14:30:00,6501.3,1010,216.0,90.6,5.03,76,52,7.2,0.2,48.9,fastened,0,NONE,cloudy,loam,day
1903,EXC004,OP006,2024-02-09 15:00:00,5668.5,1112,253.1,79.5,6.34,81,53,1.6,11.7,51.8,fastened,0,NONE,rainy,loam,day
1904,EXC002,OP001,2024-02-09 15:30:00,4289.7,1935,169.8,37.7,7.42,39,24,6.7,18.9,93.8,fastened,0,P0100,windy,sand,day
1905,EXC002,OP009,2024-02-09 16:00:00,3057.5,1713,205.1,95.0,4.06,30,70,6.3,5.9,59.9,fastened,0,NONE,rainy,clay,night
1906,EXC002,OP008,2024-02-09 16:30:00,5381.1,1028,279.8,27.7,1.46,7,36,11.6,4.4,91.7,fastened,0,P0100,windy,loam,night
1907,EXC002,OP008,2024-02-09 17:00:00,6522.0,713,264.0,43.6,10.32,74,100,11.7,9.7,33.8,fastened,0,NONE,rainy,sand,day
1908,EXC001,OP010,2024-02-09 17:30:00,7061.7,2365,277.9,82.3,0.84,89,68,1.9,19.7,46.4,fastened,0,NONE,cloudy,clay,night
1909,EXC001,OP002,2024-02-09 18:00:00,4421.4,1726,317.2,47.1,12.24,23,34,7.6,9.9,42.8,fastened,0,NONE,rainy,loam,night
1910,EXC005,OP010,2024-02-09 18:30:00,6577.1,1010,181.5,27.3,13.97,76,110,11.6,15.9,69.5,fastened,0,NONE,cloudy,sand,day
1911,EXC001,OP003,2024-02-09 19:00:00,4139.3,2288,264.4,40.0,10.8,68,99,4.7,10.2,36.0,fastened,0,NONE,cloudy,clay,day
1912,EXC005,OP010,2024-02-09 19:30:00,3848.8,1026,232.6,52.6,9.14,59,43,7.3,8.2,55.8,fastened,0,NONE,windy,rock,night
1913,EXC001,OP002,2024-02-09 20:00:00,6936.9,1378,246.7,64.0,10.03,50,23,11.0,9.7,104.0,fastened,0,NONE,windy,loam,day
1914,EXC004,OP006,2024-02-09 20:30:00,3152.4,2145,262.8,43.5,9.96,68,39,7.3,16.9,89.6,fastened,1,NONE,rainy,loam,day
1915,EXC002,OP008,2024-02-09 21:00:00,3227.7,1537,264.9,46.0,14.01,8,51,0.6,16.6,87.0,fastened,0,NONE,rainy,sand,night
1916,EXC003,OP001,2024-02-09 21:30:00,2508.8,1037,294.9,30.1,14.48,11,54,4.0,9.5,40.1,fastened,0,NONE,rainy,rock,day
1917,EXC002,OP001,2024-02-09 22:00:00,4197.7,2387,176.9,55.9,6.69,17,100,14.0,5.9,57.3,fastened,1,NONE,windy,sand,night
1918,EXC003,OP009,2024-02-09 22:30:00,4404.3,1249,243.8,25.8,9.45,68,116,4.5,3.1,81.0,fastened,0,NONE,sunny,loam,day
1919,EXC003,OP001,2024-02-09 23:00:00,5317.6,1809,161.7,87.4,12.14,38,92,14.7,0.0,31.6,fastened,0,NONE,cloudy,clay,day
1920,EXC003,OP007,2024-02-09 23:30:00,3501.0,1886,230.8,76.0,0.52,18,102,8.4,2.5,62.5,fastened,0,NONE,sunny,loam,day
1921,EXC002,OP010,2024-02-10 00:00:00,1820.9,1001,265.3,44.0,8.14,4,23,8.5,3.6,99.6,fastened,1,NONE,rainy,sand,night
1922,EXC003,OP007,2024-02-10 00:30:00,6948.1,885,274.0,76.0,9.97,44,26,13.9,15.2,36.2,fastened,0,NONE,cloudy,rock,day
1923,EXC005,OP005,2024-02-10 01:00:00,2833.4,682,192.4,5.7,10.9,89,109,6.9,18.0,98.0,fastened,0,NONE,cloudy,rock,day
1924,EXC003,OP005,2024-02-10 01:30:00,7391.3,886,211.9,37.7,5.85,16,77,4.3,16.2,44.6,fastened,0,NONE,windy,sand,night
1925,EXC002,OP007,2024-02-10 02:00:00,1738.1,715,173.4,46.8,4.79,2,35,1.9,15.9,44.2,fastened,0,P0100,sunny,clay,night
1926,EXC001,OP006,2024-02-10 02:30:00,4524.5,1475,137.2,49.6,3.14,67,97,12.1,21.9,44.7,unfastened,0,NONE,windy,sand,day
1927,EXC002,OP006,2024-02-10 03:00:00,4339.3,1627,157.3,76.1,8.59,70,29,8.5,21.2,99.8,fastened,0,NONE,cloudy,rock,night
1928,EXC001,OP002,2024-02-10 03:30:00,6646.3,1038,300.7,96.5,13.83,22,94,14.6,5.9,75.3,fastened,0,NONE,sunny,rock,day
1929,EXC001,OP007,2024-02-10 04:00:00,1196.9,2302,168.0,41.1,13.49,44,107,8.2,3.2,86.3,fastened,0,NONE,sunny,rock,day
1930,EXC005,OP008,2024-02-10 04:30:00,7288.5,1024,314.4,38.3,5.72,22,63,7.5,3.4,57.5,fastened,0,NONE,rainy,rock,day
1931,EXC001,OP008,2024-02-10 05:00:00,4298.3,1217,310.83222443730193,63.0,4.24,36,82,5.4,19.7,95.5,fastened,0,P0562,windy,clay,night
1932,EXC003,OP001,2024-02-10 05:30:00,4730.3,616,259.1,31.7,11.94,9,90,3.6,2.3,73.6,unfastened,0,NONE,windy,sand,day
1933,EXC005,OP008,2024-02-10 06:00:00,4130.3,621,226.3,18.4,11.01,85,106,14.9,7.5,75.0,fastened,0,NONE,sunny,sand,day
1934,EXC005,OP008,2024-02-10 06:30:00,384.6,1266,253.3,96.3,7.83,64,74,1.7,11.7,86.4,unfastened,0,P0100,windy,sand,day
1935,EXC001,OP002,2024-02-10 07:00:00,4027.0,635,241.7,81.9,6.14,81,42,16.2,13.5,88.0,fastened,0,P0217,sunny,sand,night
1936,EXC001,OP009,2024-02-10 07:30:00,2182.0,1172,255.5,96.1,2.3,26,32,0.5,13.1,81.1,fastened,0,NONE,cloudy,clay,day
1937,EXC002,OP006,2024-02-10 08:00:00,2807.2,1645,299.2,25.7,11.88,78,49,9.4,17.3,38.9,fastened,0,NONE,sunny,loam,night
1938,EXC003,OP005,2024-02-10 08:30:00,5227.9,656,224.0,6.7,9.45,46,16,1.0,12.6,95.0,unfastened,0,NONE,cloudy,clay,day
1939,EXC005,OP008,2024-02-10 09:00:00,4031.8,1712,114.9,46.5,5.96,17,86,14.0,18.7,49.6,fastened,0,NONE,cloudy,rock,night
1940,EXC002,OP006,2024-02-10 09:30:00,836.4,1718,159.6,93.7,13.82,29,50,3.8,1.9,104.7,fastened,0,NONE,windy,sand,day
1941,EXC001,OP006,2024-02-10 10:00:00,677.0,1632,255.8,18.1,10.07,73,88,10.2,18.9,100.32377942493986,fastened,0,P0100,cloudy,rock,day
1942,EXC002,OP004,2024-02-10 10:30:00,1566.7,1727,208.7,16.1,13.97,69,16,16.5,13.0,39.0,fastened,0,NONE,cloudy,loam,day
1943,EXC005,OP010,2024-02-10 11:00:00,1608.0,2056,311.9416865411709,11.6,7.38,64,45,11.7,4.9,102.62583031291919,unfastened,0,NONE,cloudy,rock,night
1944,EXC001,OP010,2024-02-10 11:30:00,4905.6,727,231.2,77.7,7.09,20,53,3.2,21.5,73.0,fastened,0,NONE,cloudy,loam,night
1945,EXC002,OP002,2024-02-10 12:00:00,1504.7,903,184.2,79.7,14.09,58,19,14.3,20.7,59.4,fastened,0,NONE,rainy,sand,night
1946,EXC001,OP008,2024-02-10 12:30:00,7065.6,1170,270.3,71.1,14.42,84,101,7.9,18.6,92.2,fastened,0,NONE,sunny,loam,night
1947,EXC001,OP001,2024-02-10 13:00:00,1757.1,1838,259.2,10.1,14.43,4,75,0.2,20.1,81.2,fastened,0,NONE,cloudy,clay,night
1948,EXC005,OP004,2024-02-10 13:30:00,819.9,2171,257.1,73.7,12.37,28,102,8.8,8.4,46.0,fastened,0,NONE,rainy,rock,day
1949,EXC001,OP010,2024-02-10 14:00:00,7018.4,2253,257.4,47.6,7.2,7,98,14.6,5.0,70.4,fastened,0,P0562,windy,clay,night
1950,EXC002,OP002,2024-02-10 14:30:00,2433.1,1647,295.9,20.0,3.55,9,13,7.7,4.0,89.1,fastened,0,NONE,sunny,clay,night
1951,EXC005,OP004,2024-02-10 15:00:00,3460.8,1338,231.0,33.0,6.06,89,105,13.7,19.2,96.8,unfastened,0,NONE,cloudy,loam,night
1952,EXC004,OP003,2024-02-10 15:30:00,7676.3,1341,312.8,52.6,14.11,21,17,12.7,18.2,59.6,unfastened,0,P0100,rainy,rock,night
1953,EXC001,OP008,2024-02-10 16:00:00,7560.5,707,126.2,36.3,5.77,16,105,8.2,21.6,99.3,unfastened,0,NONE,windy,rock,night
1954,EXC003,OP005,2024-02-10 16:30:00,5747.8,1437,239.0,97.1,11.47,6,83,5.8,18.7,32.7,fastened,1,NONE,windy,loam,night
1955,EXC005,OP006,2024-02-10 17:00:00,644.6,1523,312.5361926913136,50.1,13.88,88,100,13.1,13.9,80.8,fastened,0,NONE,windy,sand,night
1956,EXC003,OP010,2024-02-10 17:30:00,4787.4,974,205.0,40.4,14.57,42,64,6.6,3.1,88.6,unfastened,0,NONE,rainy,rock,night
1957,EXC003,OP006,2024-02-10 18:00:00,7913.7,1982,163.4,69.0,14.24,71,27,3.1,3.6,61.9,fastened,0,NONE,sunny,clay,day
1958,EXC003,OP008,2024-02-10 18:30:00,7580.6,2061,221.0,66.8,8.55,22,26,5.8,10.4,30.8,fastened,0,NONE,windy,sand,night
1959,EXC004,OP001,2024-02-10 19:00:00,937.4,1143,180.2,5.2,7.63,57,23,15.8,16.9,81.5,fastened,0,NONE,rainy,sand,day
1960,EXC001,OP003,2024-02-10 19:30:00,3228.1,2245,300.0,63.8,14.82,79,98,5.1,3.8,55.7,fastened,1,NONE,windy,rock,night
1961,EXC005,OP010,2024-02-10 20:00:00,2592.7,792,178.5,28.2,3.66,60,68,4.2,20.1,41.4,fastened,0,NONE,windy,clay,night
1962,EXC005,OP009,2024-02-10 20:30:00,1124.9,837,138.7,40.6,3.22,62,33,2.4,15.0,41.8,fastened,0,NONE,windy,clay,day
1963,EXC001,OP007,2024-02-10 21:00:00,5588.9,1982,226.8,72.1,14.47,18,23,1.0,6.9,87.7,fastened,0,NONE,cloudy,clay,night
1964,EXC005,OP004,2024-02-10 21:30:00,2263.4,1003,187.1,58.0,10.49,21,18,17.6,19.5,44.1,fastened,0,NONE,rainy,sand,day
1965,EXC005,OP002,2024-02-10 22:00:00,2824.4,1770,121.1,40.0,8.28,53,38,9.7,13.2,66.3,fastened,0,NONE,rainy,rock,night
1966,EXC004,OP009,2024-02-10 22:30:00,813.8,1159,224.3,20.9,2.41,40,92,13.1,16.1,102.8,fastened,0,NONE,windy,clay,night
1967,EXC002,OP008,2024-02-10 23:00:00,4033.9,2039,218.3,53.0,7.94,4,108,13.9,8.5,86.9,fastened,0,NONE,sunny,loam,day
1968,EXC003,OP003,2024-02-10 23:30:00,1349.5,889,138.1,35.3,14.19,17,76,6.3,8.7,71.0,fastened,0,P0217,rainy,sand,night
1969,EXC005,OP006,2024-02-11 00:00:00,3513.5,615,231.5,91.7,9.24,62,119,14.4,0.3,69.6,fastened,0,P0100,rainy,sand,night
1970,EXC001,OP007,2024-02-11 00:30:00,1232.4,1152,224.8,55.8,6.37,16,53,17.3,11.8,42.5,fastened,0,NONE,sunny,loam,day
1971,EXC005,OP005,2024-02-11 01:00:00,7635.4,959,270.2,87.3,8.49,49,46,13.4,16.7,63.5,unfastened,0,NONE,cloudy,clay,night
1972,EXC005,OP010,2024-02-11 01:30:00,1245.4,1199,179.5,42.1,13.35,27,86,12.8,21.3,40.9,fastened,0,NONE,windy,clay,night
1973,EXC004,OP002,2024-02-11 02:00:00,4222.9,1684,154.7,83.6,13.74,26,24,7.8,19.6,36.3,fastened,0,P0217,sunny,sand,night
1974,EXC002,OP003,2024-02-11 02:30:00,1656.1,1739,309.3,10.4,6.3,9,110,15.1,1.9,38.2,fastened,0,NONE,rainy,clay,night
1975,EXC003,OP001,2024-02-11 03:00:00,703.3,1597,223.5,33.3,9.32,45,95,1.6,21.6,75.5,unfastened,1,NONE,rainy,rock,night
1976,EXC001,OP007,2024-02-11 03:30:00,1698.2,941,106.0,12.4,4.55,16,13,13.5,3.3,44.5,fastened,0,P0217,windy,loam,night
1977,EXC005,OP007,2024-02-11 04:00:00,532.7,964,280.6,8.0,7.04,56,30,6.5,0.9,41.2,fastened,0,NONE,cloudy,sand,day
1978,EXC002,OP010,2024-02-11 04:30:00,1201.2,2254,143.3,92.3,3.69,84,79,10.2,16.5,95.0,fastened,0,NONE,cloudy,loam,night
1979,EXC001,OP006,2024-02-11 05:00:00,3998.5,1052,272.9,73.1,8.21,82,91,16.1,19.9,39.2,fastened,0,NONE,sunny,clay,night
1980,EXC004,OP002,2024-02-11 05:30:00,5249.3,802,255.1,64.4,8.88,75,33,10.9,20.9,82.9,fastened,0,NONE,cloudy,rock,night
1981,EXC004,OP005,2024-02-11 06:00:00,790.0,2267,313.1,55.6,5.4,72,92,0.5,18.1,61.3,unfastened,1,NONE,windy,rock,day
1982,EXC004,OP001,2024-02-11 06:30:00,3584.0,612,312.4,59.1,4.45,82,62,13.0,4.5,73.4,fastened,0,NONE,windy,sand,night
1983,EXC001,OP007,2024-02-11 07:00:00,4691.9,1216,160.4,65.7,2.69,61,84,16.7,3.4,31.8,fastened,0,NONE,cloudy,loam,day
1984,EXC004,OP007,2024-02-11 07:30:00,1950.4,2369,268.6,83.5,2.52,23,56,11.6,1.3,30.0,fastened,0,NONE,rainy,sand,night
1985,EXC004,OP009,2024-02-11 08:00:00,3039.4,1081,169.7,61.7,10.82,45,59,15.5,12.8,91.3,fastened,1,P0562,windy,loam,night
1986,EXC004,OP004,2024-02-11 08:30:00,667.5,2324,238.4,76.1,3.71,77,52,14.9,10.7,65.7,fastened,1,NONE,cloudy,rock,day
1987,EXC005,OP004,2024-02-11 09:00:00,1839.0,1481,231.5,31.7,2.21,60,27,15.5,2.4,35.3,fastened,0,NONE,cloudy,clay,day
1988,EXC002,OP001,2024-02-11 09:30:00,3787.3,1239,112.0,97.8,14.98,32,30,6.2,10.2,55.8,fastened,0,NONE,windy,loam,night
1989,EXC002,OP005,2024-02-11 10:00:00,7924.5,1790,101.1,8.0,4.27,15,28,8.5,12.5,68.0,fastened,0,NONE,windy,clay,night
1990,EXC005,OP005,2024-02-11 10:30:00,7970.5,1671,112.7,41.7,13.49,12,98,15.3,15.9,40.2,fastened,0,NONE,rainy,clay,night
1991,EXC003,OP008,2024-02-11 11:00:00,7839.0,1172,128.1,88.8,9.33,33,56,16.4,9.1,71.0,fastened,0,P0562,sunny,loam,day
1992,EXC003,OP008,2024-02-11 11:30:00,3442.4,1002,156.7,22.1,10.87,72,51,2.6,7.0,69.7,unfastened,0,NONE,sunny,loam,night
1993,EXC002,OP002,2024-02-11 12:00:00,737.4,2250,299.5,18.4,8.63,49,104,3.3,14.6,75.2,fastened,0,NONE,sunny,sand,night
1994,EXC004,OP003,2024-02-11 12:30:00,2656.2,903,214.1,39.7,3.12,5,107,6.2,15.1,90.8,fastened,0,NONE,rainy,rock,day
1995,EXC004,OP006,2024-02-11 13:00:00,1977.9,2327,275.3,45.7,12.78,82,35,13.9,5.9,61.0,fastened,0,NONE,sunny,rock,day
1996,EXC001,OP004,2024-02-11 13:30:00,211.6,750,300.34278899868224,93.7,12.51,72,49,15.7,0.4,96.6,fastened,0,NONE,sunny,rock,day
1997,EXC003,OP001,2024-02-11 14:00:00,852.3,2394,304.9967452900554,84.4,5.57,35,55,10.4,20.8,65.6,unfastened,0,NONE,rainy,loam,night
1998,EXC005,OP009,2024-02-11 14:30:00,3680.2,894,186.1,49.1,11.58,75,102,2.0,16.6,64.3,fastened,0,NONE,cloudy,clay,day
1999,EXC002,OP008,2024-02-11 15:00:00,2783.3,1617,290.0,97.4,8.37,33,83,5.5,4.4,79.2,fastened,0,NONE,rainy,clay,day
2000,EXC002,OP006,2024-02-11 15:30:00,1524.8,1707,263.3,66.0,13.68,55,69,15.4,12.4,76.3,fastened,0,NONE,sunny,loam,day
