task_id,machine_id,operator_id,task_type,estimated_time,actual_time,weather,soil_type,operator_skill,machine_age_yrs,load_weight_t,completed,date
1,EXC005,OP007,compact,41.6,43.6,sunny,loam,mid,3.0,7.2,1,2024-12-15 00:00:00
2,EXC003,OP001,grade,42.8,55.8,cloudy,sand,junior,12.4,8.7,1,2024-10-05 00:00:00
3,EXC004,OP003,dig,59.5,84.2,windy,clay,junior,4.1,11.1,1,2024-10-01 00:00:00
4,EXC002,OP009,compact,35.3,42.4,rainy,sand,senior,5.4,2.3,1,2024-07-23 00:00:00
5,EXC001,OP004,trench,74.1,80.5,cloudy,clay,mid,8.6,5.7,0,2024-08-12 00:00:00
6,EXC004,OP001,compact,42.0,67.5,sunny,rock,junior,2.4,2.8,1,2024-12-09 00:00:00
7,EXC003,OP009,trench,68.4,64.7,sunny,sand,mid,0.5,16.8,1,2024-03-26 00:00:00
8,EXC002,OP001,trench,62.5,72.7,windy,sand,mid,3.6,20.4,1,2024-06-22 00:00:00
9,EXC003,OP007,grade,37.4,49.9,sunny,rock,mid,7.9,2.2,1,2024-12-30 00:00:00
10,EXC003,OP007,dig,52.7,67.9,cloudy,rock,senior,6.9,13.7,1,2024-11-06 00:00:00
11,EXC005,OP004,dig,51.5,77.6,rainy,rock,senior,7.4,4.8,1,2024-03-19 00:00:00
12,EXC001,OP008,grade,40.4,59.3,rainy,loam,mid,9.7,7.6,1,2024-10-26 00:00:00
13,EXC004,OP001,load,28.5,47.4,windy,sand,junior,15.0,15.6,1,2024-10-09 00:00:00
14,EXC004,OP009,grade,41.4,59.4,windy,sand,junior,10.3,8.5,1,2024-01-06 00:00:00
15,EXC001,OP002,compact,37.7,58.3,rainy,clay,mid,6.7,9.8,1,2024-11-04 00:00:00
16,EXC002,OP003,dig,49.8,60.8,sunny,rock,mid,5.6,7.6,1,2024-01-13 00:00:00
17,EXC004,OP001,grade,51.0,55.3,sunny,clay,mid,5.6,20.2,1,2024-08-09 00:00:00
18,EXC005,OP010,compact,35.9,58.5,rainy,sand,mid,12.7,7.8,1,2024-04-26 00:00:00
19,EXC004,OP009,grade,46.7,63.6,sunny,clay,junior,1.6,13.8,1,2024-06-27 00:00:00
20,EXC004,OP010,trench,71.2,79.7,cloudy,loam,senior,11.9,15.4,1,2024-04-12 00:00:00
21,EXC001,OP010,trench,64.3,122.9,rainy,rock,junior,1.2,4.6,1,2024-12-24 00:00:00
22,EXC001,OP004,load,34.5,34.7,sunny,loam,senior,13.7,19.4,1,2024-07-25 00:00:00
23,EXC002,OP006,grade,51.1,75.5,rainy,clay,senior,13.3,11.7,1,2024-05-09 00:00:00
24,EXC005,OP003,load,23.1,56.4,cloudy,rock,junior,0.2,9.7,1,2024-07-08 00:00:00
25,EXC004,OP009,compact,39.1,69.7,sunny,rock,mid,11.3,6.6,1,2024-03-20 00:00:00
26,EXC003,OP003,trench,73.0,77.5,cloudy,clay,senior,10.0,13.3,1,2024-11-23 00:00:00
27,EXC005,OP009,dig,56.6,60.6,windy,sand,mid,7.3,12.0,1,2024-06-14 00:00:00
28,EXC003,OP003,trench,65.5,77.2,rainy,sand,senior,4.9,6.7,0,2024-01-22 00:00:00
29,EXC001,OP001,trench,61.4,88.9,rainy,clay,mid,4.2,7.6,1,2024-12-12 00:00:00
30,EXC004,OP002,load,31.1,58.3,rainy,sand,senior,10.7,16.6,1,2024-06-19 00:00:00
31,EXC002,OP005,trench,74.1,104.8,windy,clay,junior,10.2,18.8,1,2024-01-04 00:00:00
32,EXC001,OP006,grade,36.5,65.1,cloudy,rock,junior,2.5,15.6,1,2024-10-23 00:00:00
33,EXC001,OP004,grade,47.2,63.2,rainy,clay,senior,8.6,13.3,1,2024-08-29 00:00:00
34,EXC002,OP008,compact,44.9,41.9,sunny,loam,senior,5.6,3.6,1,2024-04-30 00:00:00
35,EXC005,OP009,dig,65.6,70.5,rainy,loam,senior,10.5,7.2,1,2024-11-02 00:00:00
36,EXC005,OP007,grade,46.2,57.4,windy,sand,senior,10.1,23.3,1,2024-02-28 00:00:00
37,EXC001,OP004,trench,70.1,63.1,sunny,loam,senior,8.9,13.0,1,2024-07-11 00:00:00
38,EXC005,OP003,trench,61.0,62.9,windy,loam,mid,6.2,23.4,1,2024-07-12 00:00:00
39,EXC003,OP007,compact,37.6,48.6,rainy,sand,mid,8.6,16.4,1,2024-11-27 00:00:00
40,EXC004,OP008,dig,50.3,58.5,windy,sand,mid,11.0,6.5,1,2024-01-11 00:00:00
41,EXC001,OP008,trench,65.1,81.6,cloudy,clay,mid,10.1,1.7,0,2024-05-17 00:00:00
42,EXC001,OP008,grade,47.3,56.4,sunny,clay,senior,10.1,2.2,1,2024-05-11 00:00:00
43,EXC003,OP002,dig,60.1,82.3,windy,rock,mid,1.9,21.2,1,2024-10-09 00:00:00
44,EXC002,OP002,compact,45.3,53.1,cloudy,clay,mid,6.3,10.3,1,2024-08-03 00:00:00
45,EXC001,OP008,dig,54.1,74.6,windy,loam,junior,0.7,17.7,1,2024-08-21 00:00:00
46,EXC004,OP007,compact,38.9,54.3,sunny,rock,mid,4.1,21.8,0,2024-03-21 00:00:00
47,EXC005,OP004,compact,42.8,45.3,sunny,clay,senior,3.1,2.9,1,2024-04-19 00:00:00
48,EXC004,OP006,compact,45.2,56.0,rainy,sand,mid,6.7,17.9,1,2024-08-12 00:00:00
49,EXC003,OP004,dig,56.8,67.2,sunny,loam,mid,13.6,12.8,1,2024-06-20 00:00:00
50,EXC004,OP006,trench,57.1,88.4,windy,rock,mid,13.0,12.2,1,2024-06-23 00:00:00
51,EXC002,OP010,dig,56.2,70.3,sunny,clay,junior,8.3,5.6,1,2024-06-18 00:00:00
52,EXC001,OP002,dig,55.2,53.4,cloudy,clay,mid,8.2,10.3,1,2024-05-23 00:00:00
53,EXC005,OP009,grade,41.7,70.7,windy,rock,mid,7.9,11.0,1,2024-06-10 00:00:00
54,EXC005,OP002,compact,51.0,61.3,rainy,sand,senior,11.2,17.1,1,2024-09-14 00:00:00
55,EXC004,OP007,dig,52.3,63.8,rainy,sand,senior,5.1,10.3,1,2024-10-21 00:00:00
56,EXC005,OP009,grade,48.8,62.8,sunny,sand,junior,14.2,22.5,1,2024-07-23 00:00:00
57,EXC004,OP006,dig,59.9,68.3,windy,clay,senior,8.0,15.3,0,2024-09-15 00:00:00
58,EXC001,OP002,grade,35.5,33.8,sunny,loam,senior,3.3,6.2,1,2024-06-08 00:00:00
59,EXC005,OP010,compact,47.4,69.5,sunny,rock,mid,11.0,14.9,1,2024-06-23 00:00:00
60,EXC002,OP004,trench,74.5,89.3,sunny,clay,mid,11.5,8.1,1,2024-06-21 00:00:00
61,EXC001,OP003,compact,38.7,56.2,sunny,clay,junior,0.1,5.4,1,2024-04-17 00:00:00
62,EXC004,OP010,load,25.2,63.7,windy,rock,mid,12.0,16.2,1,2024-08-21 00:00:00
63,EXC004,OP009,trench,71.3,108.5,windy,rock,junior,8.8,21.2,1,2024-03-17 00:00:00
64,EXC002,OP001,compact,36.2,60.0,rainy,loam,senior,14.4,21.0,1,2024-04-30 00:00:00
65,EXC001,OP003,compact,42.5,37.1,windy,sand,senior,2.4,21.2,1,2024-06-07 00:00:00
66,EXC005,OP005,dig,64.2,77.6,rainy,sand,mid,10.4,24.0,1,2024-01-26 00:00:00
67,EXC005,OP002,load,34.5,51.5,cloudy,clay,junior,7.2,15.6,1,2024-10-27 00:00:00
68,EXC005,OP003,compact,43.0,88.0,rainy,rock,senior,13.7,16.4,1,2024-07-11 00:00:00
69,EXC005,OP002,dig,55.7,65.2,cloudy,rock,senior,0.5,17.6,1,2024-06-22 00:00:00
70,EXC001,OP007,compact,40.7,69.2,windy,clay,mid,14.1,15.8,1,2024-06-23 00:00:00
71,EXC005,OP003,grade,46.7,51.2,cloudy,clay,senior,6.8,15.0,1,2024-05-01 00:00:00
72,EXC003,OP002,compact,46.9,86.9,cloudy,rock,junior,11.0,15.0,1,2024-10-03 00:00:00
73,EXC003,OP004,load,33.5,30.7,sunny,sand,senior,4.8,17.7,1,2024-04-21 00:00:00
74,EXC003,OP009,grade,43.7,61.6,rainy,clay,senior,14.3,22.6,1,2024-11-24 00:00:00
75,EXC002,OP008,grade,46.9,39.1,cloudy,sand,senior,3.4,7.3,0,2024-08-07 00:00:00
76,EXC005,OP004,trench,67.9,80.4,windy,clay,senior,4.8,10.4,1,2024-09-06 00:00:00
77,EXC005,OP001,compact,37.6,83.8,rainy,rock,junior,3.3,6.8,1,2024-07-08 00:00:00
78,EXC005,OP002,dig,54.3,71.2,windy,loam,junior,3.0,16.9,1,2024-12-06 00:00:00
79,EXC001,OP010,load,29.5,60.4,rainy,rock,junior,0.2,20.3,1,2024-09-21 00:00:00
80,EXC005,OP004,compact,41.8,68.6,rainy,loam,junior,13.2,16.9,1,2024-01-28 00:00:00
81,EXC002,OP001,load,31.9,38.9,rainy,loam,senior,2.5,20.4,1,2024-02-18 00:00:00
82,EXC005,OP002,trench,65.6,104.2,rainy,clay,junior,7.9,23.2,1,2024-09-20 00:00:00
83,EXC004,OP003,compact,40.6,57.1,windy,loam,junior,8.7,22.1,1,2024-08-06 00:00:00
84,EXC002,OP007,compact,31.5,65.8,rainy,rock,mid,12.6,14.3,1,2024-11-20 00:00:00
85,EXC004,OP007,compact,40.5,46.3,sunny,loam,mid,0.3,15.2,1,2024-07-03 00:00:00
86,EXC004,OP005,dig,45.6,69.7,windy,clay,junior,7.7,7.2,0,2024-07-31 00:00:00
87,EXC001,OP003,load,17.7,21.7,cloudy,clay,mid,3.0,10.8,1,2024-07-23 00:00:00
88,EXC002,OP002,dig,66.0,75.6,windy,clay,senior,6.3,11.0,1,2024-08-09 00:00:00
89,EXC004,OP005,grade,42.1,57.7,windy,rock,senior,7.2,18.9,1,2024-11-25 00:00:00
90,EXC004,OP003,compact,36.1,39.1,windy,loam,senior,10.9,22.0,0,2024-05-01 00:00:00
91,EXC002,OP001,load,27.1,55.8,rainy,sand,mid,13.0,11.9,1,2024-10-10 00:00:00
92,EXC002,OP007,load,29.1,40.6,windy,clay,mid,0.8,8.0,1,2024-02-14 00:00:00
93,EXC005,OP002,load,28.4,54.6,cloudy,rock,mid,1.5,14.6,1,2024-04-28 00:00:00
94,EXC001,OP007,load,24.4,30.4,sunny,clay,senior,2.6,24.6,1,2024-08-15 00:00:00
95,EXC004,OP008,load,34.8,63.8,windy,rock,mid,11.2,5.8,0,2024-01-14 00:00:00
96,EXC005,OP006,dig,63.1,73.8,windy,sand,mid,13.6,4.5,1,2024-01-19 00:00:00
97,EXC003,OP009,load,28.3,34.2,cloudy,clay,mid,7.9,12.7,1,2024-10-09 00:00:00
98,EXC001,OP009,grade,37.7,56.7,windy,rock,senior,5.0,5.0,1,2024-06-22 00:00:00
99,EXC002,OP007,dig,54.3,66.9,sunny,rock,mid,6.4,11.5,1,2024-07-30 00:00:00
100,EXC003,OP010,trench,69.7,80.6,cloudy,loam,junior,3.9,19.6,1,2024-11-28 00:00:00
101,EXC001,OP003,compact,44.2,49.7,rainy,sand,senior,6.5,22.5,1,2024-11-22 00:00:00
102,EXC001,OP003,compact,37.1,71.2,rainy,rock,mid,5.6,7.6,1,2024-09-12 00:00:00
103,EXC002,OP008,load,23.2,36.7,windy,rock,senior,9.8,21.1,1,2024-06-18 00:00:00
104,EXC003,OP004,dig,51.4,74.6,windy,sand,junior,12.1,19.5,1,2024-03-08 00:00:00
105,EXC002,OP004,compact,36.0,33.5,cloudy,sand,mid,9.7,1.3,1,2024-04-02 00:00:00
106,EXC005,OP003,load,31.0,40.6,rainy,clay,senior,5.5,19.8,1,2024-07-22 00:00:00
107,EXC005,OP001,trench,74.4,78.2,sunny,loam,junior,6.0,24.1,1,2024-08-12 00:00:00
108,EXC005,OP004,compact,38.6,44.7,cloudy,clay,junior,9.8,23.6,1,2024-01-11 00:00:00
109,EXC005,OP008,compact,32.2,29.4,windy,loam,senior,2.4,9.7,0,2024-08-25 00:00:00
110,EXC002,OP008,dig,56.3,69.8,windy,rock,senior,10.3,8.7,0,2024-04-20 00:00:00
111,EXC004,OP009,trench,71.9,115.2,rainy,clay,junior,2.2,9.6,1,2024-09-01 00:00:00
112,EXC004,OP004,grade,50.9,61.4,cloudy,sand,junior,0.3,17.2,1,2024-03-01 00:00:00
113,EXC001,OP010,load,29.9,38.3,sunny,clay,mid,3.4,18.4,1,2024-04-21 00:00:00
114,EXC002,OP006,trench,80.5,78.2,cloudy,loam,senior,11.8,24.8,0,2024-03-15 00:00:00
115,EXC004,OP008,dig,54.0,64.4,sunny,loam,junior,10.2,18.0,1,2024-02-07 00:00:00
116,EXC001,OP006,load,37.0,66.5,windy,loam,junior,10.2,13.2,1,2024-11-17 00:00:00
117,EXC005,OP010,compact,33.3,46.3,sunny,rock,senior,0.4,1.0,1,2024-07-09 00:00:00
118,EXC005,OP007,compact,40.1,46.0,cloudy,clay,senior,2.7,1.4,1,2024-02-27 00:00:00
119,EXC002,OP006,grade,44.6,65.6,rainy,loam,mid,10.8,21.3,1,2024-03-09 00:00:00
120,EXC002,OP010,dig,57.5,72.9,rainy,loam,mid,1.2,2.7,1,2024-07-01 00:00:00
121,EXC005,OP004,load,21.2,39.8,windy,loam,junior,5.0,9.7,1,2024-10-10 00:00:00
122,EXC004,OP001,compact,40.7,62.5,windy,rock,senior,0.9,2.2,1,2024-11-25 00:00:00
123,EXC002,OP008,dig,57.2,92.7,rainy,clay,mid,10.6,15.6,1,2024-04-24 00:00:00
124,EXC004,OP004,dig,44.0,55.1,sunny,rock,senior,8.5,13.2,1,2024-09-16 00:00:00
125,EXC004,OP002,trench,71.1,73.7,cloudy,loam,mid,10.5,14.2,1,2024-07-21 00:00:00
126,EXC003,OP008,dig,50.3,69.5,windy,clay,senior,12.4,3.7,1,2024-11-22 00:00:00
127,EXC005,OP008,load,20.0,41.1,sunny,rock,senior,0.2,18.8,1,2024-10-23 00:00:00
128,EXC001,OP002,grade,54.6,85.6,rainy,rock,senior,5.5,23.9,1,2024-04-12 00:00:00
129,EXC005,OP006,load,28.3,69.3,rainy,clay,junior,0.9,11.3,1,2024-01-14 00:00:00
130,EXC005,OP004,grade,48.3,49.5,cloudy,sand,mid,8.9,17.8,1,2024-04-04 00:00:00
131,EXC004,OP008,trench,78.1,106.9,rainy,clay,junior,6.1,8.9,1,2024-02-01 00:00:00
132,EXC004,OP010,compact,38.1,60.7,rainy,clay,mid,14.9,13.3,1,2024-11-23 00:00:00
133,EXC004,OP004,trench,71.6,75.0,sunny,loam,junior,7.9,21.4,1,2024-07-14 00:00:00
134,EXC005,OP001,dig,50.0,73.1,sunny,clay,junior,12.9,19.0,1,2024-04-22 00:00:00
135,EXC005,OP007,load,34.8,42.1,sunny,sand,junior,8.0,11.8,1,2024-07-20 00:00:00
136,EXC003,OP009,load,32.1,28.0,cloudy,sand,senior,13.6,6.8,1,2024-04-14 00:00:00
137,EXC003,OP003,compact,40.4,53.8,sunny,sand,junior,11.4,9.0,0,2024-08-26 00:00:00
138,EXC005,OP007,grade,41.7,57.2,sunny,clay,junior,4.8,4.6,1,2024-01-13 00:00:00
139,EXC001,OP001,load,25.9,30.3,sunny,sand,senior,14.6,17.8,1,2024-07-16 00:00:00
140,EXC003,OP008,trench,70.3,101.1,windy,rock,mid,3.5,6.4,1,2024-09-02 00:00:00
141,EXC001,OP007,grade,35.2,45.5,cloudy,sand,junior,0.7,9.7,1,2024-10-08 00:00:00
142,EXC005,OP002,dig,53.4,77.7,windy,sand,junior,14.5,7.9,1,2024-02-06 00:00:00
143,EXC005,OP010,load,33.5,42.2,sunny,clay,mid,12.0,16.2,1,2024-08-12 00:00:00
144,EXC001,OP006,compact,39.9,59.0,windy,rock,mid,5.5,2.9,1,2024-05-08 00:00:00
145,EXC005,OP004,dig,59.3,76.2,rainy,loam,mid,8.2,21.4,1,2024-06-19 00:00:00
146,EXC003,OP006,trench,69.3,76.7,cloudy,sand,junior,2.9,3.1,1,2024-12-22 00:00:00
147,EXC001,OP004,dig,51.7,77.9,rainy,clay,mid,14.8,9.5,1,2024-07-19 00:00:00
148,EXC002,OP006,load,22.9,35.4,sunny,rock,mid,6.4,18.8,1,2024-01-17 00:00:00
149,EXC005,OP010,compact,40.8,42.1,sunny,loam,mid,5.7,14.3,1,2024-08-16 00:00:00
150,EXC003,OP006,grade,42.6,75.3,rainy,rock,senior,14.8,24.6,1,2024-05-03 00:00:00
151,EXC001,OP006,grade,46.5,67.8,windy,loam,junior,8.5,14.1,1,2024-09-09 00:00:00
152,EXC002,OP009,compact,39.6,54.1,sunny,clay,junior,8.2,16.0,1,2024-04-08 00:00:00
153,EXC004,OP005,trench,76.2,80.4,sunny,loam,mid,6.7,13.0,1,2024-06-21 00:00:00
154,EXC003,OP006,grade,34.3,51.3,windy,rock,senior,0.2,3.6,1,2024-09-08 00:00:00
155,EXC004,OP008,grade,49.3,49.5,cloudy,sand,senior,14.6,11.7,1,2024-09-10 00:00:00
156,EXC002,OP002,dig,52.6,78.3,rainy,sand,junior,6.2,22.7,1,2024-12-29 00:00:00
157,EXC005,OP003,compact,41.7,56.8,windy,sand,mid,10.8,12.9,1,2024-10-12 00:00:00
158,EXC002,OP008,compact,36.4,39.1,windy,sand,senior,7.6,2.7,1,2024-09-21 00:00:00
159,EXC005,OP003,load,28.0,39.1,sunny,clay,mid,2.0,16.2,1,2024-05-17 00:00:00
160,EXC005,OP004,grade,49.4,63.2,cloudy,clay,mid,14.3,7.3,1,2024-10-20 00:00:00
161,EXC001,OP004,grade,45.7,44.4,cloudy,loam,mid,0.6,19.1,1,2024-06-01 00:00:00
162,EXC004,OP001,dig,48.0,85.6,cloudy,rock,mid,11.1,23.1,1,2024-07-12 00:00:00
163,EXC004,OP007,dig,53.4,91.5,sunny,rock,junior,2.1,9.4,1,2024-02-19 00:00:00
164,EXC002,OP004,dig,60.5,72.4,cloudy,clay,mid,0.1,16.2,1,2024-08-12 00:00:00
165,EXC005,OP009,load,31.6,64.3,windy,rock,mid,12.5,23.5,1,2024-10-15 00:00:00
166,EXC001,OP003,grade,45.6,57.4,windy,rock,senior,8.5,12.9,1,2024-06-17 00:00:00
167,EXC004,OP002,compact,38.4,49.6,windy,clay,mid,3.2,4.6,1,2024-04-12 00:00:00
168,EXC005,OP001,compact,38.5,32.7,cloudy,loam,senior,2.3,1.7,1,2024-08-11 00:00:00
169,EXC004,OP009,grade,46.0,81.5,sunny,rock,junior,7.8,15.5,1,2024-06-24 00:00:00
170,EXC005,OP006,trench,75.2,88.1,sunny,clay,junior,4.3,7.1,1,2024-06-12 00:00:00
171,EXC002,OP009,grade,39.2,60.9,rainy,clay,senior,9.5,14.7,1,2024-07-24 00:00:00
172,EXC002,OP007,load,28.5,57.1,windy,rock,mid,1.6,25.0,1,2024-12-15 00:00:00
173,EXC004,OP005,grade,36.4,34.5,cloudy,sand,senior,4.9,7.2,1,2024-02-07 00:00:00
174,EXC002,OP007,load,34.8,57.9,sunny,loam,junior,12.8,9.8,1,2024-08-17 00:00:00
175,EXC004,OP001,grade,45.2,63.0,windy,rock,senior,2.2,16.5,1,2024-07-23 00:00:00
176,EXC002,OP008,load,37.3,53.9,rainy,sand,senior,14.3,1.1,1,2024-03-01 00:00:00
177,EXC004,OP006,dig,55.5,82.1,rainy,loam,junior,2.4,8.7,1,2024-07-19 00:00:00
178,EXC005,OP003,load,21.5,29.6,sunny,clay,senior,9.1,6.4,1,2024-10-14 00:00:00
179,EXC003,OP008,trench,77.4,104.7,rainy,rock,mid,7.4,4.9,1,2024-09-12 00:00:00
180,EXC001,OP004,trench,71.2,103.1,rainy,loam,junior,1.0,10.6,1,2024-05-02 00:00:00
181,EXC001,OP008,grade,44.3,59.6,windy,clay,senior,8.8,19.5,1,2024-08-22 00:00:00
182,EXC002,OP004,compact,33.3,41.9,windy,loam,mid,6.5,13.2,1,2024-12-15 00:00:00
183,EXC001,OP005,trench,71.5,103.5,sunny,rock,mid,13.0,2.6,1,2024-12-13 00:00:00
184,EXC004,OP002,grade,44.2,67.5,rainy,clay,mid,11.3,9.3,1,2024-01-08 00:00:00
185,EXC003,OP006,compact,42.2,80.0,sunny,rock,junior,4.5,22.5,1,2024-06-18 00:00:00
186,EXC005,OP004,compact,28.6,38.1,windy,loam,junior,5.1,21.1,1,2024-05-28 00:00:00
187,EXC002,OP005,load,30.0,62.2,windy,clay,junior,10.5,9.9,1,2024-03-20 00:00:00
188,EXC005,OP004,trench,71.5,91.5,windy,sand,junior,6.0,18.4,1,2024-05-14 00:00:00
189,EXC004,OP001,grade,49.0,55.0,cloudy,clay,mid,8.5,22.9,1,2024-10-18 00:00:00
190,EXC001,OP005,compact,35.8,37.1,sunny,sand,senior,12.7,9.6,1,2024-10-14 00:00:00
191,EXC005,OP005,compact,37.2,41.4,sunny,clay,senior,8.3,14.1,1,2024-02-06 00:00:00
192,EXC002,OP002,compact,40.7,39.1,cloudy,loam,senior,4.4,23.6,1,2024-11-24 00:00:00
193,EXC004,OP003,load,29.8,49.9,windy,sand,junior,5.6,9.2,1,2024-12-27 00:00:00
194,EXC002,OP005,dig,55.2,75.0,sunny,rock,senior,11.2,6.0,1,2024-10-01 00:00:00
195,EXC005,OP004,load,36.7,39.0,windy,loam,senior,11.3,2.4,0,2024-09-29 00:00:00
196,EXC005,OP003,trench,65.8,113.5,rainy,rock,junior,12.3,22.0,1,2024-11-20 00:00:00
197,EXC005,OP002,trench,70.9,80.2,cloudy,clay,mid,2.0,25.0,0,2024-02-06 00:00:00
198,EXC004,OP001,load,26.7,32.7,windy,sand,mid,2.0,22.7,1,2024-07-08 00:00:00
199,EXC003,OP006,compact,37.8,29.0,sunny,loam,senior,4.8,9.7,1,2024-04-30 00:00:00
200,EXC004,OP009,trench,72.6,99.3,sunny,sand,junior,10.4,16.6,1,2024-11-03 00:00:00
201,EXC004,OP006,trench,70.1,75.2,sunny,loam,senior,10.9,6.3,1,2024-07-01 00:00:00
202,EXC004,OP008,grade,49.5,71.5,cloudy,rock,mid,8.7,5.4,1,2024-02-13 00:00:00
203,EXC001,OP004,trench,71.0,68.0,cloudy,loam,senior,8.8,10.3,1,2024-05-08 00:00:00
204,EXC003,OP007,dig,53.8,78.5,sunny,rock,senior,12.1,18.3,0,2024-01-06 00:00:00
205,EXC005,OP002,dig,49.2,69.3,sunny,clay,mid,13.4,23.8,1,2024-10-14 00:00:00
206,EXC003,OP008,load,29.4,35.8,cloudy,clay,senior,6.4,6.6,1,2024-01-31 00:00:00
207,EXC005,OP007,load,37.7,40.8,cloudy,rock,senior,7.9,15.7,1,2024-10-19 00:00:00
208,EXC001,OP005,dig,58.2,52.5,cloudy,sand,senior,12.2,19.7,1,2024-05-16 00:00:00
209,EXC003,OP003,grade,43.7,44.3,sunny,clay,senior,2.4,13.0,1,2024-02-27 00:00:00
210,EXC001,OP005,dig,50.4,77.3,rainy,sand,junior,10.9,21.1,1,2024-11-16 00:00:00
211,EXC003,OP006,load,36.7,37.5,rainy,loam,senior,3.5,19.9,1,2024-12-17 00:00:00
212,EXC001,OP005,load,27.4,58.1,windy,rock,junior,12.9,20.8,0,2024-01-03 00:00:00
213,EXC001,OP001,grade,47.9,90.6,windy,rock,junior,15.0,14.2,1,2024-01-31 00:00:00
214,EXC004,OP005,trench,74.7,93.2,rainy,loam,mid,3.7,4.8,1,2024-07-22 00:00:00
215,EXC002,OP009,load,33.6,37.2,sunny,clay,senior,7.0,9.5,1,2024-01-28 00:00:00
216,EXC001,OP005,compact,41.5,53.4,rainy,clay,senior,13.7,24.5,1,2024-10-21 00:00:00
217,EXC003,OP008,trench,61.3,66.6,windy,loam,mid,2.0,5.1,1,2024-12-17 00:00:00
218,EXC004,OP001,grade,42.1,55.8,windy,clay,mid,11.3,12.1,1,2024-12-23 00:00:00
219,EXC001,OP001,dig,44.3,49.5,windy,loam,senior,9.8,3.7,1,2024-12-17 00:00:00
220,EXC004,OP009,dig,64.1,87.2,rainy,sand,junior,0.9,14.8,1,2024-09-21 00:00:00
221,EXC005,OP001,dig,54.5,59.8,sunny,sand,senior,11.6,5.6,1,2024-03-10 00:00:00
222,EXC001,OP006,compact,26.8,36.3,cloudy,loam,senior,13.4,6.3,0,2024-11-15 00:00:00
223,EXC005,OP002,load,34.4,40.6,sunny,loam,mid,14.1,20.4,1,2024-03-22 00:00:00
224,EXC004,OP002,dig,50.8,65.7,cloudy,clay,mid,14.9,14.4,1,2024-06-26 00:00:00
225,EXC002,OP005,trench,67.5,68.0,rainy,loam,senior,3.2,22.1,1,2024-01-04 00:00:00
226,EXC003,OP007,compact,46.9,50.6,windy,sand,mid,12.8,3.9,0,2024-05-21 00:00:00
227,EXC002,OP003,load,29.8,59.6,rainy,rock,mid,12.4,19.8,0,2024-12-02 00:00:00
228,EXC003,OP004,compact,38.2,42.0,cloudy,sand,mid,6.8,9.8,1,2024-08-22 00:00:00
229,EXC004,OP010,trench,77.2,121.2,rainy,clay,junior,4.6,16.6,1,2024-10-03 00:00:00
230,EXC002,OP002,dig,54.0,61.4,sunny,loam,junior,2.9,22.5,1,2024-02-16 00:00:00
231,EXC002,OP002,compact,37.3,51.0,cloudy,clay,junior,7.4,11.5,1,2024-06-02 00:00:00
232,EXC003,OP002,load,28.3,41.5,windy,loam,junior,10.5,1.3,0,2024-05-22 00:00:00
233,EXC001,OP005,trench,72.2,78.7,cloudy,sand,junior,8.8,19.4,1,2024-11-26 00:00:00
234,EXC001,OP004,grade,38.4,50.5,windy,sand,mid,14.2,17.7,1,2024-07-28 00:00:00
235,EXC004,OP006,load,27.0,35.4,windy,sand,junior,9.4,15.7,1,2024-10-26 00:00:00
236,EXC005,OP010,grade,52.6,72.7,sunny,rock,mid,7.3,14.4,1,2024-04-29 00:00:00
237,EXC002,OP005,compact,33.9,25.6,sunny,loam,senior,1.6,5.4,1,2024-08-11 00:00:00
238,EXC003,OP003,trench,66.2,71.8,windy,loam,mid,4.9,11.4,1,2024-10-19 00:00:00
239,EXC002,OP008,dig,51.8,87.2,rainy,rock,junior,3.4,12.6,1,2024-12-06 00:00:00
240,EXC005,OP006,dig,52.8,62.4,cloudy,rock,senior,10.2,16.4,1,2024-09-18 00:00:00
241,EXC004,OP002,compact,43.6,60.2,rainy,sand,senior,11.5,9.7,1,2024-05-31 00:00:00
242,EXC005,OP006,compact,45.2,66.0,rainy,loam,mid,2.0,23.5,0,2024-05-05 00:00:00
243,EXC003,OP002,load,25.3,28.0,sunny,clay,senior,4.8,18.7,1,2024-11-21 00:00:00
244,EXC001,OP008,grade,41.3,48.6,sunny,loam,senior,10.7,6.4,1,2024-01-09 00:00:00
245,EXC005,OP008,load,31.3,31.8,cloudy,sand,senior,4.3,3.0,1,2024-06-16 00:00:00
246,EXC005,OP001,grade,44.9,74.2,rainy,rock,senior,3.3,24.0,0,2024-06-02 00:00:00
247,EXC001,OP001,load,26.7,19.1,sunny,clay,senior,7.5,15.7,1,2024-05-18 00:00:00
248,EXC004,OP006,dig,59.5,68.7,sunny,clay,mid,1.3,23.4,1,2024-09-22 00:00:00
249,EXC003,OP006,compact,31.0,51.1,rainy,sand,mid,11.2,1.8,1,2024-01-25 00:00:00
250,EXC004,OP007,compact,38.0,62.8,rainy,rock,mid,1.3,3.2,1,2024-03-15 00:00:00
251,EXC002,OP001,grade,38.1,75.2,windy,rock,junior,8.8,3.8,1,2024-02-01 00:00:00
252,EXC002,OP007,grade,41.1,73.3,cloudy,rock,junior,12.5,3.1,1,2024-08-11 00:00:00
253,EXC002,OP005,load,21.6,33.0,rainy,sand,senior,3.7,20.2,1,2024-07-31 00:00:00
254,EXC002,OP007,dig,63.8,89.5,sunny,clay,junior,6.0,9.9,1,2024-04-28 00:00:00
255,EXC002,OP007,trench,73.1,79.7,cloudy,sand,senior,10.4,21.8,1,2024-03-30 00:00:00
256,EXC002,OP001,load,33.6,34.9,cloudy,sand,mid,2.7,2.5,1,2024-04-22 00:00:00
257,EXC002,OP006,trench,64.2,88.4,sunny,rock,mid,4.1,19.6,0,2024-06-11 00:00:00
258,EXC004,OP008,compact,24.5,45.8,cloudy,rock,junior,0.6,10.8,0,2024-07-12 00:00:00
259,EXC004,OP003,dig,57.0,86.5,cloudy,rock,junior,9.3,23.6,1,2024-12-22 00:00:00
260,EXC005,OP007,compact,39.5,50.6,rainy,sand,mid,9.8,1.4,1,2024-05-16 00:00:00
261,EXC001,OP001,load,35.0,30.0,cloudy,loam,mid,9.1,20.0,1,2024-04-10 00:00:00
262,EXC002,OP009,grade,36.4,62.2,cloudy,rock,junior,10.0,23.9,1,2024-01-30 00:00:00
263,EXC001,OP006,dig,57.2,78.1,windy,sand,junior,9.9,9.8,1,2024-08-06 00:00:00
264,EXC004,OP003,compact,37.1,49.6,cloudy,sand,junior,3.0,11.8,1,2024-08-21 00:00:00
265,EXC003,OP004,trench,65.3,74.2,windy,loam,mid,13.1,12.0,1,2024-12-03 00:00:00
266,EXC005,OP010,grade,53.1,49.3,cloudy,loam,senior,6.7,22.2,1,2024-03-21 00:00:00
267,EXC001,OP002,load,26.4,26.1,cloudy,sand,mid,8.0,17.9,1,2024-03-07 00:00:00
268,EXC004,OP007,trench,64.9,77.2,rainy,sand,mid,2.1,21.2,1,2024-03-27 00:00:00
269,EXC001,OP002,trench,61.4,106.3,rainy,clay,junior,12.0,13.9,1,2024-11-02 00:00:00
270,EXC003,OP001,grade,46.8,47.3,cloudy,loam,mid,6.2,3.3,1,2024-08-29 00:00:00
271,EXC003,OP004,grade,42.4,51.7,sunny,sand,junior,7.5,1.8,1,2024-09-08 00:00:00
272,EXC003,OP003,trench,61.7,75.4,rainy,loam,senior,1.5,14.1,1,2024-09-04 00:00:00
273,EXC005,OP005,compact,34.4,46.2,rainy,loam,senior,3.7,11.5,1,2024-03-09 00:00:00
274,EXC002,OP004,load,17.3,35.7,cloudy,clay,junior,7.9,13.0,1,2024-11-11 00:00:00
275,EXC002,OP003,load,32.1,77.2,rainy,rock,junior,3.8,18.3,1,2024-10-17 00:00:00
276,EXC005,OP001,trench,68.6,76.6,windy,loam,mid,3.2,15.6,1,2024-08-24 00:00:00
277,EXC001,OP006,load,29.9,34.1,sunny,loam,mid,12.0,16.4,1,2024-01-11 00:00:00
278,EXC001,OP008,trench,68.9,91.0,windy,rock,mid,5.3,10.4,0,2024-10-16 00:00:00
279,EXC002,OP001,dig,60.8,69.9,sunny,loam,junior,2.5,4.8,1,2024-09-30 00:00:00
280,EXC001,OP006,dig,48.6,43.5,cloudy,sand,mid,6.3,1.3,1,2024-10-10 00:00:00
281,EXC004,OP010,dig,57.1,56.9,windy,loam,senior,2.4,22.1,1,2024-05-23 00:00:00
282,EXC004,OP010,load,28.1,52.4,rainy,clay,junior,6.7,17.8,1,2024-09-25 00:00:00
283,EXC005,OP004,trench,65.3,90.9,rainy,clay,senior,14.4,16.7,1,2024-06-26 00:00:00
284,EXC004,OP009,dig,53.5,63.1,sunny,sand,junior,14.5,22.1,1,2024-10-25 00:00:00
285,EXC005,OP002,load,22.1,26.0,cloudy,loam,mid,4.1,15.6,1,2024-06-26 00:00:00
286,EXC004,OP002,dig,54.5,60.8,cloudy,loam,junior,0.0,13.1,1,2024-08-09 00:00:00
287,EXC004,OP004,dig,43.6,43.8,cloudy,loam,senior,7.9,19.9,1,2024-05-10 00:00:00
288,EXC002,OP005,load,26.9,27.6,windy,sand,senior,3.7,2.8,1,2024-08-16 00:00:00
289,EXC001,OP009,load,38.2,58.7,sunny,clay,junior,0.4,4.5,1,2024-03-11 00:00:00
290,EXC004,OP005,dig,45.2,76.6,cloudy,rock,junior,12.4,8.7,0,2024-06-26 00:00:00
291,EXC004,OP007,trench,72.6,97.6,rainy,loam,junior,6.1,13.8,1,2024-05-16 00:00:00
292,EXC004,OP005,load,31.7,41.9,sunny,clay,mid,11.6,17.8,1,2024-07-27 00:00:00
293,EXC005,OP005,compact,52.0,66.9,windy,clay,mid,5.4,10.7,1,2024-12-20 00:00:00
294,EXC002,OP005,load,25.9,44.3,cloudy,loam,junior,10.3,13.9,1,2024-06-16 00:00:00
295,EXC004,OP004,compact,36.3,52.9,rainy,rock,senior,8.8,24.2,1,2024-11-24 00:00:00
296,EXC002,OP009,grade,46.3,57.0,rainy,sand,senior,5.0,22.2,1,2024-09-07 00:00:00
297,EXC001,OP007,dig,53.5,67.2,cloudy,loam,junior,3.5,20.9,1,2024-09-05 00:00:00
298,EXC001,OP001,dig,47.5,58.7,rainy,sand,junior,6.6,14.1,1,2024-05-28 00:00:00
299,EXC005,OP009,dig,60.4,75.0,windy,loam,junior,9.9,11.4,1,2024-02-18 00:00:00
300,EXC002,OP001,trench,67.4,72.4,sunny,loam,junior,7.5,19.9,1,2024-05-10 00:00:00
301,EXC004,OP007,compact,42.3,66.3,windy,rock,junior,9.5,4.3,0,2024-07-18 00:00:00
302,EXC002,OP004,compact,35.3,52.8,windy,clay,mid,8.0,22.5,1,2024-02-21 00:00:00
303,EXC001,OP010,trench,62.8,66.7,sunny,sand,senior,14.3,20.2,0,2024-03-21 00:00:00
304,EXC001,OP008,dig,64.5,90.8,sunny,rock,mid,10.7,10.2,1,2024-06-18 00:00:00
305,EXC002,OP008,compact,45.3,87.7,rainy,rock,junior,8.4,10.7,1,2024-01-25 00:00:00
306,EXC004,OP008,trench,73.4,110.8,windy,rock,junior,4.8,24.1,1,2024-03-24 00:00:00
307,EXC002,OP001,load,35.1,37.5,sunny,loam,mid,8.5,21.7,1,2024-10-04 00:00:00
308,EXC002,OP002,load,29.7,36.6,windy,sand,senior,5.8,11.3,1,2024-11-01 00:00:00
309,EXC002,OP008,grade,42.6,46.0,cloudy,loam,mid,7.9,23.4,1,2024-06-21 00:00:00
310,EXC005,OP004,trench,71.9,86.3,windy,clay,senior,3.8,15.6,1,2024-07-20 00:00:00
311,EXC001,OP004,trench,62.8,73.9,cloudy,sand,junior,14.6,8.8,1,2024-12-25 00:00:00
312,EXC002,OP004,load,29.1,41.2,cloudy,clay,mid,11.4,24.0,1,2024-01-07 00:00:00
313,EXC005,OP007,compact,45.6,42.5,sunny,sand,senior,9.4,4.3,1,2024-03-10 00:00:00
314,EXC001,OP009,load,27.5,74.5,windy,rock,junior,10.5,9.7,1,2024-03-26 00:00:00
315,EXC003,OP007,trench,70.8,112.0,rainy,clay,junior,12.9,4.7,1,2024-05-23 00:00:00
316,EXC003,OP007,grade,43.6,68.1,rainy,sand,senior,14.3,24.3,1,2024-12-15 00:00:00
317,EXC001,OP005,grade,45.9,87.7,rainy,rock,mid,12.5,12.5,1,2024-10-08 00:00:00
318,EXC003,OP009,compact,50.2,78.8,cloudy,rock,junior,2.4,23.7,1,2024-12-26 00:00:00
319,EXC004,OP006,compact,39.5,41.5,sunny,loam,senior,13.2,9.1,1,2024-07-10 00:00:00
320,EXC002,OP001,dig,48.0,65.2,sunny,rock,senior,5.8,22.8,1,2024-11-27 00:00:00
321,EXC001,OP009,grade,37.2,41.9,windy,loam,mid,2.0,22.5,0,2024-10-22 00:00:00
322,EXC004,OP008,compact,31.8,41.1,sunny,clay,senior,13.1,15.9,1,2024-01-06 00:00:00
323,EXC002,OP003,grade,41.2,63.1,cloudy,clay,junior,13.5,9.4,1,2024-02-29 00:00:00
324,EXC004,OP004,grade,46.7,55.9,rainy,loam,senior,14.8,22.3,1,2024-05-31 00:00:00
325,EXC005,OP004,load,32.2,32.9,cloudy,clay,mid,2.2,8.7,1,2024-02-23 00:00:00
326,EXC004,OP002,compact,41.2,83.0,windy,rock,junior,12.3,7.6,1,2024-09-16 00:00:00
327,EXC003,OP002,trench,67.0,78.2,sunny,sand,junior,8.5,6.1,1,2024-04-27 00:00:00
328,EXC004,OP006,trench,72.2,103.9,rainy,loam,junior,14.1,16.3,1,2024-09-04 00:00:00
329,EXC001,OP007,load,32.3,36.1,windy,loam,mid,8.8,18.2,1,2024-11-18 00:00:00
330,EXC003,OP003,compact,34.6,59.6,windy,loam,junior,10.5,21.1,1,2024-04-14 00:00:00
331,EXC001,OP006,grade,37.7,49.9,sunny,rock,senior,4.5,21.0,1,2024-12-16 00:00:00
332,EXC001,OP008,load,27.7,46.5,rainy,sand,senior,14.2,5.3,1,2024-02-23 00:00:00
333,EXC001,OP007,load,29.6,52.8,rainy,clay,mid,3.6,4.1,1,2024-01-17 00:00:00
334,EXC002,OP004,compact,37.6,57.9,windy,loam,junior,2.9,11.8,1,2024-06-07 00:00:00
335,EXC005,OP001,trench,69.6,75.3,sunny,rock,senior,14.7,14.4,1,2024-09-26 00:00:00
336,EXC004,OP010,grade,45.9,89.2,rainy,rock,junior,1.1,11.8,1,2024-11-14 00:00:00
337,EXC003,OP005,trench,70.2,96.9,rainy,clay,mid,4.0,14.8,1,2024-07-21 00:00:00
338,EXC005,OP010,grade,43.7,70.5,windy,clay,junior,3.0,4.5,1,2024-12-12 00:00:00
339,EXC002,OP010,trench,73.0,72.1,cloudy,loam,senior,9.8,24.5,1,2024-01-04 00:00:00
340,EXC001,OP006,load,33.7,32.0,cloudy,sand,mid,9.3,21.2,1,2024-10-10 00:00:00
341,EXC003,OP005,trench,65.7,91.1,rainy,rock,mid,2.2,2.9,1,2024-06-17 00:00:00
342,EXC003,OP005,load,29.3,23.7,sunny,loam,senior,3.6,16.7,1,2024-09-09 00:00:00
343,EXC002,OP007,compact,41.3,66.4,rainy,clay,senior,5.3,12.6,1,2024-02-01 00:00:00
344,EXC005,OP005,load,36.9,57.1,windy,clay,junior,7.8,12.8,1,2024-12-13 00:00:00
345,EXC001,OP005,grade,49.8,75.9,rainy,rock,senior,7.2,5.7,1,2024-06-19 00:00:00
346,EXC003,OP007,compact,42.6,40.3,sunny,loam,senior,7.0,2.3,1,2024-09-02 00:00:00
347,EXC003,OP004,dig,59.3,80.7,rainy,clay,junior,8.5,3.7,1,2024-09-09 00:00:00
348,EXC003,OP003,load,29.5,53.3,sunny,sand,junior,14.1,20.9,1,2024-01-29 00:00:00
349,EXC001,OP003,grade,48.0,73.4,rainy,clay,senior,0.8,16.4,1,2024-09-30 00:00:00
350,EXC002,OP001,compact,44.6,65.7,windy,sand,junior,13.9,19.0,1,2024-04-14 00:00:00
351,EXC003,OP002,grade,44.3,53.6,windy,loam,mid,12.8,21.0,1,2024-10-12 00:00:00
352,EXC003,OP009,compact,38.4,38.2,sunny,sand,mid,8.3,8.8,1,2024-06-08 00:00:00
353,EXC002,OP008,grade,54.4,58.9,windy,clay,senior,7.9,16.5,1,2024-05-13 00:00:00
354,EXC001,OP010,trench,69.8,75.0,windy,loam,mid,0.8,12.0,1,2024-12-28 00:00:00
355,EXC001,OP010,grade,47.9,79.3,rainy,rock,senior,10.1,12.4,1,2024-05-10 00:00:00
356,EXC004,OP002,trench,67.5,75.3,sunny,clay,senior,11.9,22.4,1,2024-08-06 00:00:00
357,EXC003,OP007,grade,50.7,67.3,cloudy,rock,senior,9.8,11.9,1,2024-02-15 00:00:00
358,EXC001,OP005,compact,46.5,87.2,rainy,rock,junior,6.2,6.6,1,2024-03-30 00:00:00
359,EXC002,OP007,load,24.9,49.5,sunny,rock,mid,14.7,2.3,1,2024-07-17 00:00:00
360,EXC005,OP005,trench,68.8,98.6,cloudy,rock,mid,13.9,20.6,1,2024-09-15 00:00:00
361,EXC005,OP005,load,33.4,85.1,rainy,rock,junior,11.4,7.3,1,2024-03-03 00:00:00
362,EXC003,OP003,load,26.9,35.8,windy,clay,senior,1.0,19.4,1,2024-07-21 00:00:00
363,EXC003,OP004,trench,71.3,91.3,rainy,loam,mid,11.7,21.4,1,2024-03-29 00:00:00
364,EXC002,OP010,trench,70.0,65.2,windy,loam,senior,0.5,24.9,1,2024-03-09 00:00:00
365,EXC001,OP001,grade,49.7,75.0,cloudy,rock,senior,11.3,2.5,1,2024-09-12 00:00:00
366,EXC001,OP010,dig,53.3,52.5,cloudy,sand,mid,1.5,11.8,1,2024-04-18 00:00:00
367,EXC002,OP007,dig,49.1,65.6,windy,sand,mid,12.0,3.7,1,2024-10-13 00:00:00
368,EXC005,OP007,grade,46.9,84.2,windy,rock,junior,1.7,20.7,1,2024-09-03 00:00:00
369,EXC004,OP007,dig,47.2,83.3,rainy,rock,junior,5.3,16.1,1,2024-05-07 00:00:00
370,EXC005,OP001,load,33.1,32.7,windy,loam,senior,9.6,20.8,1,2024-07-30 00:00:00
371,EXC002,OP001,dig,66.4,67.6,sunny,rock,senior,1.2,7.9,1,2024-09-26 00:00:00
372,EXC003,OP010,trench,67.6,68.1,sunny,loam,mid,4.0,6.0,1,2024-03-24 00:00:00
373,EXC005,OP006,load,29.0,44.3,sunny,rock,junior,2.5,21.1,1,2024-10-26 00:00:00
374,EXC004,OP006,compact,41.5,53.0,windy,clay,senior,9.7,14.8,1,2024-03-29 00:00:00
375,EXC002,OP003,trench,66.8,83.5,cloudy,clay,junior,5.6,3.7,1,2024-03-07 00:00:00
376,EXC003,OP005,load,29.9,66.9,cloudy,rock,junior,7.2,1.5,1,2024-01-22 00:00:00
377,EXC003,OP004,load,25.2,20.7,sunny,loam,senior,12.7,22.2,1,2024-10-17 00:00:00
378,EXC005,OP007,compact,46.4,55.2,cloudy,sand,junior,6.8,8.5,1,2024-02-19 00:00:00
379,EXC005,OP004,load,27.3,63.3,cloudy,rock,junior,13.4,11.9,0,2024-04-16 00:00:00
380,EXC004,OP001,load,32.8,49.3,rainy,loam,senior,3.9,21.6,1,2024-02-05 00:00:00
381,EXC001,OP003,trench,70.5,95.5,windy,clay,junior,12.4,4.1,1,2024-07-15 00:00:00
382,EXC005,OP005,load,20.3,48.1,windy,clay,junior,8.0,3.3,0,2024-02-05 00:00:00
383,EXC003,OP003,grade,48.7,60.9,cloudy,rock,mid,0.4,5.5,1,2024-08-22 00:00:00
384,EXC005,OP008,trench,68.6,83.5,cloudy,rock,mid,5.0,19.7,1,2024-01-07 00:00:00
385,EXC002,OP004,dig,53.4,89.9,rainy,clay,junior,11.0,6.9,1,2024-09-07 00:00:00
386,EXC003,OP003,compact,43.5,47.3,cloudy,sand,mid,5.4,6.7,1,2024-07-06 00:00:00
387,EXC001,OP006,compact,37.8,53.0,windy,sand,junior,0.4,11.0,1,2024-11-04 00:00:00
388,EXC003,OP010,dig,58.4,65.5,cloudy,clay,senior,8.3,2.9,1,2024-11-23 00:00:00
389,EXC004,OP005,load,27.2,35.8,rainy,loam,senior,9.9,13.3,1,2024-10-26 00:00:00
390,EXC004,OP005,load,37.0,86.1,rainy,clay,junior,10.8,16.4,1,2024-10-01 00:00:00
391,EXC003,OP002,load,39.6,61.9,sunny,clay,mid,12.2,11.3,1,2024-01-01 00:00:00
392,EXC003,OP010,dig,47.8,67.5,sunny,rock,senior,14.3,11.6,0,2024-11-13 00:00:00
393,EXC004,OP008,load,23.9,59.2,rainy,clay,junior,8.3,12.9,1,2024-10-03 00:00:00
394,EXC003,OP006,dig,54.8,59.4,cloudy,clay,senior,13.9,23.7,1,2024-04-14 00:00:00
395,EXC001,OP001,trench,75.7,102.7,cloudy,rock,junior,7.8,19.9,1,2024-07-30 00:00:00
396,EXC003,OP001,trench,69.1,65.7,windy,loam,senior,9.8,20.8,1,2024-08-22 00:00:00
397,EXC003,OP005,grade,45.0,65.2,sunny,rock,junior,3.7,15.2,0,2024-05-29 00:00:00
398,EXC004,OP003,dig,53.7,62.8,cloudy,loam,mid,14.8,16.0,1,2024-10-05 00:00:00
399,EXC002,OP003,trench,62.4,96.0,rainy,clay,junior,13.3,8.6,1,2024-04-01 00:00:00
400,EXC003,OP008,grade,44.2,46.8,sunny,loam,mid,0.7,2.6,1,2024-10-05 00:00:00
401,EXC002,OP007,dig,59.8,71.8,cloudy,sand,mid,14.0,22.1,1,2024-05-12 00:00:00
402,EXC001,OP005,trench,67.1,81.9,rainy,clay,senior,4.3,11.3,1,2024-03-31 00:00:00
403,EXC004,OP002,trench,70.7,84.1,cloudy,clay,junior,4.4,24.7,1,2024-04-06 00:00:00
404,EXC001,OP008,trench,74.3,95.3,windy,sand,junior,10.4,10.9,1,2024-03-03 00:00:00
405,EXC001,OP010,compact,35.2,39.8,sunny,loam,mid,10.3,5.7,1,2024-03-27 00:00:00
406,EXC005,OP006,dig,59.6,82.2,rainy,sand,junior,7.3,12.5,1,2024-05-08 00:00:00
407,EXC004,OP009,grade,52.6,68.4,sunny,loam,junior,11.1,20.9,1,2024-02-14 00:00:00
408,EXC004,OP003,compact,43.2,63.1,windy,rock,mid,12.9,3.7,1,2024-09-30 00:00:00
409,EXC003,OP009,dig,56.1,93.9,cloudy,rock,junior,13.8,3.9,1,2024-05-31 00:00:00
410,EXC001,OP009,grade,46.8,62.3,cloudy,clay,mid,13.8,20.1,1,2024-01-01 00:00:00
411,EXC002,OP001,trench,72.3,97.4,rainy,clay,junior,0.5,18.6,1,2024-12-03 00:00:00
412,EXC002,OP004,compact,37.1,56.3,windy,rock,senior,0.9,21.5,1,2024-09-16 00:00:00
413,EXC005,OP005,grade,54.1,60.5,windy,loam,senior,13.3,6.2,0,2024-07-21 00:00:00
414,EXC004,OP007,trench,66.5,78.5,rainy,sand,mid,3.6,3.7,1,2024-07-10 00:00:00
415,EXC003,OP003,load,28.7,66.7,rainy,rock,junior,0.3,4.6,1,2024-07-02 00:00:00
416,EXC005,OP010,trench,70.9,65.0,cloudy,sand,senior,2.0,7.3,1,2024-04-29 00:00:00
417,EXC004,OP004,load,19.0,29.0,sunny,clay,mid,0.2,21.3,1,2024-08-03 00:00:00
418,EXC005,OP006,compact,43.4,60.3,rainy,loam,junior,0.3,23.1,1,2024-12-22 00:00:00
419,EXC005,OP008,trench,75.3,84.3,windy,loam,mid,1.8,13.6,1,2024-11-19 00:00:00
420,EXC005,OP008,load,25.0,21.1,cloudy,loam,senior,1.1,9.7,1,2024-11-29 00:00:00
421,EXC003,OP001,compact,37.4,31.6,windy,loam,senior,9.6,9.5,1,2024-10-07 00:00:00
422,EXC004,OP004,grade,49.7,69.7,rainy,sand,mid,10.9,17.3,1,2024-11-25 00:00:00
423,EXC001,OP007,trench,58.9,59.0,windy,sand,senior,9.8,13.9,1,2024-01-13 00:00:00
424,EXC004,OP010,dig,56.6,52.5,windy,loam,senior,13.8,1.7,1,2024-02-13 00:00:00
425,EXC005,OP004,dig,49.6,68.3,rainy,clay,mid,2.5,14.7,1,2024-08-28 00:00:00
426,EXC003,OP009,load,33.1,34.6,sunny,loam,mid,13.6,20.2,1,2024-03-19 00:00:00
427,EXC002,OP008,trench,74.2,89.9,windy,clay,mid,14.5,14.5,1,2024-05-12 00:00:00
428,EXC001,OP003,load,31.6,72.6,windy,clay,junior,13.7,19.3,1,2024-07-07 00:00:00
429,EXC005,OP003,load,28.1,60.1,rainy,clay,junior,9.3,9.8,1,2024-12-10 00:00:00
430,EXC002,OP009,trench,67.0,72.3,cloudy,sand,mid,10.3,24.0,0,2024-10-18 00:00:00
431,EXC005,OP009,dig,51.9,62.4,sunny,sand,mid,11.4,10.9,1,2024-10-11 00:00:00
432,EXC002,OP009,load,32.5,62.3,rainy,clay,mid,11.8,20.2,1,2024-01-29 00:00:00
433,EXC001,OP002,load,29.5,58.1,sunny,rock,junior,0.0,24.0,1,2024-11-12 00:00:00
434,EXC005,OP003,dig,51.1,68.6,windy,rock,mid,7.5,3.0,1,2024-04-15 00:00:00
435,EXC004,OP007,load,21.5,47.8,windy,rock,mid,3.4,21.6,1,2024-03-12 00:00:00
436,EXC004,OP004,compact,30.1,56.6,cloudy,rock,junior,10.5,21.8,1,2024-03-19 00:00:00
437,EXC002,OP010,dig,49.2,48.5,cloudy,clay,senior,9.3,14.3,1,2024-12-24 00:00:00
438,EXC003,OP008,dig,58.1,66.0,sunny,rock,senior,0.6,4.1,1,2024-09-23 00:00:00
439,EXC001,OP004,trench,66.2,88.5,rainy,clay,senior,14.9,7.3,1,2024-05-09 00:00:00
440,EXC001,OP002,load,28.9,28.6,cloudy,sand,mid,9.2,19.9,1,2024-04-01 00:00:00
441,EXC004,OP007,dig,56.5,49.5,sunny,loam,mid,7.3,8.1,1,2024-05-16 00:00:00
442,EXC004,OP008,grade,43.8,56.3,cloudy,rock,senior,7.1,15.3,1,2024-04-30 00:00:00
443,EXC001,OP002,dig,60.1,78.0,windy,rock,senior,9.1,6.7,1,2024-09-16 00:00:00
444,EXC005,OP001,grade,52.7,73.1,windy,rock,mid,9.0,4.6,1,2024-02-15 00:00:00
445,EXC004,OP004,compact,43.0,54.2,windy,sand,mid,6.3,23.4,1,2024-12-26 00:00:00
446,EXC003,OP007,dig,59.3,93.7,rainy,clay,mid,12.6,5.8,1,2024-07-10 00:00:00
447,EXC004,OP006,compact,40.9,72.6,rainy,clay,junior,12.6,1.1,1,2024-08-23 00:00:00
448,EXC002,OP003,dig,62.2,93.1,rainy,clay,mid,13.2,19.4,1,2024-08-14 00:00:00
449,EXC001,OP009,compact,39.4,39.4,sunny,clay,senior,5.9,1.8,1,2024-01-20 00:00:00
450,EXC001,OP001,grade,46.3,73.5,windy,rock,mid,2.8,8.4,1,2024-02-02 00:00:00
451,EXC001,OP010,dig,50.9,91.1,rainy,rock,junior,1.2,3.9,1,2024-04-22 00:00:00
452,EXC003,OP009,dig,49.2,51.1,sunny,sand,senior,12.8,2.0,1,2024-01-31 00:00:00
453,EXC002,OP005,grade,44.6,52.4,windy,loam,mid,1.5,4.3,1,2024-08-04 00:00:00
454,EXC001,OP004,dig,52.4,92.5,rainy,rock,junior,13.9,17.3,1,2024-11-01 00:00:00
455,EXC002,OP010,load,35.7,60.9,rainy,clay,senior,1.3,17.3,1,2024-08-26 00:00:00
456,EXC003,OP006,compact,40.0,58.2,rainy,loam,mid,13.5,19.7,1,2024-09-22 00:00:00
457,EXC003,OP008,grade,46.4,71.3,sunny,clay,junior,5.3,7.5,1,2024-08-05 00:00:00
458,EXC001,OP006,compact,42.0,54.0,rainy,loam,mid,1.9,24.5,1,2024-11-03 00:00:00
459,EXC005,OP008,dig,61.7,85.6,rainy,loam,junior,3.0,20.9,1,2024-03-06 00:00:00
460,EXC004,OP010,dig,55.7,59.6,rainy,sand,senior,0.5,18.8,1,2024-03-23 00:00:00
461,EXC005,OP009,dig,62.4,84.0,cloudy,rock,mid,13.4,7.0,1,2024-10-11 00:00:00
462,EXC001,OP001,load,26.8,46.3,sunny,rock,senior,14.3,7.7,1,2024-03-13 00:00:00
463,EXC003,OP001,dig,60.9,82.4,windy,loam,junior,3.7,4.6,1,2024-11-07 00:00:00
464,EXC002,OP001,grade,50.6,77.6,rainy,rock,mid,7.7,15.3,1,2024-12-20 00:00:00
465,EXC001,OP008,trench,67.8,81.9,rainy,clay,mid,6.1,22.7,1,2024-12-01 00:00:00
466,EXC005,OP007,grade,50.6,83.8,rainy,clay,mid,11.9,9.2,1,2024-03-23 00:00:00
467,EXC002,OP003,load,27.0,61.7,cloudy,rock,mid,14.0,11.7,1,2024-11-21 00:00:00
468,EXC002,OP009,trench,76.7,98.1,sunny,clay,junior,2.8,21.7,1,2024-10-12 00:00:00
469,EXC003,OP005,trench,72.4,89.9,rainy,clay,mid,5.1,22.9,1,2024-04-06 00:00:00
470,EXC003,OP001,dig,54.4,78.8,rainy,sand,junior,14.4,6.2,1,2024-08-20 00:00:00
471,EXC004,OP001,compact,35.7,33.8,cloudy,loam,senior,0.9,12.6,1,2024-06-02 00:00:00
472,EXC001,OP004,dig,51.0,92.2,rainy,loam,junior,13.5,11.1,1,2024-06-08 00:00:00
473,EXC005,OP010,trench,70.7,69.3,sunny,sand,mid,9.5,21.4,1,2024-07-02 00:00:00
474,EXC004,OP010,dig,50.9,50.4,sunny,sand,senior,2.4,15.4,1,2024-09-27 00:00:00
475,EXC002,OP006,grade,51.6,74.9,cloudy,rock,mid,3.8,12.4,0,2024-11-23 00:00:00
476,EXC001,OP010,grade,39.3,56.2,windy,clay,mid,6.7,7.0,1,2024-10-06 00:00:00
477,EXC005,OP010,compact,44.1,59.6,windy,clay,senior,3.2,2.3,1,2024-04-06 00:00:00
478,EXC005,OP001,load,30.2,59.5,sunny,rock,junior,0.7,5.8,1,2024-02-26 00:00:00
479,EXC004,OP001,trench,82.1,124.1,rainy,clay,junior,14.3,10.7,1,2024-09-24 00:00:00
480,EXC005,OP007,compact,38.6,64.5,rainy,rock,senior,8.1,13.8,1,2024-04-18 00:00:00
481,EXC004,OP008,compact,40.7,43.0,sunny,sand,mid,4.5,20.6,0,2024-02-06 00:00:00
482,EXC005,OP009,grade,43.4,60.5,cloudy,loam,junior,1.3,9.7,1,2024-04-27 00:00:00
483,EXC004,OP005,compact,38.5,55.7,windy,clay,senior,12.0,20.0,1,2024-10-04 00:00:00
484,EXC001,OP008,compact,30.5,38.9,sunny,rock,senior,12.3,23.6,1,2024-10-12 00:00:00
485,EXC001,OP001,trench,72.1,84.8,rainy,loam,senior,3.6,15.5,0,2024-04-25 00:00:00
486,EXC005,OP006,load,34.4,46.5,sunny,sand,junior,9.9,20.6,1,2024-11-06 00:00:00
487,EXC002,OP005,load,29.5,40.3,windy,sand,mid,2.2,21.4,1,2024-04-04 00:00:00
488,EXC001,OP002,dig,52.9,83.6,rainy,rock,senior,4.6,9.9,1,2024-09-03 00:00:00
489,EXC002,OP007,compact,35.6,41.2,windy,sand,mid,0.1,24.5,1,2024-05-26 00:00:00
490,EXC004,OP010,grade,42.7,40.0,sunny,sand,senior,0.8,12.9,1,2024-09-21 00:00:00
491,EXC002,OP007,grade,48.0,46.9,sunny,sand,mid,5.5,7.4,1,2024-06-27 00:00:00
492,EXC002,OP004,dig,64.8,66.1,sunny,clay,mid,8.0,15.5,1,2024-05-23 00:00:00
493,EXC001,OP008,dig,55.3,89.0,windy,rock,junior,0.6,18.3,1,2024-05-06 00:00:00
494,EXC002,OP002,compact,41.2,59.3,cloudy,rock,mid,3.4,22.3,1,2024-07-14 00:00:00
495,EXC001,OP009,grade,50.0,50.8,cloudy,clay,senior,1.4,23.1,1,2024-06-14 00:00:00
496,EXC002,OP008,dig,60.1,53.1,cloudy,loam,senior,6.9,16.1,1,2024-09-14 00:00:00
497,EXC005,OP002,trench,70.9,94.1,windy,rock,senior,0.1,9.8,1,2024-01-06 00:00:00
498,EXC003,OP010,grade,49.4,63.4,cloudy,clay,junior,9.3,20.5,0,2024-10-03 00:00:00
499,EXC001,OP004,trench,70.5,88.2,cloudy,rock,senior,12.9,5.6,1,2024-12-20 00:00:00
500,EXC001,OP002,compact,36.0,51.9,sunny,clay,mid,11.1,5.6,1,2024-09-28 00:00:00
501,EXC001,OP005,grade,40.4,92.4,rainy,rock,junior,13.0,24.3,1,2024-03-07 00:00:00
502,EXC005,OP006,grade,52.0,109.6,rainy,rock,junior,5.0,2.8,1,2024-12-01 00:00:00
503,EXC002,OP008,compact,45.5,63.5,cloudy,rock,senior,4.0,17.5,1,2024-11-24 00:00:00
504,EXC001,OP008,grade,40.1,41.2,windy,sand,senior,9.3,6.8,0,2024-05-15 00:00:00
505,EXC001,OP002,grade,42.9,84.3,rainy,rock,junior,6.7,19.7,1,2024-09-01 00:00:00
506,EXC001,OP009,dig,53.3,60.9,rainy,sand,mid,6.0,15.7,1,2024-02-21 00:00:00
507,EXC002,OP006,trench,73.1,94.1,rainy,sand,junior,1.2,9.4,1,2024-08-08 00:00:00
508,EXC004,OP005,compact,36.2,47.7,sunny,clay,junior,8.1,17.3,1,2024-03-22 00:00:00
509,EXC002,OP007,trench,67.9,77.2,rainy,sand,senior,1.5,8.7,1,2024-07-03 00:00:00
510,EXC004,OP002,dig,57.5,60.1,windy,loam,senior,5.3,16.2,1,2024-11-28 00:00:00
511,EXC001,OP007,dig,51.6,57.2,rainy,loam,senior,6.2,21.4,1,2024-09-22 00:00:00
512,EXC005,OP009,load,33.7,50.8,sunny,clay,senior,10.2,14.4,1,2024-12-16 00:00:00
513,EXC002,OP007,load,33.4,62.4,cloudy,clay,junior,13.5,18.7,1,2024-07-12 00:00:00
514,EXC005,OP005,dig,58.3,91.5,rainy,clay,junior,3.1,20.9,1,2024-01-19 00:00:00
515,EXC001,OP001,compact,32.7,21.7,windy,sand,senior,4.7,11.0,1,2024-09-26 00:00:00
516,EXC003,OP003,grade,39.0,35.7,cloudy,sand,senior,5.5,3.5,1,2024-05-13 00:00:00
517,EXC005,OP010,dig,60.5,85.1,rainy,clay,mid,1.0,15.3,1,2024-08-22 00:00:00
518,EXC002,OP009,grade,48.6,53.5,windy,clay,senior,2.0,11.6,1,2024-08-25 00:00:00
519,EXC004,OP003,grade,46.0,57.2,windy,loam,senior,13.0,18.6,1,2024-10-09 00:00:00
520,EXC003,OP006,trench,66.9,81.5,cloudy,rock,senior,6.1,16.9,0,2024-09-09 00:00:00
521,EXC004,OP006,load,33.2,42.4,rainy,loam,senior,12.8,1.8,1,2024-01-22 00:00:00
522,EXC002,OP010,compact,36.1,56.3,windy,clay,mid,6.9,3.4,1,2024-02-09 00:00:00
523,EXC001,OP001,grade,41.9,87.0,cloudy,rock,junior,10.9,23.8,1,2024-03-15 00:00:00
524,EXC004,OP010,dig,56.3,76.4,sunny,clay,junior,10.6,15.0,1,2024-08-23 00:00:00
525,EXC004,OP005,load,22.1,18.2,cloudy,sand,mid,8.2,17.5,1,2024-01-10 00:00:00
526,EXC001,OP002,compact,30.0,50.0,sunny,clay,mid,13.2,12.3,1,2024-06-25 00:00:00
527,EXC001,OP005,compact,44.2,64.1,sunny,rock,mid,14.3,14.6,1,2024-12-17 00:00:00
528,EXC001,OP005,trench,57.8,67.2,windy,loam,senior,13.1,20.8,1,2024-02-21 00:00:00
529,EXC001,OP004,compact,37.1,50.7,windy,clay,junior,4.8,13.0,1,2024-06-23 00:00:00
530,EXC001,OP002,load,30.9,71.6,windy,rock,junior,10.4,15.8,1,2024-05-28 00:00:00
531,EXC005,OP004,grade,37.4,63.5,windy,loam,junior,14.3,3.7,1,2024-03-14 00:00:00
532,EXC003,OP002,load,27.8,40.7,cloudy,rock,senior,9.4,15.4,1,2024-09-11 00:00:00
533,EXC001,OP008,load,33.8,55.1,rainy,loam,junior,7.1,20.5,1,2024-10-05 00:00:00
534,EXC003,OP010,compact,35.3,60.6,windy,sand,junior,7.6,3.4,1,2024-07-10 00:00:00
535,EXC001,OP006,load,38.4,49.0,cloudy,loam,junior,3.8,19.1,0,2024-01-29 00:00:00
536,EXC005,OP005,trench,66.2,95.6,rainy,sand,junior,8.0,1.6,1,2024-03-14 00:00:00
537,EXC004,OP008,compact,35.3,49.1,cloudy,clay,junior,2.2,13.2,0,2024-05-28 00:00:00
538,EXC003,OP010,dig,56.2,66.3,windy,clay,mid,10.6,22.6,1,2024-02-28 00:00:00
539,EXC001,OP002,grade,41.4,64.1,rainy,sand,junior,0.7,14.1,0,2024-01-08 00:00:00
540,EXC001,OP009,load,30.9,42.8,windy,sand,junior,3.0,10.1,1,2024-06-25 00:00:00
541,EXC004,OP004,compact,39.4,68.5,rainy,clay,junior,14.4,7.4,1,2024-09-20 00:00:00
542,EXC004,OP004,compact,40.8,79.5,cloudy,rock,junior,11.8,6.8,0,2024-08-26 00:00:00
543,EXC001,OP002,compact,41.9,60.7,windy,clay,mid,7.2,13.6,1,2024-10-14 00:00:00
544,EXC003,OP001,trench,70.6,65.0,cloudy,loam,senior,12.7,4.0,1,2024-02-05 00:00:00
545,EXC002,OP002,dig,57.1,68.8,windy,sand,mid,12.5,16.6,1,2024-11-22 00:00:00
546,EXC001,OP010,dig,50.2,64.2,cloudy,clay,senior,14.1,15.8,1,2024-04-20 00:00:00
547,EXC003,OP003,grade,42.0,46.3,cloudy,clay,mid,6.6,5.3,0,2024-11-15 00:00:00
548,EXC004,OP006,grade,42.7,61.5,rainy,loam,mid,1.6,5.0,1,2024-02-16 00:00:00
549,EXC001,OP008,trench,65.3,88.7,cloudy,rock,junior,6.2,5.9,1,2024-07-17 00:00:00
550,EXC001,OP010,load,30.1,34.9,windy,sand,senior,0.1,1.7,1,2024-07-05 00:00:00
551,EXC002,OP001,compact,40.6,74.4,rainy,loam,junior,11.1,11.3,1,2024-07-24 00:00:00
552,EXC004,OP004,compact,35.7,73.6,rainy,rock,junior,8.2,23.0,1,2024-07-22 00:00:00
553,EXC004,OP002,compact,38.8,52.3,cloudy,sand,junior,13.5,4.3,1,2024-07-10 00:00:00
554,EXC001,OP004,trench,69.5,79.9,sunny,rock,senior,12.2,12.6,1,2024-11-13 00:00:00
555,EXC002,OP009,trench,72.1,102.7,rainy,sand,junior,3.2,2.1,1,2024-01-30 00:00:00
556,EXC002,OP003,load,32.6,31.9,windy,sand,senior,2.5,3.7,1,2024-06-13 00:00:00
557,EXC002,OP003,compact,38.8,61.6,rainy,rock,mid,9.1,6.7,1,2024-12-25 00:00:00
558,EXC003,OP005,load,21.7,29.0,windy,clay,mid,3.1,4.6,1,2024-06-17 00:00:00
559,EXC001,OP008,dig,57.9,70.5,windy,sand,junior,0.4,12.7,1,2024-11-03 00:00:00
560,EXC001,OP010,load,26.2,26.2,cloudy,loam,mid,4.2,20.3,1,2024-07-26 00:00:00
561,EXC005,OP006,compact,44.2,47.0,windy,sand,mid,9.3,15.8,1,2024-07-25 00:00:00
562,EXC005,OP001,compact,43.5,51.0,sunny,clay,mid,0.8,4.3,1,2024-08-16 00:00:00
563,EXC004,OP004,trench,73.1,78.4,sunny,sand,junior,6.6,8.8,1,2024-12-01 00:00:00
564,EXC003,OP009,load,20.9,34.3,rainy,loam,senior,9.1,23.4,0,2024-08-24 00:00:00
565,EXC001,OP005,grade,45.6,58.7,sunny,loam,junior,13.3,24.5,1,2024-06-06 00:00:00
566,EXC003,OP003,compact,40.2,45.5,windy,loam,mid,10.7,4.2,1,2024-11-21 00:00:00
567,EXC001,OP002,load,30.4,66.0,windy,rock,junior,8.5,21.8,1,2024-08-07 00:00:00
568,EXC001,OP009,dig,63.0,87.5,cloudy,loam,junior,10.6,2.2,1,2024-07-29 00:00:00
569,EXC002,OP001,compact,28.5,25.4,sunny,clay,senior,0.2,16.6,1,2024-07-24 00:00:00
570,EXC002,OP010,dig,40.2,68.5,windy,sand,junior,13.1,1.6,1,2024-11-21 00:00:00
571,EXC004,OP009,grade,49.0,60.0,windy,loam,mid,5.0,18.6,1,2024-02-05 00:00:00
572,EXC003,OP003,grade,45.4,61.3,cloudy,sand,junior,10.9,17.9,1,2024-09-03 00:00:00
573,EXC003,OP002,load,33.9,48.9,windy,rock,mid,8.7,2.4,1,2024-03-21 00:00:00
574,EXC002,OP003,load,32.4,52.8,sunny,rock,mid,11.5,14.6,1,2024-06-07 00:00:00
575,EXC002,OP009,grade,42.6,45.8,windy,loam,mid,4.0,11.8,0,2024-12-04 00:00:00
576,EXC002,OP010,trench,70.5,82.0,windy,sand,senior,13.8,23.3,1,2024-07-21 00:00:00
577,EXC005,OP001,dig,57.1,79.0,rainy,sand,junior,1.5,10.1,1,2024-07-04 00:00:00
578,EXC001,OP007,load,40.3,52.3,sunny,loam,mid,14.0,23.6,1,2024-12-15 00:00:00
579,EXC001,OP003,trench,59.7,93.1,rainy,loam,junior,3.9,16.9,1,2024-08-14 00:00:00
580,EXC003,OP007,load,31.7,50.6,rainy,rock,senior,8.2,22.1,1,2024-07-30 00:00:00
581,EXC003,OP003,grade,37.4,60.7,rainy,rock,mid,5.9,24.7,1,2024-06-14 00:00:00
582,EXC002,OP007,grade,47.2,60.3,windy,clay,mid,3.3,2.5,1,2024-03-21 00:00:00
583,EXC002,OP007,dig,48.8,48.1,sunny,loam,mid,8.8,14.9,1,2024-02-19 00:00:00
584,EXC004,OP001,grade,51.0,70.0,windy,clay,junior,4.0,21.5,1,2024-05-25 00:00:00
585,EXC001,OP005,load,32.6,28.2,sunny,sand,mid,1.6,12.3,1,2024-08-21 00:00:00
586,EXC004,OP001,load,25.3,43.9,windy,sand,junior,10.0,5.1,1,2024-03-20 00:00:00
587,EXC005,OP003,compact,40.1,50.2,cloudy,sand,junior,13.1,23.6,1,2024-07-22 00:00:00
588,EXC002,OP006,load,27.0,79.0,rainy,rock,junior,1.6,2.6,1,2024-09-20 00:00:00
589,EXC003,OP010,trench,71.8,82.8,windy,sand,mid,10.5,24.3,0,2024-06-21 00:00:00
590,EXC004,OP004,dig,58.3,82.4,rainy,sand,junior,13.5,19.8,1,2024-08-26 00:00:00
591,EXC004,OP004,dig,54.5,69.8,windy,clay,senior,1.7,12.9,1,2024-09-01 00:00:00
592,EXC001,OP005,grade,44.3,77.5,rainy,loam,junior,6.4,14.8,1,2024-03-04 00:00:00
593,EXC002,OP009,load,24.6,40.1,windy,loam,junior,8.1,11.5,1,2024-08-20 00:00:00
594,EXC005,OP004,load,32.6,53.3,windy,sand,junior,10.5,16.1,1,2024-02-12 00:00:00
595,EXC001,OP008,grade,46.0,52.4,windy,loam,mid,5.8,20.7,1,2024-05-23 00:00:00
596,EXC004,OP010,dig,52.9,70.3,windy,clay,junior,4.3,23.8,1,2024-09-15 00:00:00
597,EXC003,OP002,dig,58.2,77.7,rainy,loam,junior,8.7,18.7,1,2024-06-28 00:00:00
598,EXC003,OP010,load,28.2,37.0,cloudy,clay,senior,4.9,19.4,1,2024-10-27 00:00:00
599,EXC005,OP004,trench,69.2,73.7,cloudy,rock,senior,0.6,1.9,1,2024-05-19 00:00:00
600,EXC005,OP004,grade,45.6,91.2,rainy,clay,junior,13.5,9.7,1,2024-04-20 00:00:00
601,EXC004,OP005,grade,48.1,39.3,cloudy,loam,senior,3.8,18.1,1,2024-02-03 00:00:00
602,EXC001,OP001,load,32.3,37.7,sunny,clay,mid,8.4,21.7,1,2024-07-27 00:00:00
603,EXC003,OP008,trench,71.2,67.8,cloudy,sand,mid,9.9,20.1,1,2024-08-22 00:00:00
604,EXC002,OP003,dig,37.2,51.4,rainy,sand,mid,4.1,2.7,1,2024-09-22 00:00:00
605,EXC004,OP008,grade,52.7,79.5,rainy,clay,mid,2.7,2.5,1,2024-08-01 00:00:00
606,EXC001,OP008,grade,49.8,54.5,cloudy,sand,mid,14.3,12.0,1,2024-08-23 00:00:00
607,EXC001,OP009,compact,51.3,89.0,rainy,rock,junior,8.1,2.4,1,2024-01-30 00:00:00
608,EXC001,OP009,trench,62.3,70.9,sunny,sand,junior,0.6,24.8,1,2024-06-27 00:00:00
609,EXC003,OP006,load,27.6,37.8,cloudy,clay,mid,11.8,2.2,1,2024-10-14 00:00:00
610,EXC005,OP010,grade,44.6,72.3,rainy,loam,junior,6.1,8.7,0,2024-12-12 00:00:00
611,EXC005,OP001,load,38.6,66.9,sunny,rock,junior,4.2,16.8,1,2024-03-13 00:00:00
612,EXC005,OP010,compact,41.4,68.5,rainy,rock,mid,2.1,4.0,1,2024-09-26 00:00:00
613,EXC001,OP004,trench,82.0,108.0,windy,loam,junior,12.1,11.2,1,2024-03-05 00:00:00
614,EXC003,OP007,compact,35.2,47.6,windy,sand,mid,10.5,8.6,1,2024-07-05 00:00:00
615,EXC002,OP002,load,33.1,40.1,windy,sand,mid,11.7,1.6,1,2024-02-11 00:00:00
616,EXC003,OP007,load,37.0,48.0,windy,loam,junior,1.0,12.9,1,2024-05-05 00:00:00
617,EXC005,OP010,compact,45.8,65.1,windy,clay,mid,1.7,6.4,1,2024-08-13 00:00:00
618,EXC004,OP006,trench,70.9,87.3,windy,loam,junior,3.8,20.1,1,2024-10-21 00:00:00
619,EXC001,OP003,grade,41.5,68.5,rainy,loam,junior,5.0,6.5,1,2024-07-19 00:00:00
620,EXC005,OP008,trench,72.7,68.9,cloudy,loam,senior,14.3,19.3,0,2024-08-11 00:00:00
621,EXC005,OP009,trench,68.0,100.6,windy,rock,senior,11.1,2.3,1,2024-02-10 00:00:00
622,EXC004,OP005,trench,57.0,66.6,cloudy,clay,mid,4.5,8.2,1,2024-07-26 00:00:00
623,EXC002,OP004,trench,63.3,76.0,rainy,loam,senior,3.1,14.1,1,2024-12-25 00:00:00
624,EXC001,OP010,compact,38.9,51.2,sunny,sand,junior,1.9,17.3,1,2024-04-05 00:00:00
625,EXC005,OP003,compact,47.7,61.3,sunny,rock,senior,8.2,10.9,1,2024-02-04 00:00:00
626,EXC004,OP004,compact,44.6,40.3,cloudy,loam,senior,3.8,18.4,1,2024-11-03 00:00:00
627,EXC003,OP005,load,27.2,52.2,sunny,rock,junior,6.5,6.7,1,2024-05-03 00:00:00
628,EXC002,OP010,dig,59.8,60.0,sunny,sand,senior,11.3,2.0,1,2024-12-29 00:00:00
629,EXC002,OP007,load,32.7,66.1,rainy,rock,senior,5.2,12.1,0,2024-10-11 00:00:00
630,EXC002,OP005,dig,53.7,51.5,sunny,sand,senior,12.7,23.0,1,2024-07-11 00:00:00
631,EXC002,OP007,grade,38.2,58.9,rainy,clay,junior,5.6,5.7,1,2024-07-08 00:00:00
632,EXC003,OP006,compact,39.0,70.3,cloudy,rock,junior,12.3,18.3,1,2024-10-20 00:00:00
633,EXC002,OP003,load,29.6,23.1,sunny,sand,senior,7.0,5.3,1,2024-12-18 00:00:00
634,EXC001,OP008,grade,44.3,60.4,cloudy,clay,mid,13.2,22.2,1,2024-05-07 00:00:00
635,EXC004,OP010,dig,54.4,54.4,cloudy,clay,senior,0.3,17.3,1,2024-01-27 00:00:00
636,EXC003,OP002,trench,66.4,61.1,sunny,sand,mid,9.7,19.6,1,2024-02-07 00:00:00
637,EXC001,OP005,grade,45.6,70.9,sunny,rock,junior,6.5,2.7,1,2024-06-07 00:00:00
638,EXC004,OP002,load,27.4,38.3,sunny,sand,junior,1.3,18.5,1,2024-09-26 00:00:00
639,EXC001,OP001,load,30.6,28.1,sunny,sand,mid,9.6,18.8,1,2024-08-03 00:00:00
640,EXC004,OP007,trench,70.6,62.6,cloudy,sand,senior,6.8,8.2,1,2024-09-16 00:00:00
641,EXC001,OP004,compact,40.8,69.5,windy,clay,junior,10.7,23.5,1,2024-06-30 00:00:00
642,EXC004,OP010,grade,47.4,59.3,windy,rock,senior,9.9,14.4,1,2024-11-08 00:00:00
643,EXC003,OP003,load,30.1,31.9,windy,sand,mid,2.3,15.0,1,2024-12-09 00:00:00
644,EXC003,OP004,load,26.0,58.5,windy,rock,mid,14.4,6.0,1,2024-02-18 00:00:00
645,EXC001,OP001,dig,42.5,31.7,sunny,loam,senior,6.4,16.9,1,2024-10-26 00:00:00
646,EXC004,OP005,load,25.4,40.7,windy,clay,mid,6.8,1.9,1,2024-10-31 00:00:00
647,EXC004,OP002,trench,56.8,62.0,sunny,loam,junior,9.7,22.9,1,2024-07-24 00:00:00
648,EXC005,OP009,compact,41.5,65.9,cloudy,rock,mid,4.7,13.5,1,2024-02-17 00:00:00
649,EXC001,OP005,trench,79.0,90.2,windy,rock,senior,4.9,9.1,1,2024-04-26 00:00:00
650,EXC003,OP006,trench,71.3,86.9,sunny,clay,junior,9.4,17.1,1,2024-05-20 00:00:00
651,EXC001,OP010,dig,56.5,57.8,cloudy,sand,mid,1.7,15.3,0,2024-11-06 00:00:00
652,EXC003,OP001,load,36.0,34.9,cloudy,loam,mid,4.7,17.9,1,2024-01-21 00:00:00
653,EXC002,OP004,dig,58.4,70.4,windy,loam,mid,13.4,23.2,1,2024-10-26 00:00:00
654,EXC003,OP002,grade,50.3,75.4,rainy,sand,junior,5.6,24.9,1,2024-11-08 00:00:00
655,EXC001,OP008,trench,72.0,91.9,cloudy,rock,mid,11.7,14.8,1,2024-12-30 00:00:00
656,EXC001,OP010,dig,56.7,63.3,cloudy,sand,junior,9.1,5.7,1,2024-02-24 00:00:00
657,EXC003,OP008,grade,46.4,48.5,cloudy,clay,senior,0.8,17.1,1,2024-01-31 00:00:00
658,EXC001,OP010,trench,70.4,74.6,windy,sand,junior,8.3,4.8,1,2024-11-07 00:00:00
659,EXC001,OP009,trench,69.4,73.8,windy,sand,mid,8.4,16.0,1,2024-07-25 00:00:00
660,EXC005,OP009,dig,46.4,63.1,rainy,loam,senior,6.0,18.0,1,2024-02-20 00:00:00
661,EXC002,OP010,load,30.3,27.0,sunny,loam,mid,9.7,17.6,0,2024-07-20 00:00:00
662,EXC002,OP005,grade,42.8,41.2,cloudy,sand,mid,2.1,14.1,1,2024-11-19 00:00:00
663,EXC005,OP004,dig,64.7,76.9,windy,sand,mid,1.5,7.4,1,2024-09-09 00:00:00
664,EXC004,OP004,trench,75.2,80.8,sunny,rock,senior,4.4,1.8,1,2024-03-21 00:00:00
665,EXC004,OP009,dig,53.2,69.6,sunny,rock,senior,8.2,24.9,1,2024-02-24 00:00:00
666,EXC004,OP008,trench,67.1,82.4,cloudy,loam,junior,10.1,10.5,1,2024-11-29 00:00:00
667,EXC002,OP007,compact,36.3,54.2,windy,loam,junior,9.3,5.7,1,2024-04-24 00:00:00
668,EXC002,OP005,load,39.9,68.9,rainy,rock,mid,1.9,20.0,1,2024-11-06 00:00:00
669,EXC003,OP005,load,32.5,31.3,windy,loam,mid,1.5,21.5,0,2024-02-16 00:00:00
670,EXC003,OP010,dig,52.7,71.6,cloudy,clay,junior,8.4,17.9,1,2024-06-19 00:00:00
671,EXC003,OP002,grade,48.1,79.5,rainy,loam,junior,14.8,7.3,1,2024-07-08 00:00:00
672,EXC002,OP010,compact,34.9,65.9,cloudy,rock,junior,2.9,19.2,1,2024-04-26 00:00:00
673,EXC004,OP009,trench,65.5,54.6,cloudy,loam,senior,8.9,3.7,1,2024-10-22 00:00:00
674,EXC003,OP001,load,27.0,41.6,windy,loam,junior,3.9,17.2,1,2024-04-12 00:00:00
675,EXC004,OP008,load,34.3,55.8,windy,clay,junior,9.8,15.8,1,2024-08-05 00:00:00
676,EXC005,OP006,load,26.4,43.7,cloudy,rock,senior,13.8,10.9,1,2024-09-27 00:00:00
677,EXC002,OP001,dig,52.5,78.6,windy,clay,junior,13.1,7.3,1,2024-05-21 00:00:00
678,EXC001,OP010,compact,34.7,31.9,cloudy,loam,mid,1.4,15.6,0,2024-04-13 00:00:00
679,EXC001,OP005,grade,34.5,46.7,sunny,loam,junior,8.5,3.1,1,2024-09-16 00:00:00
680,EXC001,OP004,trench,66.0,99.8,rainy,rock,junior,2.5,24.8,1,2024-11-06 00:00:00
681,EXC005,OP007,grade,49.5,80.0,rainy,rock,mid,10.9,8.9,1,2024-06-15 00:00:00
682,EXC005,OP007,trench,73.4,85.0,windy,loam,junior,9.5,14.4,1,2024-10-21 00:00:00
683,EXC001,OP003,dig,49.1,53.6,windy,sand,senior,10.8,21.4,1,2024-03-27 00:00:00
684,EXC004,OP010,trench,68.4,85.1,cloudy,clay,mid,15.0,17.4,1,2024-08-23 00:00:00
685,EXC005,OP003,grade,43.7,52.6,sunny,clay,mid,7.8,1.7,1,2024-04-14 00:00:00
686,EXC005,OP001,dig,62.7,64.5,windy,sand,mid,4.9,24.8,1,2024-08-03 00:00:00
687,EXC005,OP005,load,29.6,39.7,sunny,sand,mid,12.6,8.8,1,2024-05-02 00:00:00
688,EXC003,OP001,trench,65.5,83.8,rainy,loam,mid,14.9,2.9,1,2024-12-14 00:00:00
689,EXC004,OP010,trench,67.4,68.3,cloudy,sand,senior,13.0,20.2,1,2024-10-17 00:00:00
690,EXC003,OP006,trench,58.8,81.3,cloudy,clay,junior,7.1,22.8,1,2024-05-12 00:00:00
691,EXC003,OP001,trench,75.7,86.3,cloudy,sand,junior,7.5,2.2,1,2024-10-06 00:00:00
692,EXC002,OP003,grade,49.5,74.6,cloudy,rock,mid,12.5,4.1,1,2024-10-09 00:00:00
693,EXC003,OP006,trench,68.9,62.5,cloudy,sand,senior,11.8,2.1,1,2024-01-19 00:00:00
694,EXC001,OP006,dig,52.4,59.6,cloudy,rock,senior,7.7,10.1,1,2024-08-20 00:00:00
695,EXC003,OP006,load,34.0,50.5,windy,loam,junior,3.0,18.9,1,2024-12-20 00:00:00
696,EXC005,OP008,load,24.7,41.3,cloudy,clay,mid,5.9,22.1,1,2024-02-29 00:00:00
697,EXC004,OP008,grade,45.6,65.8,windy,rock,mid,8.1,3.0,1,2024-08-11 00:00:00
698,EXC002,OP008,trench,64.4,71.9,cloudy,loam,junior,2.2,15.4,1,2024-11-16 00:00:00
699,EXC005,OP009,trench,68.7,97.2,rainy,sand,junior,2.8,21.3,1,2024-06-12 00:00:00
700,EXC004,OP004,grade,48.5,69.5,rainy,loam,junior,8.6,4.5,1,2024-04-12 00:00:00
701,EXC002,OP010,dig,49.9,51.5,windy,sand,senior,8.1,2.4,1,2024-10-31 00:00:00
702,EXC004,OP002,compact,46.4,53.9,windy,loam,mid,3.9,10.7,1,2024-04-19 00:00:00
703,EXC003,OP002,dig,56.3,83.2,rainy,loam,junior,10.4,12.7,1,2024-05-19 00:00:00
704,EXC005,OP005,grade,49.4,64.0,sunny,clay,mid,2.3,7.9,1,2024-03-20 00:00:00
705,EXC004,OP009,dig,54.4,58.0,rainy,loam,senior,4.3,24.8,1,2024-11-11 00:00:00
706,EXC001,OP007,trench,60.7,96.0,rainy,sand,junior,12.0,8.6,1,2024-03-29 00:00:00
707,EXC003,OP008,grade,48.3,66.3,windy,rock,senior,4.4,23.0,1,2024-12-22 00:00:00
708,EXC001,OP003,grade,49.2,93.9,windy,rock,junior,10.8,2.5,1,2024-05-25 00:00:00
709,EXC003,OP004,compact,38.7,53.9,windy,rock,mid,7.7,20.4,1,2024-09-21 00:00:00
710,EXC002,OP005,load,35.7,39.5,cloudy,loam,mid,0.3,1.0,0,2024-12-06 00:00:00
711,EXC002,OP004,dig,54.2,76.0,windy,clay,mid,11.7,10.3,1,2024-04-11 00:00:00
712,EXC004,OP006,grade,41.7,66.1,rainy,rock,senior,7.6,22.4,1,2024-08-09 00:00:00
713,EXC005,OP005,trench,73.1,86.4,rainy,clay,senior,3.2,12.7,1,2024-08-17 00:00:00
714,EXC003,OP007,dig,64.6,87.7,rainy,clay,senior,10.9,23.5,1,2024-03-16 00:00:00
715,EXC003,OP006,grade,48.7,64.9,cloudy,clay,mid,12.8,17.7,0,2024-11-23 00:00:00
716,EXC004,OP005,load,23.3,27.6,sunny,loam,junior,2.2,17.6,1,2024-03-11 00:00:00
717,EXC004,OP005,grade,47.4,66.4,windy,clay,mid,14.3,19.4,1,2024-11-16 00:00:00
718,EXC003,OP003,grade,46.5,67.0,windy,rock,senior,1.8,15.7,1,2024-06-03 00:00:00
719,EXC001,OP008,trench,72.1,76.1,sunny,clay,senior,1.1,22.1,1,2024-08-02 00:00:00
720,EXC005,OP010,dig,58.9,57.0,sunny,loam,senior,7.2,11.7,1,2024-12-07 00:00:00
721,EXC003,OP006,dig,54.4,70.4,rainy,sand,mid,6.5,23.7,1,2024-04-12 00:00:00
722,EXC004,OP001,compact,46.6,56.8,sunny,clay,mid,14.8,8.1,1,2024-11-27 00:00:00
723,EXC003,OP007,compact,43.3,34.3,sunny,loam,senior,2.5,5.3,1,2024-07-01 00:00:00
724,EXC002,OP005,grade,34.6,79.8,sunny,rock,junior,13.3,1.5,1,2024-03-25 00:00:00
725,EXC002,OP007,trench,64.5,71.0,sunny,rock,senior,2.6,13.7,1,2024-12-12 00:00:00
726,EXC004,OP003,compact,33.8,49.3,sunny,clay,junior,8.2,18.2,1,2024-05-29 00:00:00
727,EXC001,OP002,dig,54.8,61.9,sunny,loam,mid,11.9,18.3,1,2024-09-27 00:00:00
728,EXC005,OP002,load,30.9,22.9,sunny,clay,senior,6.2,2.9,1,2024-01-26 00:00:00
729,EXC003,OP003,trench,76.4,80.2,windy,sand,mid,8.7,22.8,1,2024-02-27 00:00:00
730,EXC001,OP007,trench,59.7,63.0,windy,clay,senior,0.0,8.3,1,2024-03-22 00:00:00
731,EXC005,OP005,load,40.9,32.3,sunny,sand,senior,1.5,1.9,1,2024-02-13 00:00:00
732,EXC001,OP010,trench,61.1,63.0,cloudy,sand,senior,11.3,23.7,0,2024-07-24 00:00:00
733,EXC004,OP006,load,29.3,55.7,rainy,clay,junior,6.3,2.7,1,2024-08-10 00:00:00
734,EXC005,OP001,compact,39.8,48.3,windy,clay,senior,11.3,1.7,1,2024-05-11 00:00:00
735,EXC004,OP002,dig,38.0,69.1,rainy,sand,junior,8.3,3.0,1,2024-03-14 00:00:00
736,EXC003,OP003,compact,36.2,52.7,windy,loam,junior,7.0,17.4,1,2024-02-05 00:00:00
737,EXC002,OP008,dig,60.9,84.7,windy,rock,mid,2.7,10.7,1,2024-09-17 00:00:00
738,EXC004,OP003,compact,42.5,80.9,windy,rock,junior,13.5,16.3,1,2024-08-29 00:00:00
739,EXC003,OP009,load,29.3,52.2,windy,clay,mid,14.1,12.8,1,2024-06-08 00:00:00
740,EXC001,OP004,trench,68.8,86.7,windy,loam,junior,10.6,15.0,1,2024-12-26 00:00:00
741,EXC003,OP002,dig,51.1,70.5,cloudy,rock,mid,7.2,15.7,1,2024-03-07 00:00:00
742,EXC005,OP005,load,36.4,63.7,rainy,clay,senior,11.9,19.9,1,2024-10-24 00:00:00
743,EXC001,OP002,compact,36.3,31.7,cloudy,sand,senior,7.5,21.8,1,2024-11-07 00:00:00
744,EXC004,OP008,dig,58.7,54.6,cloudy,loam,senior,15.0,3.2,1,2024-12-14 00:00:00
745,EXC003,OP001,dig,53.2,89.3,rainy,clay,junior,8.9,24.1,1,2024-07-11 00:00:00
746,EXC002,OP010,grade,47.3,56.6,sunny,loam,mid,13.4,19.4,1,2024-09-30 00:00:00
747,EXC004,OP003,trench,78.4,92.1,rainy,sand,senior,3.8,12.0,1,2024-03-07 00:00:00
748,EXC004,OP001,grade,46.7,63.0,windy,loam,mid,14.9,22.2,1,2024-08-12 00:00:00
749,EXC004,OP005,load,30.3,48.1,windy,rock,senior,9.9,22.4,0,2024-09-03 00:00:00
750,EXC003,OP010,compact,37.6,58.3,windy,clay,junior,7.7,12.6,1,2024-05-11 00:00:00
751,EXC002,OP009,compact,43.7,45.0,cloudy,loam,mid,9.4,3.7,0,2024-05-19 00:00:00
752,EXC002,OP003,grade,47.3,65.0,windy,clay,junior,1.2,24.1,1,2024-01-09 00:00:00
753,EXC001,OP007,grade,52.2,65.8,windy,loam,junior,1.7,2.0,1,2024-12-28 00:00:00
754,EXC004,OP006,load,25.0,29.2,rainy,loam,senior,4.2,1.6,1,2024-03-26 00:00:00
755,EXC001,OP001,load,35.3,74.2,rainy,rock,mid,1.4,11.5,1,2024-04-25 00:00:00
756,EXC001,OP005,dig,53.9,87.2,windy,rock,mid,10.1,3.2,1,2024-02-16 00:00:00
757,EXC004,OP007,trench,70.9,75.8,sunny,clay,senior,3.9,15.9,1,2024-12-16 00:00:00
758,EXC004,OP007,grade,45.9,55.2,sunny,clay,senior,2.6,9.9,1,2024-10-20 00:00:00
759,EXC003,OP007,dig,52.5,46.6,sunny,loam,senior,0.1,9.0,1,2024-02-20 00:00:00
760,EXC005,OP009,compact,36.9,49.6,sunny,sand,junior,11.6,16.9,1,2024-05-14 00:00:00
761,EXC003,OP006,trench,68.0,76.4,windy,sand,senior,10.3,3.0,1,2024-11-08 00:00:00
762,EXC001,OP006,grade,45.9,53.2,sunny,clay,senior,8.8,13.8,1,2024-01-30 00:00:00
763,EXC002,OP007,load,34.8,72.4,rainy,clay,junior,9.0,11.5,0,2024-04-24 00:00:00
764,EXC004,OP009,grade,43.7,50.4,sunny,clay,mid,5.6,11.0,1,2024-02-20 00:00:00
765,EXC002,OP010,load,39.1,40.4,cloudy,loam,mid,3.8,23.4,1,2024-04-03 00:00:00
766,EXC005,OP007,compact,40.6,39.2,sunny,loam,mid,3.1,21.5,1,2024-01-10 00:00:00
767,EXC004,OP003,dig,58.2,70.0,cloudy,clay,mid,14.7,23.4,1,2024-09-06 00:00:00
768,EXC002,OP009,dig,58.1,57.9,sunny,loam,mid,6.1,19.2,1,2024-10-20 00:00:00
769,EXC004,OP005,dig,54.8,77.8,windy,sand,junior,9.5,20.4,1,2024-08-05 00:00:00
770,EXC002,OP002,dig,61.5,70.6,sunny,clay,senior,2.6,12.6,1,2024-01-13 00:00:00
771,EXC002,OP009,compact,51.1,61.5,cloudy,loam,mid,13.9,23.6,1,2024-09-05 00:00:00
772,EXC004,OP010,dig,54.5,88.4,windy,rock,junior,2.5,9.5,1,2024-04-24 00:00:00
773,EXC003,OP008,load,35.2,67.1,rainy,loam,junior,13.8,12.2,1,2024-06-09 00:00:00
774,EXC004,OP010,dig,46.2,61.4,sunny,sand,junior,0.1,15.6,1,2024-08-01 00:00:00
775,EXC001,OP001,grade,42.3,56.4,windy,loam,junior,7.0,16.0,1,2024-08-18 00:00:00
776,EXC004,OP007,grade,42.5,75.1,rainy,rock,mid,5.3,11.2,1,2024-06-26 00:00:00
777,EXC001,OP005,compact,39.1,58.4,sunny,sand,junior,14.0,7.3,1,2024-05-11 00:00:00
778,EXC005,OP004,trench,70.6,106.6,rainy,rock,mid,13.4,18.8,1,2024-08-20 00:00:00
779,EXC005,OP004,load,23.9,50.5,rainy,rock,mid,7.6,6.2,0,2024-12-28 00:00:00
780,EXC003,OP004,dig,66.7,70.7,cloudy,sand,mid,7.9,18.9,1,2024-10-05 00:00:00
781,EXC004,OP004,trench,70.5,68.8,cloudy,clay,senior,2.9,8.4,1,2024-06-20 00:00:00
782,EXC003,OP005,dig,48.5,47.4,sunny,loam,senior,8.6,6.3,1,2024-09-22 00:00:00
783,EXC004,OP004,dig,56.7,63.1,rainy,sand,senior,10.2,14.9,1,2024-09-09 00:00:00
784,EXC001,OP010,load,31.3,57.8,cloudy,clay,junior,1.2,17.9,1,2024-04-11 00:00:00
785,EXC003,OP002,trench,71.7,78.8,rainy,loam,senior,11.7,4.2,1,2024-01-27 00:00:00
786,EXC003,OP005,grade,42.9,66.4,cloudy,clay,junior,1.2,10.3,1,2024-05-07 00:00:00
787,EXC005,OP006,trench,77.2,123.5,windy,rock,junior,14.8,4.8,1,2024-05-23 00:00:00
788,EXC003,OP002,load,24.5,63.8,windy,rock,junior,5.6,1.8,0,2024-04-05 00:00:00
789,EXC001,OP005,grade,48.2,68.7,windy,clay,junior,1.4,6.1,1,2024-08-15 00:00:00
790,EXC003,OP009,dig,59.6,51.4,sunny,loam,senior,8.7,19.1,1,2024-07-21 00:00:00
791,EXC003,OP009,trench,74.0,75.6,cloudy,sand,mid,8.0,23.5,0,2024-04-06 00:00:00
792,EXC001,OP001,compact,42.6,50.5,windy,sand,junior,8.9,7.5,1,2024-02-29 00:00:00
793,EXC002,OP003,grade,43.0,48.9,windy,loam,mid,11.7,18.7,1,2024-12-24 00:00:00
794,EXC001,OP002,compact,37.5,40.5,windy,sand,senior,6.8,21.8,1,2024-05-19 00:00:00
795,EXC005,OP009,trench,61.2,74.1,rainy,loam,senior,5.6,3.7,1,2024-06-30 00:00:00
796,EXC002,OP005,dig,52.8,72.8,cloudy,rock,mid,7.7,10.8,1,2024-06-28 00:00:00
797,EXC001,OP001,compact,38.1,49.2,rainy,loam,senior,4.3,6.3,1,2024-11-30 00:00:00
798,EXC005,OP002,load,36.5,61.4,windy,sand,junior,14.0,8.1,1,2024-05-19 00:00:00
799,EXC005,OP002,load,37.5,65.9,rainy,rock,mid,5.6,2.8,1,2024-02-25 00:00:00
800,EXC004,OP001,compact,34.8,52.8,windy,rock,senior,9.5,24.3,1,2024-12-04 00:00:00
801,EXC004,OP007,compact,43.0,50.7,sunny,loam,junior,10.0,16.8,1,2024-02-05 00:00:00
802,EXC001,OP004,load,25.5,61.9,windy,rock,junior,3.0,9.7,0,2024-07-14 00:00:00
803,EXC005,OP009,compact,46.5,82.1,windy,rock,senior,13.0,5.0,1,2024-10-10 00:00:00
804,EXC004,OP003,load,33.8,63.3,windy,clay,junior,2.2,24.7,1,2024-04-08 00:00:00
805,EXC003,OP003,compact,43.3,43.3,cloudy,sand,mid,4.3,20.3,1,2024-10-23 00:00:00
806,EXC003,OP008,dig,55.5,69.4,rainy,loam,mid,9.1,3.4,1,2024-03-03 00:00:00
807,EXC003,OP002,load,29.7,26.5,windy,sand,senior,6.0,13.2,1,2024-05-13 00:00:00
808,EXC002,OP010,grade,43.8,52.4,cloudy,rock,senior,4.2,4.7,0,2024-11-24 00:00:00
809,EXC002,OP004,load,31.9,50.7,rainy,rock,mid,1.2,16.1,1,2024-06-23 00:00:00
810,EXC001,OP007,compact,33.9,38.1,rainy,sand,senior,3.5,13.1,1,2024-04-30 00:00:00
811,EXC005,OP001,grade,47.8,65.1,windy,rock,senior,12.4,2.6,1,2024-08-17 00:00:00
812,EXC001,OP008,dig,59.9,71.2,rainy,clay,senior,4.7,7.0,1,2024-10-04 00:00:00
813,EXC005,OP005,trench,69.3,78.8,sunny,clay,senior,10.6,23.8,1,2024-12-29 00:00:00
814,EXC001,OP005,compact,37.6,45.9,cloudy,rock,senior,8.2,16.2,1,2024-11-05 00:00:00
815,EXC004,OP008,compact,40.9,60.0,cloudy,clay,junior,12.4,5.4,1,2024-10-27 00:00:00
816,EXC004,OP009,trench,75.2,97.9,windy,loam,junior,11.7,10.0,1,2024-04-16 00:00:00
817,EXC001,OP009,grade,47.3,65.3,windy,rock,mid,5.0,2.0,1,2024-12-23 00:00:00
818,EXC002,OP001,grade,46.4,48.9,sunny,clay,mid,3.6,21.0,1,2024-12-14 00:00:00
819,EXC002,OP007,load,24.9,15.2,cloudy,loam,senior,8.8,16.5,1,2024-12-02 00:00:00
820,EXC004,OP002,load,30.2,41.7,windy,clay,senior,8.8,7.8,1,2024-05-22 00:00:00
821,EXC001,OP005,compact,45.7,51.8,windy,sand,mid,8.6,11.8,1,2024-02-28 00:00:00
822,EXC003,OP005,dig,52.3,69.3,cloudy,clay,mid,14.1,19.3,1,2024-03-22 00:00:00
823,EXC004,OP008,trench,70.1,74.0,cloudy,sand,senior,13.8,19.7,1,2024-07-13 00:00:00
824,EXC004,OP007,grade,51.3,50.2,cloudy,loam,mid,4.1,4.4,1,2024-03-26 00:00:00
825,EXC003,OP008,dig,53.3,77.1,cloudy,rock,mid,6.4,22.0,1,2024-09-02 00:00:00
826,EXC004,OP008,trench,70.1,69.0,sunny,loam,mid,8.2,19.3,1,2024-05-10 00:00:00
827,EXC002,OP009,compact,34.6,37.0,windy,sand,mid,7.9,10.8,1,2024-02-26 00:00:00
828,EXC001,OP004,compact,42.0,45.3,sunny,loam,mid,10.8,3.9,1,2024-08-25 00:00:00
829,EXC002,OP009,trench,71.0,65.9,cloudy,loam,senior,6.5,23.4,1,2024-02-18 00:00:00
830,EXC004,OP005,grade,40.9,50.9,windy,sand,mid,7.5,2.2,1,2024-03-12 00:00:00
831,EXC004,OP002,compact,45.6,56.0,cloudy,clay,senior,10.9,21.1,1,2024-08-03 00:00:00
832,EXC004,OP010,dig,68.9,81.4,sunny,clay,mid,12.8,3.6,1,2024-04-10 00:00:00
833,EXC001,OP009,grade,39.3,85.2,rainy,rock,junior,0.2,21.4,1,2024-05-06 00:00:00
834,EXC005,OP008,dig,53.3,53.2,sunny,loam,mid,14.4,18.7,1,2024-11-26 00:00:00
835,EXC004,OP001,load,23.7,35.3,cloudy,clay,mid,1.9,10.9,1,2024-10-28 00:00:00
836,EXC002,OP002,load,27.8,55.5,sunny,rock,junior,1.2,4.6,1,2024-09-07 00:00:00
837,EXC004,OP008,dig,51.1,103.8,rainy,rock,junior,9.4,11.3,1,2024-03-09 00:00:00
838,EXC001,OP007,trench,70.8,88.1,sunny,rock,senior,14.3,12.3,1,2024-10-11 00:00:00
839,EXC003,OP002,load,34.4,49.2,sunny,sand,junior,13.8,10.2,1,2024-04-04 00:00:00
840,EXC003,OP004,dig,52.9,64.3,windy,sand,junior,5.2,5.0,1,2024-07-01 00:00:00
841,EXC004,OP004,grade,40.3,59.4,windy,loam,junior,12.0,15.6,0,2024-04-04 00:00:00
842,EXC005,OP002,load,22.6,29.9,windy,sand,senior,12.3,22.4,1,2024-06-21 00:00:00
843,EXC004,OP003,dig,49.0,73.1,sunny,rock,senior,12.9,7.8,1,2024-01-28 00:00:00
844,EXC005,OP004,dig,50.6,67.8,cloudy,loam,junior,11.7,19.8,1,2024-02-27 00:00:00
845,EXC004,OP005,load,36.9,56.2,windy,clay,mid,2.5,7.5,1,2024-10-18 00:00:00
846,EXC003,OP001,load,34.5,31.0,cloudy,loam,senior,8.5,6.6,1,2024-04-22 00:00:00
847,EXC001,OP002,dig,46.7,44.4,cloudy,sand,mid,7.9,10.5,0,2024-07-14 00:00:00
848,EXC001,OP006,dig,53.3,72.2,sunny,rock,senior,15.0,23.6,1,2024-07-12 00:00:00
849,EXC003,OP007,grade,49.6,66.8,cloudy,rock,senior,8.1,5.4,1,2024-07-05 00:00:00
850,EXC004,OP004,trench,68.2,69.8,cloudy,sand,mid,8.5,12.4,1,2024-01-06 00:00:00
851,EXC004,OP010,grade,43.6,46.6,cloudy,loam,mid,0.6,15.9,1,2024-12-26 00:00:00
852,EXC004,OP001,load,29.7,49.1,sunny,clay,junior,7.9,16.1,1,2024-10-28 00:00:00
853,EXC003,OP005,load,35.8,42.9,sunny,clay,senior,3.7,17.1,1,2024-01-27 00:00:00
854,EXC001,OP003,load,24.3,37.3,cloudy,sand,junior,8.4,6.8,1,2024-01-30 00:00:00
855,EXC005,OP009,compact,39.9,58.5,cloudy,clay,junior,3.8,12.2,1,2024-01-23 00:00:00
856,EXC005,OP002,dig,55.9,65.4,sunny,sand,mid,11.6,21.5,0,2024-03-10 00:00:00
857,EXC005,OP002,grade,48.6,68.5,rainy,clay,senior,6.6,13.1,1,2024-11-26 00:00:00
858,EXC002,OP003,grade,42.6,50.5,sunny,clay,mid,7.9,17.3,1,2024-04-07 00:00:00
859,EXC004,OP009,compact,42.2,71.4,rainy,loam,mid,12.1,17.1,1,2024-09-21 00:00:00
860,EXC002,OP008,dig,49.7,67.3,cloudy,clay,mid,13.2,1.9,0,2024-12-04 00:00:00
861,EXC001,OP002,grade,39.8,39.9,windy,sand,senior,8.4,5.7,1,2024-04-21 00:00:00
862,EXC005,OP004,dig,56.7,57.2,cloudy,clay,senior,1.8,5.6,1,2024-01-10 00:00:00
863,EXC005,OP006,load,41.2,46.1,cloudy,sand,mid,3.8,2.4,1,2024-04-08 00:00:00
864,EXC005,OP009,trench,67.0,79.1,cloudy,sand,junior,6.2,5.4,0,2024-06-30 00:00:00
865,EXC004,OP005,compact,37.2,69.7,cloudy,rock,junior,11.3,14.4,1,2024-06-20 00:00:00
866,EXC005,OP005,dig,49.5,51.4,windy,sand,mid,4.3,22.5,1,2024-10-10 00:00:00
867,EXC001,OP008,compact,33.0,38.7,windy,sand,mid,8.4,10.3,1,2024-05-12 00:00:00
868,EXC005,OP006,compact,32.5,39.5,sunny,clay,mid,5.9,1.8,1,2024-06-15 00:00:00
869,EXC001,OP003,compact,44.1,51.3,sunny,rock,senior,5.1,18.9,1,2024-01-15 00:00:00
870,EXC004,OP002,dig,53.2,70.3,windy,sand,junior,13.3,16.8,1,2024-10-12 00:00:00
871,EXC002,OP004,compact,41.0,41.3,sunny,rock,senior,8.8,14.7,1,2024-08-20 00:00:00
872,EXC004,OP003,compact,40.5,54.2,rainy,clay,senior,2.4,12.6,1,2024-05-10 00:00:00
873,EXC005,OP004,compact,43.2,65.0,cloudy,clay,junior,14.2,13.8,1,2024-08-28 00:00:00
874,EXC002,OP001,trench,64.4,78.2,cloudy,loam,junior,10.9,11.5,1,2024-10-25 00:00:00
875,EXC004,OP005,load,14.1,32.0,sunny,rock,senior,10.5,14.2,1,2024-08-25 00:00:00
876,EXC002,OP004,grade,49.7,53.8,windy,sand,mid,4.4,17.9,1,2024-05-22 00:00:00
877,EXC002,OP002,grade,40.5,45.2,cloudy,sand,senior,11.9,15.4,1,2024-06-05 00:00:00
878,EXC005,OP001,trench,73.4,89.4,rainy,clay,mid,5.7,4.2,1,2024-04-02 00:00:00
879,EXC002,OP010,load,27.9,37.1,cloudy,sand,junior,1.4,3.4,1,2024-10-01 00:00:00
880,EXC005,OP007,compact,44.9,84.7,rainy,rock,senior,12.2,24.1,1,2024-12-14 00:00:00
881,EXC002,OP010,load,29.1,28.5,sunny,clay,senior,7.2,9.8,1,2024-10-21 00:00:00
882,EXC002,OP003,compact,48.6,93.3,rainy,rock,junior,10.1,5.9,1,2024-04-26 00:00:00
883,EXC005,OP005,trench,70.2,96.9,cloudy,clay,junior,8.2,10.6,1,2024-01-01 00:00:00
884,EXC005,OP007,dig,59.4,102.9,sunny,rock,junior,10.6,1.3,1,2024-11-10 00:00:00
885,EXC003,OP001,dig,55.0,74.0,cloudy,clay,junior,3.7,1.6,1,2024-01-19 00:00:00
886,EXC004,OP009,load,36.7,39.3,cloudy,rock,senior,1.2,13.4,1,2024-02-07 00:00:00
887,EXC002,OP009,grade,36.9,30.4,cloudy,loam,senior,2.7,21.9,1,2024-03-28 00:00:00
888,EXC005,OP004,load,15.6,57.9,rainy,rock,junior,3.5,23.0,1,2024-10-04 00:00:00
889,EXC002,OP009,compact,34.5,41.6,sunny,clay,senior,14.6,10.3,1,2024-01-27 00:00:00
890,EXC002,OP010,trench,73.6,97.4,rainy,loam,mid,14.4,2.9,0,2024-04-03 00:00:00
891,EXC004,OP009,dig,52.4,49.1,windy,loam,senior,9.9,12.3,1,2024-12-24 00:00:00
892,EXC003,OP009,trench,73.7,83.7,cloudy,clay,senior,13.4,7.3,1,2024-04-24 00:00:00
893,EXC002,OP007,load,30.6,22.8,cloudy,sand,senior,5.1,23.1,1,2024-08-07 00:00:00
894,EXC001,OP002,load,31.9,40.8,rainy,sand,senior,7.0,8.1,1,2024-08-09 00:00:00
895,EXC003,OP008,compact,36.0,61.5,windy,clay,junior,6.3,11.5,1,2024-09-01 00:00:00
896,EXC005,OP005,trench,68.5,80.3,windy,loam,junior,3.1,15.8,1,2024-10-04 00:00:00
897,EXC002,OP004,dig,61.1,91.8,windy,rock,mid,7.7,9.8,1,2024-04-03 00:00:00
898,EXC001,OP010,load,28.9,38.3,sunny,rock,senior,9.9,4.5,1,2024-10-22 00:00:00
899,EXC005,OP006,compact,40.1,76.9,rainy,loam,junior,12.1,11.7,1,2024-10-24 00:00:00
900,EXC002,OP008,compact,33.3,30.2,cloudy,loam,mid,1.5,5.1,1,2024-10-01 00:00:00
901,EXC003,OP004,compact,35.2,76.6,windy,rock,junior,12.5,21.7,1,2024-12-21 00:00:00
902,EXC001,OP002,grade,44.4,58.1,windy,sand,junior,9.4,3.9,1,2024-06-18 00:00:00
903,EXC001,OP002,trench,76.9,87.8,cloudy,sand,junior,3.3,19.2,1,2024-03-16 00:00:00
904,EXC003,OP004,trench,78.9,84.9,sunny,clay,senior,7.8,22.3,1,2024-06-09 00:00:00
905,EXC001,OP001,compact,45.2,94.9,rainy,clay,junior,13.0,20.9,1,2024-05-11 00:00:00
906,EXC005,OP004,compact,42.9,78.9,rainy,sand,junior,14.9,20.3,1,2024-11-16 00:00:00
907,EXC004,OP008,dig,57.4,104.2,rainy,rock,junior,5.8,2.2,1,2024-06-03 00:00:00
908,EXC003,OP001,load,33.9,43.2,windy,loam,mid,2.6,24.4,1,2024-10-10 00:00:00
909,EXC002,OP003,compact,43.0,49.7,cloudy,clay,senior,5.1,13.3,1,2024-10-22 00:00:00
910,EXC002,OP010,load,37.1,77.4,rainy,sand,junior,12.2,15.5,1,2024-07-29 00:00:00
911,EXC003,OP002,trench,77.5,106.5,rainy,sand,junior,10.9,19.5,1,2024-04-22 00:00:00
912,EXC001,OP005,load,31.1,50.0,cloudy,clay,junior,3.8,24.0,1,2024-10-07 00:00:00
913,EXC001,OP003,compact,48.3,46.5,cloudy,sand,mid,6.8,23.2,1,2024-01-26 00:00:00
914,EXC002,OP004,compact,45.5,48.4,windy,loam,senior,6.5,11.5,1,2024-06-10 00:00:00
915,EXC004,OP008,load,39.5,43.5,cloudy,sand,senior,12.4,1.2,1,2024-07-20 00:00:00
916,EXC002,OP007,dig,56.6,77.8,windy,sand,junior,12.7,1.9,1,2024-03-11 00:00:00
917,EXC001,OP006,dig,52.6,60.2,rainy,loam,senior,7.3,4.7,1,2024-09-17 00:00:00
918,EXC001,OP010,load,25.9,33.1,sunny,loam,senior,11.2,1.5,1,2024-03-17 00:00:00
919,EXC003,OP003,compact,40.4,38.5,cloudy,loam,mid,4.2,9.0,0,2024-09-13 00:00:00
920,EXC001,OP006,dig,60.3,87.6,rainy,loam,junior,12.3,7.1,0,2024-06-04 00:00:00
921,EXC005,OP001,trench,67.0,94.3,rainy,loam,mid,13.3,21.8,1,2024-12-29 00:00:00
922,EXC003,OP006,compact,33.3,58.0,rainy,sand,junior,13.1,24.6,1,2024-05-14 00:00:00
923,EXC005,OP010,compact,36.2,50.4,rainy,loam,mid,2.2,13.9,1,2024-01-18 00:00:00
924,EXC005,OP003,dig,47.4,42.7,cloudy,loam,mid,8.2,12.7,1,2024-08-05 00:00:00
925,EXC002,OP005,load,32.4,38.7,windy,clay,mid,0.6,18.6,1,2024-08-06 00:00:00
926,EXC003,OP005,compact,41.3,76.3,rainy,clay,mid,12.4,9.2,1,2024-10-16 00:00:00
927,EXC001,OP003,grade,54.5,74.5,rainy,rock,senior,6.9,8.4,1,2024-02-12 00:00:00
928,EXC001,OP006,trench,72.2,65.9,cloudy,loam,senior,4.8,23.4,1,2024-11-10 00:00:00
929,EXC005,OP005,dig,55.0,69.6,cloudy,clay,mid,13.3,10.6,1,2024-12-02 00:00:00
930,EXC003,OP006,load,31.4,53.2,rainy,loam,senior,12.5,22.7,1,2024-06-06 00:00:00
931,EXC005,OP010,grade,58.1,55.2,sunny,loam,mid,6.3,10.7,1,2024-07-08 00:00:00
932,EXC001,OP006,load,29.5,37.5,sunny,sand,junior,6.0,1.2,0,2024-06-20 00:00:00
933,EXC002,OP004,load,29.9,42.7,windy,loam,senior,15.0,7.5,1,2024-06-11 00:00:00
934,EXC001,OP010,grade,36.4,69.8,rainy,rock,mid,3.8,3.8,1,2024-06-13 00:00:00
935,EXC003,OP010,dig,54.9,71.7,cloudy,rock,mid,10.9,7.2,1,2024-08-09 00:00:00
936,EXC003,OP010,grade,46.7,68.6,cloudy,rock,mid,5.3,20.0,1,2024-11-03 00:00:00
937,EXC005,OP001,grade,38.9,68.7,rainy,sand,mid,13.4,14.5,1,2024-06-20 00:00:00
938,EXC003,OP009,grade,47.0,80.5,rainy,clay,junior,2.1,12.4,1,2024-05-20 00:00:00
939,EXC002,OP006,grade,45.4,75.1,cloudy,rock,junior,7.5,22.9,1,2024-01-05 00:00:00
940,EXC005,OP003,grade,59.4,70.8,cloudy,clay,mid,3.7,9.7,1,2024-12-14 00:00:00
941,EXC002,OP004,dig,54.3,59.5,sunny,clay,senior,1.2,3.3,1,2024-08-11 00:00:00
942,EXC005,OP004,dig,55.5,96.0,windy,rock,junior,1.3,21.2,1,2024-10-23 00:00:00
943,EXC001,OP006,load,37.2,55.8,rainy,clay,senior,14.6,1.4,1,2024-12-16 00:00:00
944,EXC004,OP002,grade,40.2,56.4,cloudy,rock,senior,5.5,16.8,1,2024-04-19 00:00:00
945,EXC005,OP006,compact,34.5,54.4,cloudy,clay,junior,4.8,20.8,1,2024-07-31 00:00:00
946,EXC004,OP010,grade,50.4,64.9,cloudy,rock,senior,0.2,9.3,1,2024-03-09 00:00:00
947,EXC002,OP010,grade,41.1,36.6,cloudy,sand,senior,3.4,6.1,1,2024-07-12 00:00:00
948,EXC004,OP001,grade,39.0,59.5,rainy,sand,mid,7.6,7.5,1,2024-06-16 00:00:00
949,EXC001,OP004,load,23.1,37.8,sunny,sand,junior,7.2,16.8,0,2024-12-13 00:00:00
950,EXC004,OP006,grade,52.2,59.7,sunny,clay,mid,11.1,7.0,1,2024-11-26 00:00:00
951,EXC003,OP004,dig,51.8,59.5,windy,loam,mid,3.1,18.2,0,2024-10-23 00:00:00
952,EXC001,OP007,dig,58.5,79.1,windy,loam,junior,5.2,9.9,1,2024-12-05 00:00:00
953,EXC005,OP009,trench,77.2,81.6,windy,loam,senior,11.8,12.5,1,2024-02-15 00:00:00
954,EXC005,OP007,load,31.2,70.7,windy,rock,junior,0.5,10.6,1,2024-08-28 00:00:00
955,EXC003,OP003,dig,43.9,46.9,cloudy,sand,junior,8.8,6.7,1,2024-03-03 00:00:00
956,EXC004,OP005,compact,35.9,39.4,cloudy,sand,mid,2.8,21.0,1,2024-02-05 00:00:00
957,EXC003,OP009,dig,52.0,66.0,windy,rock,senior,2.4,8.1,1,2024-07-18 00:00:00
958,EXC002,OP002,dig,52.1,70.2,sunny,rock,mid,11.6,14.9,1,2024-11-21 00:00:00
959,EXC005,OP005,load,26.0,22.1,sunny,loam,senior,4.5,9.6,1,2024-09-25 00:00:00
960,EXC001,OP007,load,29.3,50.9,rainy,sand,junior,8.6,13.6,1,2024-09-03 00:00:00
961,EXC003,OP007,compact,43.8,43.9,cloudy,clay,senior,6.2,18.2,1,2024-03-20 00:00:00
962,EXC003,OP010,trench,69.6,80.7,windy,clay,senior,2.4,9.1,1,2024-10-05 00:00:00
963,EXC001,OP010,load,40.1,49.6,rainy,clay,senior,3.4,6.9,1,2024-11-22 00:00:00
964,EXC003,OP001,dig,57.1,85.3,cloudy,clay,junior,0.3,24.4,1,2024-06-29 00:00:00
965,EXC003,OP008,grade,41.3,84.1,cloudy,rock,junior,10.1,17.1,1,2024-05-03 00:00:00
966,EXC001,OP002,compact,31.6,41.2,sunny,clay,mid,6.3,20.1,1,2024-04-18 00:00:00
967,EXC005,OP003,grade,37.3,48.8,sunny,loam,junior,4.6,19.6,1,2024-05-20 00:00:00
968,EXC001,OP007,grade,47.9,61.1,rainy,clay,mid,7.8,12.5,1,2024-03-01 00:00:00
969,EXC003,OP003,dig,56.2,59.8,cloudy,clay,senior,0.2,17.3,1,2024-05-19 00:00:00
970,EXC002,OP003,compact,43.5,48.8,cloudy,sand,senior,14.6,21.3,1,2024-01-06 00:00:00
971,EXC003,OP008,compact,45.2,88.3,rainy,rock,mid,11.5,9.0,1,2024-06-15 00:00:00
972,EXC005,OP007,grade,38.5,45.9,cloudy,sand,junior,3.3,15.7,1,2024-04-16 00:00:00
973,EXC004,OP002,grade,43.6,73.1,windy,loam,junior,10.7,12.8,1,2024-03-31 00:00:00
974,EXC004,OP001,grade,33.9,35.3,windy,loam,senior,0.6,23.0,1,2024-07-07 00:00:00
975,EXC004,OP006,dig,54.7,81.7,sunny,clay,junior,9.2,8.4,1,2024-05-22 00:00:00
976,EXC001,OP002,dig,55.8,82.1,windy,clay,junior,0.8,11.5,1,2024-11-09 00:00:00
977,EXC001,OP009,trench,69.4,74.3,sunny,loam,mid,10.6,16.8,1,2024-09-11 00:00:00
978,EXC005,OP002,compact,44.3,42.6,cloudy,sand,mid,2.1,1.4,1,2024-09-20 00:00:00
979,EXC004,OP005,dig,51.0,51.6,sunny,sand,mid,11.8,19.8,0,2024-03-09 00:00:00
980,EXC005,OP009,load,28.9,21.8,cloudy,loam,senior,5.1,17.7,0,2024-07-23 00:00:00
981,EXC005,OP002,load,30.1,33.0,windy,loam,mid,7.4,2.0,1,2024-05-03 00:00:00
982,EXC003,OP005,dig,56.0,69.3,sunny,clay,junior,10.1,23.4,1,2024-10-06 00:00:00
983,EXC004,OP003,compact,44.6,54.2,sunny,sand,senior,11.0,14.8,1,2024-12-01 00:00:00
984,EXC005,OP004,trench,63.6,88.8,rainy,clay,senior,14.6,11.6,1,2024-11-01 00:00:00
985,EXC002,OP010,grade,43.6,62.5,windy,rock,mid,10.2,17.0,1,2024-10-02 00:00:00
986,EXC004,OP004,compact,41.2,69.3,rainy,rock,senior,8.0,23.4,1,2024-03-03 00:00:00
987,EXC005,OP008,compact,52.0,80.2,rainy,rock,mid,7.1,16.3,1,2024-05-10 00:00:00
988,EXC004,OP009,compact,33.8,56.7,sunny,clay,junior,13.4,4.0,1,2024-11-09 00:00:00
989,EXC002,OP009,grade,42.1,41.7,windy,loam,senior,9.7,23.2,1,2024-07-28 00:00:00
990,EXC004,OP004,load,33.3,53.0,windy,rock,mid,0.3,10.7,1,2024-10-10 00:00:00
991,EXC002,OP009,grade,50.3,54.4,cloudy,loam,mid,11.4,14.5,1,2024-03-21 00:00:00
992,EXC004,OP010,dig,58.3,61.1,sunny,sand,senior,10.1,11.2,1,2024-12-29 00:00:00
993,EXC005,OP007,load,31.3,19.4,cloudy,sand,senior,3.7,17.0,1,2024-12-04 00:00:00
994,EXC005,OP004,grade,46.7,77.3,rainy,clay,junior,3.2,8.9,1,2024-01-18 00:00:00
995,EXC004,OP006,grade,50.9,49.1,cloudy,sand,senior,5.2,13.0,1,2024-04-01 00:00:00
996,EXC003,OP002,compact,39.6,52.6,sunny,clay,senior,5.2,22.3,1,2024-12-15 00:00:00
997,EXC001,OP006,load,25.4,40.2,windy,clay,mid,8.7,10.2,1,2024-11-11 00:00:00
998,EXC005,OP009,compact,50.9,55.4,windy,clay,mid,2.4,16.5,1,2024-06-16 00:00:00
999,EXC005,OP008,trench,68.9,112.7,sunny,rock,junior,13.8,10.5,1,2024-03-21 00:00:00
1000,EXC004,OP010,compact,27.1,26.3,sunny,loam,mid,7.3,1.1,1,2024-12-24 00:00:00
1001,EXC003,OP010,dig,52.5,62.8,windy,clay,senior,4.4,2.3,1,2024-05-26 00:00:00
1002,EXC003,OP003,dig,50.2,64.7,rainy,loam,senior,7.7,21.3,1,2024-03-31 00:00:00
1003,EXC004,OP002,dig,46.5,55.7,sunny,clay,junior,9.8,14.0,1,2024-02-29 00:00:00
1004,EXC004,OP009,trench,77.0,67.4,cloudy,sand,senior,6.8,21.7,1,2024-01-20 00:00:00
1005,EXC003,OP002,dig,50.9,67.7,rainy,clay,mid,0.9,3.4,1,2024-03-31 00:00:00
1006,EXC004,OP007,grade,46.6,56.2,windy,loam,mid,13.9,19.8,1,2024-10-31 00:00:00
1007,EXC003,OP005,load,33.0,33.6,cloudy,loam,mid,5.1,12.6,1,2024-06-04 00:00:00
1008,EXC003,OP010,grade,41.7,53.3,windy,clay,senior,2.8,4.6,1,2024-04-05 00:00:00
1009,EXC002,OP003,dig,54.6,72.9,cloudy,rock,mid,8.5,9.8,1,2024-09-21 00:00:00
1010,EXC004,OP002,grade,47.6,46.0,sunny,sand,mid,3.9,1.1,1,2024-10-09 00:00:00
1011,EXC004,OP008,trench,68.9,79.4,windy,clay,senior,6.1,22.7,1,2024-09-19 00:00:00
1012,EXC004,OP005,grade,44.0,68.0,rainy,clay,mid,2.0,18.8,1,2024-08-04 00:00:00
1013,EXC002,OP009,load,31.4,52.2,windy,clay,mid,13.2,8.2,1,2024-06-13 00:00:00
1014,EXC001,OP008,trench,60.4,90.3,windy,rock,mid,10.2,14.6,0,2024-01-29 00:00:00
1015,EXC004,OP002,compact,41.4,67.2,rainy,loam,junior,7.5,23.8,1,2024-02-24 00:00:00
1016,EXC005,OP006,compact,43.7,47.3,cloudy,clay,senior,5.0,2.7,0,2024-12-17 00:00:00
1017,EXC001,OP008,load,37.0,50.8,rainy,sand,senior,5.3,14.8,1,2024-02-20 00:00:00
1018,EXC001,OP003,grade,47.2,52.5,sunny,clay,senior,11.9,10.8,1,2024-08-05 00:00:00
1019,EXC004,OP001,compact,42.1,54.1,sunny,sand,junior,4.7,17.1,1,2024-07-29 00:00:00
1020,EXC005,OP004,dig,61.5,81.1,rainy,sand,mid,12.5,10.9,1,2024-04-20 00:00:00
1021,EXC002,OP003,dig,48.4,58.9,sunny,rock,senior,12.3,20.3,1,2024-10-11 00:00:00
1022,EXC002,OP007,compact,36.5,56.0,sunny,rock,junior,3.4,24.9,1,2024-01-10 00:00:00
1023,EXC001,OP002,load,27.6,41.9,cloudy,sand,junior,6.3,1.4,1,2024-03-29 00:00:00
1024,EXC003,OP001,load,27.9,37.4,windy,loam,mid,7.5,17.4,1,2024-10-18 00:00:00
1025,EXC001,OP007,dig,56.2,69.7,windy,clay,senior,9.3,13.6,1,2024-09-02 00:00:00
1026,EXC002,OP008,trench,73.2,104.7,rainy,rock,senior,8.2,4.2,1,2024-11-13 00:00:00
1027,EXC001,OP010,load,34.4,53.5,rainy,sand,mid,13.0,24.0,1,2024-04-18 00:00:00
1028,EXC001,OP008,trench,76.0,110.8,rainy,loam,junior,14.8,5.0,1,2024-09-12 00:00:00
1029,EXC004,OP004,compact,37.9,47.8,sunny,clay,mid,12.1,3.1,0,2024-11-03 00:00:00
1030,EXC002,OP010,dig,55.1,81.9,cloudy,clay,junior,5.1,8.1,1,2024-05-08 00:00:00
1031,EXC002,OP003,compact,39.5,90.8,rainy,rock,junior,11.3,5.7,1,2024-04-25 00:00:00
1032,EXC002,OP006,load,25.6,32.3,cloudy,loam,junior,0.2,7.6,0,2024-11-06 00:00:00
1033,EXC005,OP010,load,22.0,34.4,sunny,clay,mid,5.9,21.8,1,2024-07-11 00:00:00
1034,EXC004,OP008,load,28.9,53.4,windy,loam,junior,12.8,20.8,1,2024-03-25 00:00:00
1035,EXC003,OP003,compact,29.6,43.0,rainy,sand,mid,8.0,10.6,1,2024-04-11 00:00:00
1036,EXC001,OP002,dig,50.4,70.5,sunny,rock,mid,0.9,1.7,1,2024-01-08 00:00:00
1037,EXC002,OP003,compact,38.5,57.3,sunny,rock,mid,0.6,21.0,1,2024-05-24 00:00:00
1038,EXC003,OP007,dig,58.9,66.7,sunny,loam,junior,2.2,11.2,1,2024-04-08 00:00:00
1039,EXC001,OP010,load,23.4,37.9,cloudy,clay,mid,13.3,3.3,1,2024-07-04 00:00:00
1040,EXC004,OP004,load,26.5,30.9,windy,sand,senior,12.8,14.1,1,2024-12-24 00:00:00
1041,EXC001,OP007,dig,57.1,69.1,sunny,rock,mid,5.6,18.5,1,2024-03-10 00:00:00
1042,EXC005,OP004,trench,60.3,80.0,rainy,sand,mid,11.9,11.2,1,2024-09-18 00:00:00
1043,EXC001,OP007,compact,44.9,43.0,sunny,loam,senior,2.4,24.7,1,2024-04-17 00:00:00
1044,EXC005,OP005,grade,43.0,60.9,cloudy,clay,junior,0.3,7.5,1,2024-01-11 00:00:00
1045,EXC004,OP002,load,34.1,41.8,sunny,clay,senior,12.2,1.1,1,2024-05-22 00:00:00
1046,EXC001,OP004,compact,47.4,60.9,sunny,sand,junior,13.9,20.2,0,2024-04-29 00:00:00
1047,EXC005,OP005,grade,47.5,46.7,cloudy,clay,senior,6.3,5.5,1,2024-09-27 00:00:00
1048,EXC004,OP004,grade,38.1,76.8,cloudy,rock,junior,11.9,3.0,1,2024-07-28 00:00:00
1049,EXC004,OP006,load,33.9,49.9,sunny,rock,senior,5.7,2.0,1,2024-09-16 00:00:00
1050,EXC001,OP006,trench,68.7,70.9,cloudy,clay,senior,1.7,7.7,1,2024-02-19 00:00:00
1051,EXC001,OP002,dig,54.8,57.2,windy,loam,senior,5.9,24.9,1,2024-12-19 00:00:00
1052,EXC004,OP010,grade,41.8,68.7,rainy,clay,senior,14.6,3.7,1,2024-01-02 00:00:00
1053,EXC003,OP002,grade,41.6,72.3,rainy,sand,junior,11.7,16.3,1,2024-06-13 00:00:00
1054,EXC005,OP005,trench,66.5,109.6,rainy,rock,junior,11.8,2.1,1,2024-04-24 00:00:00
1055,EXC005,OP006,dig,59.5,118.9,rainy,rock,junior,4.9,15.0,1,2024-05-08 00:00:00
1056,EXC005,OP007,compact,33.7,61.6,sunny,rock,junior,5.4,15.5,1,2024-05-30 00:00:00
1057,EXC005,OP005,dig,49.3,78.2,sunny,clay,junior,12.9,14.1,0,2024-08-14 00:00:00
1058,EXC004,OP006,load,25.4,37.5,windy,clay,senior,10.8,10.4,1,2024-03-19 00:00:00
1059,EXC004,OP001,compact,44.8,50.7,windy,sand,mid,8.0,22.8,1,2024-10-27 00:00:00
1060,EXC004,OP007,load,35.9,52.1,cloudy,sand,junior,11.6,14.1,1,2024-11-22 00:00:00
1061,EXC003,OP003,compact,40.9,48.0,cloudy,sand,junior,0.4,24.1,1,2024-09-02 00:00:00
1062,EXC003,OP003,dig,52.8,78.9,rainy,rock,senior,4.7,22.9,1,2024-09-16 00:00:00
1063,EXC005,OP009,dig,41.1,73.3,rainy,rock,junior,0.9,5.0,1,2024-07-23 00:00:00
1064,EXC003,OP008,dig,57.5,68.0,sunny,sand,mid,10.6,24.0,1,2024-01-07 00:00:00
1065,EXC003,OP004,dig,65.0,72.2,sunny,clay,mid,7.9,23.7,1,2024-03-15 00:00:00
1066,EXC001,OP004,load,29.3,34.8,windy,clay,senior,0.8,6.8,1,2024-03-08 00:00:00
1067,EXC001,OP001,grade,46.6,54.3,sunny,clay,senior,0.3,10.9,1,2024-10-20 00:00:00
1068,EXC001,OP007,trench,72.7,69.6,windy,loam,senior,8.4,1.1,1,2024-02-19 00:00:00
1069,EXC005,OP001,load,24.6,36.4,cloudy,clay,junior,8.6,15.0,1,2024-07-11 00:00:00
1070,EXC003,OP010,trench,66.2,74.6,rainy,sand,senior,2.6,4.4,0,2024-08-11 00:00:00
1071,EXC001,OP008,compact,33.3,68.0,rainy,rock,mid,8.5,1.4,1,2024-08-20 00:00:00
1072,EXC002,OP005,grade,42.7,64.4,rainy,loam,junior,2.3,8.5,1,2024-05-29 00:00:00
1073,EXC003,OP009,grade,47.2,57.4,rainy,sand,mid,0.0,24.6,0,2024-10-20 00:00:00
1074,EXC003,OP002,dig,53.5,88.9,rainy,loam,junior,12.5,17.0,0,2024-02-12 00:00:00
1075,EXC002,OP003,grade,51.4,55.1,windy,clay,senior,1.9,9.8,1,2024-09-18 00:00:00
1076,EXC001,OP001,load,25.9,45.3,rainy,sand,junior,0.5,2.5,1,2024-07-29 00:00:00
1077,EXC003,OP007,compact,42.8,61.4,cloudy,clay,junior,14.1,19.4,1,2024-12-21 00:00:00
1078,EXC001,OP004,dig,48.9,75.1,windy,loam,junior,13.3,17.2,1,2024-05-04 00:00:00
1079,EXC001,OP003,load,28.8,43.1,windy,clay,mid,1.5,23.4,1,2024-06-13 00:00:00
1080,EXC005,OP009,dig,50.3,47.9,cloudy,loam,senior,14.8,13.6,1,2024-01-05 00:00:00
1081,EXC001,OP010,dig,52.7,61.4,cloudy,loam,junior,7.5,16.8,1,2024-02-13 00:00:00
1082,EXC002,OP006,compact,46.1,64.5,windy,rock,mid,5.2,3.5,1,2024-10-07 00:00:00
1083,EXC001,OP004,load,38.7,47.5,rainy,clay,senior,1.3,14.6,1,2024-12-14 00:00:00
1084,EXC001,OP003,trench,66.2,75.0,cloudy,loam,junior,6.7,3.3,1,2024-07-14 00:00:00
1085,EXC004,OP005,dig,50.1,56.6,sunny,loam,mid,12.4,21.3,1,2024-04-29 00:00:00
1086,EXC005,OP009,trench,62.4,83.4,cloudy,clay,junior,8.4,1.5,1,2024-01-10 00:00:00
1087,EXC002,OP009,compact,51.7,78.3,windy,rock,junior,4.3,14.9,1,2024-04-16 00:00:00
1088,EXC001,OP007,grade,41.3,77.1,cloudy,rock,junior,3.2,21.7,1,2024-04-01 00:00:00
1089,EXC003,OP003,trench,65.1,76.3,rainy,sand,senior,2.5,20.8,1,2024-11-17 00:00:00
1090,EXC002,OP003,load,32.7,44.0,rainy,sand,mid,5.2,22.4,1,2024-06-15 00:00:00
1091,EXC001,OP003,grade,44.1,64.0,cloudy,clay,junior,2.5,16.7,1,2024-04-22 00:00:00
1092,EXC001,OP004,load,25.4,27.3,windy,loam,senior,3.6,15.4,1,2024-09-25 00:00:00
1093,EXC001,OP001,load,30.1,29.6,sunny,sand,mid,9.1,8.0,1,2024-06-21 00:00:00
1094,EXC003,OP003,dig,51.8,49.3,sunny,sand,mid,2.0,17.1,0,2024-09-18 00:00:00
1095,EXC003,OP008,compact,36.0,46.7,sunny,clay,mid,9.4,5.7,1,2024-08-08 00:00:00
1096,EXC003,OP003,grade,52.1,56.2,windy,rock,senior,3.9,19.5,1,2024-06-30 00:00:00
1097,EXC004,OP005,grade,53.1,57.3,cloudy,loam,mid,8.6,5.6,1,2024-12-22 00:00:00
1098,EXC005,OP003,compact,35.7,39.0,cloudy,clay,mid,3.7,20.3,0,2024-05-30 00:00:00
1099,EXC005,OP006,grade,46.0,68.3,windy,clay,junior,6.0,15.0,1,2024-12-13 00:00:00
1100,EXC004,OP002,trench,80.4,94.7,rainy,loam,junior,2.2,20.8,1,2024-10-06 00:00:00
1101,EXC005,OP009,trench,77.4,94.0,rainy,loam,mid,3.2,6.7,1,2024-01-30 00:00:00
1102,EXC002,OP006,compact,44.9,72.1,rainy,clay,mid,4.5,10.1,1,2024-02-17 00:00:00
1103,EXC005,OP002,dig,50.3,51.7,cloudy,sand,junior,9.4,9.2,1,2024-03-06 00:00:00
1104,EXC003,OP003,trench,71.7,84.7,sunny,sand,junior,1.3,1.5,1,2024-06-04 00:00:00
1105,EXC005,OP004,load,25.8,38.8,windy,loam,mid,10.1,11.3,1,2024-06-02 00:00:00
1106,EXC002,OP007,dig,52.0,87.4,windy,rock,mid,14.1,9.2,1,2024-06-13 00:00:00
1107,EXC005,OP004,load,34.5,73.5,rainy,rock,mid,13.0,20.4,1,2024-03-14 00:00:00
1108,EXC001,OP007,compact,47.1,59.9,rainy,clay,senior,8.9,10.2,1,2024-12-09 00:00:00
1109,EXC005,OP010,compact,37.2,42.6,sunny,loam,junior,3.0,23.1,1,2024-08-06 00:00:00
1110,EXC005,OP008,dig,51.6,61.0,sunny,clay,mid,6.2,6.5,1,2024-04-04 00:00:00
1111,EXC004,OP009,load,38.6,66.9,rainy,rock,senior,6.5,6.1,1,2024-04-17 00:00:00
1112,EXC002,OP003,grade,41.7,37.7,windy,sand,senior,2.4,10.9,1,2024-01-23 00:00:00
1113,EXC001,OP006,grade,40.2,48.5,sunny,loam,junior,8.6,19.6,1,2024-02-08 00:00:00
1114,EXC004,OP010,grade,44.1,58.6,rainy,loam,junior,3.4,11.3,1,2024-04-02 00:00:00
1115,EXC001,OP010,grade,34.7,31.1,sunny,loam,mid,3.6,5.5,1,2024-07-19 00:00:00
1116,EXC004,OP006,load,32.1,42.7,windy,clay,senior,5.3,19.1,1,2024-08-19 00:00:00
1117,EXC001,OP005,load,35.4,25.8,sunny,loam,senior,8.3,13.1,1,2024-03-12 00:00:00
1118,EXC004,OP003,compact,35.2,47.8,cloudy,sand,junior,3.1,19.2,1,2024-01-08 00:00:00
1119,EXC003,OP008,compact,32.9,65.7,windy,rock,mid,14.4,22.3,0,2024-08-08 00:00:00
1120,EXC002,OP007,grade,51.4,62.9,cloudy,clay,mid,4.4,18.0,1,2024-07-07 00:00:00
1121,EXC003,OP009,compact,35.3,37.7,sunny,sand,mid,4.9,7.1,1,2024-07-22 00:00:00
1122,EXC005,OP007,trench,73.8,85.0,sunny,loam,junior,5.0,15.2,1,2024-11-05 00:00:00
1123,EXC003,OP006,compact,33.4,45.6,sunny,rock,junior,7.1,18.0,1,2024-05-07 00:00:00
1124,EXC004,OP008,dig,46.1,43.6,cloudy,loam,mid,2.7,6.9,1,2024-05-11 00:00:00
1125,EXC002,OP007,grade,36.7,49.0,sunny,sand,junior,6.5,24.7,1,2024-03-20 00:00:00
1126,EXC001,OP010,grade,51.8,80.4,rainy,sand,junior,6.5,9.3,1,2024-05-24 00:00:00
1127,EXC005,OP002,trench,72.6,101.1,rainy,clay,mid,14.9,18.2,1,2024-03-21 00:00:00
1128,EXC002,OP008,dig,59.9,74.6,windy,loam,senior,12.3,10.1,1,2024-08-19 00:00:00
1129,EXC002,OP010,grade,42.1,66.7,rainy,loam,junior,7.5,20.9,1,2024-09-11 00:00:00
1130,EXC003,OP008,grade,49.5,78.5,rainy,sand,junior,9.3,21.5,1,2024-03-14 00:00:00
1131,EXC004,OP009,dig,57.8,71.4,cloudy,loam,junior,10.3,13.2,1,2024-05-26 00:00:00
1132,EXC001,OP009,load,39.8,71.1,rainy,sand,junior,3.6,1.9,1,2024-11-05 00:00:00
1133,EXC005,OP005,load,35.5,46.2,windy,clay,mid,7.6,4.0,1,2024-09-01 00:00:00
1134,EXC003,OP009,dig,51.7,55.3,sunny,clay,senior,7.9,13.3,1,2024-08-15 00:00:00
1135,EXC004,OP003,grade,55.8,70.2,rainy,sand,senior,14.2,1.8,1,2024-07-25 00:00:00
1136,EXC005,OP005,trench,75.7,85.9,cloudy,rock,senior,2.5,20.9,1,2024-03-19 00:00:00
1137,EXC005,OP003,load,31.2,59.8,sunny,rock,junior,9.2,11.8,1,2024-08-27 00:00:00
1138,EXC003,OP005,compact,37.9,32.0,windy,loam,senior,6.2,4.5,1,2024-09-11 00:00:00
1139,EXC004,OP007,trench,69.1,79.7,sunny,clay,mid,0.6,3.0,1,2024-10-24 00:00:00
1140,EXC001,OP009,trench,66.8,66.3,sunny,loam,mid,4.6,8.0,1,2024-08-19 00:00:00
1141,EXC005,OP009,grade,43.8,86.2,sunny,rock,junior,12.2,10.2,1,2024-04-05 00:00:00
1142,EXC004,OP010,grade,51.5,60.6,cloudy,sand,junior,5.3,13.3,1,2024-12-11 00:00:00
1143,EXC004,OP003,compact,44.2,43.2,sunny,loam,senior,10.8,8.5,1,2024-08-06 00:00:00
1144,EXC002,OP004,load,24.8,55.8,rainy,clay,mid,14.3,9.2,1,2024-10-14 00:00:00
1145,EXC005,OP007,dig,53.1,70.1,sunny,rock,mid,10.9,4.2,1,2024-05-20 00:00:00
1146,EXC002,OP006,trench,62.4,86.5,cloudy,rock,mid,4.3,15.8,1,2024-09-01 00:00:00
1147,EXC004,OP008,trench,72.7,96.9,rainy,loam,mid,13.0,23.8,1,2024-04-29 00:00:00
1148,EXC005,OP005,load,28.0,54.8,sunny,clay,junior,11.7,15.8,1,2024-08-15 00:00:00
1149,EXC001,OP005,load,26.8,24.8,cloudy,sand,senior,8.1,18.0,1,2024-09-27 00:00:00
1150,EXC002,OP002,trench,69.1,99.7,cloudy,rock,junior,0.9,8.4,1,2024-12-06 00:00:00
1151,EXC003,OP010,compact,41.1,34.3,cloudy,loam,senior,1.0,18.9,1,2024-08-02 00:00:00
1152,EXC002,OP008,load,26.9,46.4,rainy,sand,mid,12.2,6.9,1,2024-11-25 00:00:00
1153,EXC005,OP005,trench,78.5,81.3,rainy,loam,mid,7.5,11.3,1,2024-10-25 00:00:00
1154,EXC003,OP009,grade,52.9,73.6,windy,loam,junior,1.0,12.2,1,2024-12-27 00:00:00
1155,EXC001,OP010,compact,35.5,69.9,rainy,loam,junior,10.4,13.7,1,2024-01-10 00:00:00
1156,EXC002,OP009,trench,63.3,92.8,rainy,clay,mid,0.1,20.1,1,2024-12-30 00:00:00
1157,EXC003,OP003,compact,49.5,84.3,cloudy,rock,junior,0.9,3.3,1,2024-07-29 00:00:00
1158,EXC001,OP009,compact,41.7,42.8,cloudy,clay,senior,9.1,10.5,1,2024-10-19 00:00:00
1159,EXC002,OP002,grade,42.2,57.8,rainy,clay,senior,7.4,21.5,1,2024-08-25 00:00:00
1160,EXC004,OP002,compact,32.8,50.9,rainy,sand,mid,10.3,17.2,1,2024-04-07 00:00:00
1161,EXC004,OP005,trench,77.5,74.5,cloudy,sand,senior,7.8,23.7,0,2024-07-17 00:00:00
1162,EXC005,OP001,trench,75.5,103.4,windy,clay,junior,13.4,5.2,1,2024-07-13 00:00:00
1163,EXC002,OP008,compact,40.3,44.8,sunny,sand,mid,13.8,7.1,0,2024-11-09 00:00:00
1164,EXC005,OP001,compact,51.6,67.1,cloudy,rock,senior,13.7,4.5,1,2024-03-01 00:00:00
1165,EXC002,OP002,dig,53.0,49.1,sunny,loam,senior,0.7,6.0,1,2024-03-19 00:00:00
1166,EXC002,OP006,dig,50.9,66.5,rainy,sand,mid,13.6,5.1,1,2024-03-08 00:00:00
1167,EXC004,OP004,dig,56.5,73.1,sunny,sand,junior,14.5,12.3,1,2024-02-29 00:00:00
1168,EXC001,OP009,dig,57.2,79.2,sunny,sand,junior,13.9,7.9,1,2024-09-21 00:00:00
1169,EXC003,OP007,dig,54.5,73.6,windy,clay,mid,10.7,24.1,0,2024-01-12 00:00:00
1170,EXC004,OP002,dig,53.5,66.5,sunny,loam,junior,8.7,14.1,1,2024-04-22 00:00:00
1171,EXC005,OP001,grade,43.2,44.7,sunny,rock,senior,4.4,3.5,1,2024-03-28 00:00:00
1172,EXC004,OP003,compact,33.4,36.0,sunny,sand,mid,4.7,15.9,1,2024-07-22 00:00:00
1173,EXC002,OP008,grade,51.8,76.3,rainy,clay,mid,11.9,19.2,0,2024-11-07 00:00:00
1174,EXC005,OP008,trench,72.8,80.2,rainy,loam,mid,8.1,1.9,1,2024-09-22 00:00:00
1175,EXC005,OP009,trench,76.7,88.8,windy,rock,senior,2.1,14.2,1,2024-09-12 00:00:00
1176,EXC003,OP010,compact,31.3,37.3,rainy,sand,senior,1.7,4.4,1,2024-11-24 00:00:00
1177,EXC005,OP002,load,29.8,28.1,sunny,loam,senior,7.4,4.5,1,2024-08-26 00:00:00
1178,EXC005,OP001,trench,63.1,101.3,sunny,rock,junior,10.1,18.6,1,2024-09-04 00:00:00
1179,EXC005,OP004,load,25.0,36.3,cloudy,rock,senior,3.9,4.1,1,2024-07-13 00:00:00
1180,EXC001,OP002,grade,44.6,51.5,windy,loam,senior,11.3,21.3,1,2024-04-02 00:00:00
1181,EXC005,OP008,compact,34.8,62.9,rainy,clay,junior,9.9,17.5,1,2024-10-16 00:00:00
1182,EXC003,OP005,dig,51.3,49.8,sunny,sand,mid,6.8,12.5,1,2024-09-05 00:00:00
1183,EXC001,OP005,trench,75.0,102.0,sunny,clay,junior,3.3,1.0,1,2024-12-30 00:00:00
1184,EXC002,OP009,dig,52.4,51.3,sunny,sand,mid,6.4,2.8,1,2024-03-27 00:00:00
1185,EXC004,OP010,grade,47.0,61.7,sunny,sand,junior,9.1,16.2,1,2024-11-12 00:00:00
1186,EXC005,OP009,dig,51.1,75.4,cloudy,clay,junior,9.9,11.0,1,2024-07-22 00:00:00
1187,EXC001,OP006,trench,67.2,79.6,cloudy,sand,junior,0.6,2.5,1,2024-10-16 00:00:00
1188,EXC005,OP007,compact,42.3,61.6,sunny,clay,junior,8.2,9.2,0,2024-11-20 00:00:00
1189,EXC002,OP001,dig,50.4,54.7,sunny,clay,senior,3.5,16.6,1,2024-02-08 00:00:00
1190,EXC001,OP003,load,42.3,83.8,rainy,clay,junior,11.3,16.5,1,2024-03-13 00:00:00
1191,EXC001,OP001,trench,72.5,92.3,sunny,clay,junior,5.6,22.8,1,2024-10-23 00:00:00
1192,EXC003,OP001,trench,63.2,81.1,rainy,sand,senior,8.1,14.0,1,2024-07-17 00:00:00
1193,EXC001,OP009,compact,42.8,52.2,sunny,clay,junior,4.0,23.3,1,2024-05-17 00:00:00
1194,EXC005,OP004,load,30.9,31.7,windy,loam,senior,2.5,21.4,1,2024-10-27 00:00:00
1195,EXC003,OP003,compact,41.4,79.7,cloudy,rock,junior,10.1,1.1,1,2024-11-15 00:00:00
1196,EXC004,OP006,dig,51.3,44.7,cloudy,loam,senior,7.3,11.3,1,2024-04-21 00:00:00
1197,EXC004,OP003,dig,49.5,51.5,sunny,clay,mid,0.4,20.7,1,2024-10-08 00:00:00
1198,EXC002,OP007,load,34.8,36.4,sunny,loam,senior,0.7,12.5,1,2024-02-07 00:00:00
1199,EXC003,OP003,dig,52.0,66.8,windy,clay,senior,12.4,2.6,1,2024-10-12 00:00:00
1200,EXC003,OP001,dig,52.8,66.9,sunny,clay,junior,6.6,8.5,1,2024-01-15 00:00:00
1201,EXC001,OP003,compact,47.2,74.4,rainy,clay,mid,2.8,16.8,1,2024-02-17 00:00:00
1202,EXC004,OP004,load,21.6,17.5,cloudy,sand,senior,7.1,4.1,1,2024-07-20 00:00:00
1203,EXC004,OP006,dig,44.8,64.3,rainy,sand,junior,8.4,11.8,1,2024-03-28 00:00:00
1204,EXC001,OP007,dig,47.4,38.4,cloudy,loam,senior,9.2,21.8,1,2024-11-10 00:00:00
1205,EXC004,OP005,grade,41.3,41.5,cloudy,clay,senior,2.1,16.8,1,2024-12-10 00:00:00
1206,EXC002,OP009,compact,35.6,47.8,windy,sand,junior,8.6,9.7,1,2024-03-31 00:00:00
1207,EXC004,OP001,compact,40.0,34.6,cloudy,loam,mid,2.9,19.4,1,2024-05-18 00:00:00
1208,EXC005,OP006,trench,76.3,76.5,cloudy,sand,mid,6.4,23.4,1,2024-08-26 00:00:00
1209,EXC004,OP009,compact,39.2,65.7,windy,clay,mid,13.1,1.0,1,2024-01-11 00:00:00
1210,EXC005,OP010,trench,70.2,90.7,windy,rock,senior,8.4,16.1,1,2024-06-14 00:00:00
1211,EXC001,OP004,trench,65.5,78.3,windy,loam,mid,14.4,8.9,1,2024-04-09 00:00:00
1212,EXC004,OP004,grade,39.6,54.6,rainy,loam,mid,5.6,6.2,1,2024-09-07 00:00:00
1213,EXC004,OP007,compact,39.8,69.2,rainy,loam,junior,13.1,4.5,1,2024-02-06 00:00:00
1214,EXC001,OP010,compact,41.2,33.5,sunny,loam,senior,8.1,9.4,1,2024-08-16 00:00:00
1215,EXC003,OP001,trench,71.9,89.1,windy,loam,junior,4.5,4.3,1,2024-01-14 00:00:00
1216,EXC004,OP006,load,32.2,39.3,windy,sand,junior,4.8,7.9,1,2024-08-28 00:00:00
1217,EXC004,OP009,grade,49.5,76.2,sunny,rock,senior,10.3,6.7,1,2024-05-02 00:00:00
1218,EXC001,OP008,load,26.6,41.0,windy,rock,senior,0.9,24.3,1,2024-03-27 00:00:00
1219,EXC002,OP002,load,34.4,57.1,cloudy,rock,junior,2.9,9.3,1,2024-09-30 00:00:00
1220,EXC005,OP004,dig,54.9,59.6,cloudy,loam,junior,2.9,24.7,0,2024-04-27 00:00:00
1221,EXC001,OP007,compact,43.8,70.2,rainy,clay,mid,0.9,2.8,1,2024-10-12 00:00:00
1222,EXC004,OP010,compact,40.3,41.7,sunny,sand,mid,3.4,12.8,1,2024-12-26 00:00:00
1223,EXC002,OP004,load,27.6,25.8,windy,sand,senior,1.3,15.5,0,2024-06-11 00:00:00
1224,EXC003,OP009,compact,41.4,57.1,sunny,clay,mid,13.6,11.7,1,2024-01-23 00:00:00
1225,EXC002,OP005,grade,49.9,69.1,rainy,clay,senior,6.4,8.6,1,2024-08-15 00:00:00
1226,EXC002,OP008,load,22.4,25.4,cloudy,clay,senior,3.9,12.7,0,2024-10-21 00:00:00
1227,EXC001,OP001,dig,47.9,62.9,rainy,loam,mid,5.3,2.4,1,2024-04-03 00:00:00
1228,EXC005,OP003,dig,58.7,58.8,sunny,loam,senior,9.6,18.7,1,2024-11-24 00:00:00
1229,EXC002,OP009,compact,35.1,57.0,cloudy,clay,junior,6.6,22.8,1,2024-08-22 00:00:00
1230,EXC004,OP009,dig,65.8,84.5,sunny,loam,junior,13.7,13.7,1,2024-06-07 00:00:00
1231,EXC005,OP009,compact,41.0,50.7,windy,sand,junior,6.0,23.5,1,2024-09-11 00:00:00
1232,EXC003,OP004,compact,33.6,59.0,cloudy,rock,senior,13.8,20.6,1,2024-05-02 00:00:00
1233,EXC001,OP007,grade,35.3,57.3,windy,sand,junior,12.0,7.2,0,2024-07-01 00:00:00
1234,EXC001,OP006,grade,53.4,60.5,sunny,clay,senior,0.9,5.0,1,2024-01-24 00:00:00
1235,EXC001,OP003,dig,55.1,63.4,cloudy,sand,junior,6.0,24.7,1,2024-02-14 00:00:00
1236,EXC003,OP004,load,26.1,18.6,cloudy,sand,senior,6.8,14.9,0,2024-06-10 00:00:00
1237,EXC002,OP002,trench,72.9,105.2,rainy,rock,mid,8.3,6.2,1,2024-11-25 00:00:00
1238,EXC005,OP007,trench,72.1,109.6,windy,clay,junior,13.9,21.9,1,2024-05-08 00:00:00
1239,EXC004,OP005,trench,67.9,99.7,windy,rock,junior,6.4,9.1,1,2024-07-22 00:00:00
1240,EXC004,OP007,grade,34.1,28.1,cloudy,sand,senior,1.2,17.8,1,2024-07-29 00:00:00
1241,EXC004,OP006,compact,37.0,42.4,cloudy,loam,mid,10.1,1.6,1,2024-03-30 00:00:00
1242,EXC002,OP005,dig,60.8,63.2,sunny,sand,mid,12.2,7.5,1,2024-03-29 00:00:00
1243,EXC004,OP003,dig,45.8,39.0,sunny,sand,senior,7.0,22.7,1,2024-04-16 00:00:00
1244,EXC002,OP001,grade,50.1,68.0,rainy,sand,mid,13.8,6.9,1,2024-11-28 00:00:00
1245,EXC005,OP002,grade,47.7,90.5,rainy,rock,junior,8.5,24.9,1,2024-08-28 00:00:00
1246,EXC001,OP007,trench,69.5,80.2,windy,clay,senior,3.7,10.7,1,2024-07-17 00:00:00
1247,EXC001,OP003,compact,50.6,86.5,rainy,rock,senior,12.3,21.0,1,2024-10-12 00:00:00
1248,EXC001,OP002,load,36.4,61.6,windy,loam,junior,11.2,6.7,0,2024-03-16 00:00:00
1249,EXC005,OP003,compact,44.7,51.4,rainy,loam,senior,8.8,9.2,1,2024-11-11 00:00:00
1250,EXC001,OP001,grade,38.8,55.1,rainy,loam,mid,9.7,15.8,1,2024-03-08 00:00:00
1251,EXC003,OP008,trench,75.0,76.9,rainy,loam,mid,6.0,4.7,1,2024-05-08 00:00:00
1252,EXC001,OP001,compact,38.6,51.2,cloudy,rock,senior,11.3,18.4,1,2024-10-01 00:00:00
1253,EXC002,OP005,grade,49.9,66.2,cloudy,sand,junior,3.4,14.7,1,2024-08-27 00:00:00
1254,EXC003,OP009,dig,61.7,71.9,rainy,loam,senior,8.7,18.5,1,2024-11-09 00:00:00
1255,EXC004,OP001,compact,42.4,67.4,rainy,clay,mid,4.7,19.2,0,2024-09-06 00:00:00
1256,EXC001,OP004,dig,53.2,81.4,cloudy,loam,junior,10.4,12.4,1,2024-08-06 00:00:00
1257,EXC004,OP005,grade,46.1,72.6,windy,rock,mid,1.7,19.8,1,2024-03-02 00:00:00
1258,EXC005,OP006,compact,39.4,44.0,sunny,sand,junior,7.9,21.7,1,2024-07-15 00:00:00
1259,EXC003,OP004,dig,57.4,93.5,rainy,rock,mid,7.0,15.6,0,2024-01-11 00:00:00
1260,EXC001,OP009,trench,66.4,87.5,rainy,loam,junior,13.1,19.1,0,2024-03-24 00:00:00
1261,EXC004,OP002,grade,44.9,69.0,sunny,rock,mid,5.7,21.3,1,2024-12-16 00:00:00
1262,EXC003,OP006,trench,67.8,63.6,sunny,loam,senior,8.2,14.6,0,2024-03-14 00:00:00
1263,EXC005,OP001,compact,37.1,70.5,sunny,rock,mid,14.9,16.0,1,2024-08-25 00:00:00
1264,EXC005,OP010,grade,47.0,63.5,sunny,clay,mid,5.7,14.6,0,2024-05-10 00:00:00
1265,EXC004,OP006,load,23.1,53.7,windy,clay,junior,7.9,20.3,1,2024-04-09 00:00:00
1266,EXC003,OP004,compact,49.6,58.9,rainy,loam,mid,4.4,1.4,1,2024-05-06 00:00:00
1267,EXC004,OP009,trench,70.2,78.3,windy,clay,senior,6.6,18.4,1,2024-10-15 00:00:00
1268,EXC005,OP008,grade,46.4,56.6,sunny,clay,mid,3.1,8.2,1,2024-12-22 00:00:00
1269,EXC002,OP007,trench,68.5,90.7,windy,clay,mid,0.4,22.3,1,2024-06-21 00:00:00
1270,EXC001,OP008,trench,69.0,93.4,windy,loam,junior,9.0,8.6,1,2024-08-18 00:00:00
1271,EXC001,OP007,trench,69.1,65.4,cloudy,sand,senior,5.8,18.7,1,2024-08-30 00:00:00
1272,EXC004,OP002,compact,47.3,73.8,sunny,rock,junior,6.1,14.5,1,2024-08-03 00:00:00
1273,EXC003,OP008,grade,45.4,64.3,sunny,rock,mid,6.8,10.0,1,2024-01-21 00:00:00
1274,EXC001,OP009,dig,61.3,81.7,cloudy,clay,junior,9.2,11.0,1,2024-07-30 00:00:00
1275,EXC003,OP010,trench,73.6,83.0,cloudy,rock,senior,11.1,23.6,1,2024-01-17 00:00:00
1276,EXC001,OP010,load,31.9,56.2,cloudy,rock,junior,8.3,10.5,1,2024-07-31 00:00:00
1277,EXC003,OP006,trench,64.3,60.0,sunny,loam,senior,3.4,5.2,1,2024-09-11 00:00:00
1278,EXC001,OP007,trench,68.5,60.6,sunny,sand,senior,1.9,6.0,1,2024-12-03 00:00:00
1279,EXC003,OP007,load,28.6,39.2,rainy,loam,mid,3.9,24.6,1,2024-04-26 00:00:00
1280,EXC005,OP010,grade,40.7,72.9,rainy,sand,junior,2.7,15.8,1,2024-10-18 00:00:00
1281,EXC003,OP007,trench,72.1,68.3,windy,loam,senior,7.9,12.0,1,2024-02-10 00:00:00
1282,EXC004,OP004,grade,49.1,83.5,rainy,rock,junior,13.9,13.5,1,2024-06-02 00:00:00
1283,EXC005,OP005,load,26.0,33.6,cloudy,loam,junior,0.2,16.8,1,2024-11-01 00:00:00
1284,EXC004,OP010,grade,57.5,84.7,windy,clay,junior,10.6,6.4,1,2024-04-07 00:00:00
1285,EXC001,OP004,load,24.2,36.7,sunny,loam,junior,8.1,1.4,1,2024-01-01 00:00:00
1286,EXC001,OP008,dig,46.2,53.2,cloudy,clay,senior,4.2,3.3,0,2024-04-15 00:00:00
1287,EXC001,OP001,dig,53.4,53.1,sunny,loam,mid,0.3,4.7,1,2024-10-28 00:00:00
1288,EXC001,OP005,dig,53.6,78.6,rainy,sand,junior,0.6,10.1,1,2024-08-11 00:00:00
1289,EXC003,OP006,grade,45.2,72.7,rainy,loam,junior,14.1,12.6,1,2024-06-03 00:00:00
1290,EXC005,OP005,compact,35.4,66.1,windy,clay,junior,11.7,24.2,1,2024-02-25 00:00:00
1291,EXC004,OP005,load,20.3,58.5,rainy,rock,junior,2.9,18.6,1,2024-06-17 00:00:00
1292,EXC004,OP004,compact,40.4,65.4,sunny,rock,mid,14.3,12.7,0,2024-04-15 00:00:00
1293,EXC003,OP008,load,28.2,36.1,cloudy,clay,mid,6.9,10.9,1,2024-08-08 00:00:00
1294,EXC002,OP009,compact,38.7,37.5,cloudy,loam,senior,9.4,18.5,1,2024-02-24 00:00:00
1295,EXC001,OP008,dig,59.2,75.9,cloudy,clay,mid,7.5,1.1,1,2024-02-04 00:00:00
1296,EXC002,OP005,compact,36.2,54.4,rainy,loam,mid,5.3,10.2,1,2024-07-31 00:00:00
1297,EXC001,OP004,compact,35.5,79.4,rainy,rock,mid,4.0,5.9,1,2024-11-18 00:00:00
1298,EXC005,OP003,compact,40.7,43.2,cloudy,clay,senior,8.3,18.7,1,2024-07-21 00:00:00
1299,EXC004,OP006,grade,44.4,44.8,cloudy,sand,mid,1.5,21.8,1,2024-03-26 00:00:00
1300,EXC003,OP009,load,36.4,56.3,sunny,clay,junior,11.5,8.3,1,2024-02-12 00:00:00
1301,EXC005,OP001,dig,56.8,47.6,cloudy,sand,senior,3.4,23.6,1,2024-12-12 00:00:00
1302,EXC003,OP007,grade,59.0,77.6,rainy,sand,mid,10.2,11.3,1,2024-04-26 00:00:00
1303,EXC005,OP001,compact,47.4,85.0,windy,rock,senior,11.8,21.7,1,2024-07-01 00:00:00
1304,EXC002,OP005,load,34.6,45.4,rainy,clay,senior,2.6,13.8,1,2024-03-25 00:00:00
1305,EXC001,OP010,dig,59.1,68.3,cloudy,clay,mid,8.1,22.4,1,2024-07-13 00:00:00
1306,EXC001,OP001,compact,42.6,51.2,cloudy,sand,junior,13.9,4.8,1,2024-01-28 00:00:00
1307,EXC002,OP006,dig,58.4,66.1,sunny,clay,mid,3.8,22.9,1,2024-04-14 00:00:00
1308,EXC003,OP009,dig,56.5,65.0,sunny,clay,mid,4.2,9.3,1,2024-11-13 00:00:00
1309,EXC004,OP010,load,26.8,42.0,windy,sand,senior,10.3,15.9,1,2024-09-02 00:00:00
1310,EXC003,OP004,compact,40.2,51.0,windy,clay,mid,9.1,6.3,1,2024-11-28 00:00:00
1311,EXC004,OP008,load,35.2,37.1,sunny,rock,senior,2.6,8.0,1,2024-03-04 00:00:00
1312,EXC004,OP007,trench,69.0,98.1,rainy,clay,mid,9.0,21.1,1,2024-08-10 00:00:00
1313,EXC002,OP010,trench,65.7,68.6,windy,sand,senior,14.8,15.8,1,2024-03-17 00:00:00
1314,EXC004,OP009,grade,44.5,74.8,windy,loam,junior,14.6,7.0,1,2024-09-04 00:00:00
1315,EXC005,OP004,load,29.2,39.3,sunny,sand,junior,10.8,23.7,1,2024-01-28 00:00:00
1316,EXC003,OP002,dig,56.0,79.5,sunny,rock,mid,4.3,6.6,1,2024-12-30 00:00:00
1317,EXC005,OP008,dig,56.5,68.7,windy,sand,junior,8.5,4.9,1,2024-01-29 00:00:00
1318,EXC002,OP002,load,39.6,47.3,cloudy,clay,mid,6.2,14.7,1,2024-12-23 00:00:00
1319,EXC003,OP007,trench,64.1,68.5,windy,clay,senior,3.6,13.8,1,2024-05-10 00:00:00
1320,EXC005,OP002,load,25.7,40.4,windy,sand,junior,0.8,3.7,1,2024-07-04 00:00:00
1321,EXC002,OP007,grade,41.1,47.0,sunny,clay,senior,12.9,17.8,1,2024-05-15 00:00:00
1322,EXC004,OP003,grade,42.9,51.1,rainy,clay,senior,2.0,1.2,0,2024-10-04 00:00:00
1323,EXC001,OP010,grade,44.5,50.2,cloudy,rock,senior,9.3,15.8,1,2024-02-23 00:00:00
1324,EXC001,OP003,dig,57.4,69.6,rainy,loam,mid,7.0,22.8,1,2024-11-23 00:00:00
1325,EXC004,OP008,load,20.8,45.4,cloudy,rock,senior,11.7,4.7,1,2024-05-11 00:00:00
1326,EXC001,OP008,grade,38.6,77.1,rainy,rock,junior,9.3,18.0,1,2024-06-17 00:00:00
1327,EXC003,OP008,trench,77.6,106.5,rainy,sand,junior,10.3,22.9,1,2024-10-08 00:00:00
1328,EXC004,OP001,grade,50.1,65.6,cloudy,clay,junior,7.5,3.3,1,2024-07-06 00:00:00
1329,EXC003,OP003,trench,73.0,67.4,cloudy,sand,senior,8.2,19.0,1,2024-10-26 00:00:00
1330,EXC004,OP003,compact,36.3,75.4,cloudy,rock,junior,14.3,11.3,1,2024-03-05 00:00:00
1331,EXC002,OP007,load,32.7,51.1,cloudy,clay,junior,9.0,22.8,1,2024-05-08 00:00:00
1332,EXC001,OP005,load,29.4,43.7,cloudy,sand,junior,4.8,7.3,1,2024-08-08 00:00:00
1333,EXC003,OP002,compact,31.9,45.1,sunny,loam,junior,13.1,16.5,1,2024-08-21 00:00:00
1334,EXC004,OP006,load,37.0,57.0,sunny,sand,junior,10.4,16.8,1,2024-12-13 00:00:00
1335,EXC002,OP010,load,34.4,68.3,sunny,clay,junior,12.4,7.5,1,2024-03-01 00:00:00
1336,EXC003,OP010,grade,36.9,52.3,cloudy,clay,mid,14.0,17.4,1,2024-04-21 00:00:00
1337,EXC003,OP006,compact,37.9,84.0,sunny,rock,junior,11.4,8.9,1,2024-03-13 00:00:00
1338,EXC001,OP005,grade,42.2,61.6,rainy,clay,junior,11.9,23.2,1,2024-12-10 00:00:00
1339,EXC003,OP002,dig,53.9,68.4,cloudy,loam,junior,0.9,22.5,1,2024-05-29 00:00:00
1340,EXC002,OP005,load,24.9,45.6,windy,clay,mid,10.4,11.0,1,2024-04-03 00:00:00
1341,EXC001,OP009,compact,36.1,29.7,cloudy,sand,senior,4.0,11.7,1,2024-05-18 00:00:00
1342,EXC003,OP001,grade,47.9,62.9,rainy,loam,senior,11.4,3.4,1,2024-10-05 00:00:00
1343,EXC005,OP010,compact,44.0,77.2,rainy,clay,junior,5.3,13.2,0,2024-10-05 00:00:00
1344,EXC001,OP001,compact,42.9,73.7,rainy,loam,junior,11.4,3.0,1,2024-08-07 00:00:00
1345,EXC001,OP004,compact,34.8,62.5,sunny,clay,junior,12.2,9.1,1,2024-02-23 00:00:00
1346,EXC002,OP001,trench,55.4,68.9,sunny,clay,mid,10.2,5.7,1,2024-11-27 00:00:00
1347,EXC002,OP006,dig,54.8,100.1,rainy,clay,junior,13.9,10.9,1,2024-02-06 00:00:00
1348,EXC001,OP001,compact,36.0,55.0,rainy,clay,senior,4.4,3.6,1,2024-07-08 00:00:00
1349,EXC005,OP009,trench,70.1,72.8,sunny,loam,mid,1.5,6.7,1,2024-08-08 00:00:00
1350,EXC001,OP006,trench,80.3,94.1,windy,loam,junior,14.2,5.2,1,2024-07-30 00:00:00
1351,EXC003,OP002,compact,40.0,74.2,rainy,sand,junior,14.6,6.8,0,2024-12-05 00:00:00
1352,EXC002,OP007,trench,75.3,73.3,cloudy,loam,senior,7.8,14.3,1,2024-08-13 00:00:00
1353,EXC001,OP007,compact,33.2,48.4,sunny,rock,mid,3.9,13.8,1,2024-12-09 00:00:00
1354,EXC002,OP005,dig,43.1,60.5,windy,sand,junior,7.4,19.5,1,2024-08-06 00:00:00
1355,EXC005,OP009,compact,40.0,38.5,cloudy,sand,mid,6.3,12.1,0,2024-09-17 00:00:00
1356,EXC003,OP010,dig,50.3,67.9,rainy,sand,mid,5.4,7.5,1,2024-02-09 00:00:00
1357,EXC004,OP007,trench,68.7,75.9,windy,clay,mid,12.5,14.7,1,2024-08-14 00:00:00
1358,EXC005,OP010,trench,79.4,102.6,cloudy,rock,senior,13.2,15.9,1,2024-07-17 00:00:00
1359,EXC002,OP003,grade,48.1,44.2,cloudy,sand,senior,6.4,7.9,1,2024-08-21 00:00:00
1360,EXC005,OP010,load,30.9,48.3,rainy,loam,junior,3.6,6.9,1,2024-09-03 00:00:00
1361,EXC003,OP005,grade,34.6,65.0,sunny,rock,junior,11.0,14.6,1,2024-08-20 00:00:00
1362,EXC002,OP004,trench,76.7,111.3,rainy,rock,junior,7.5,14.9,0,2024-06-04 00:00:00
1363,EXC005,OP009,dig,54.9,80.2,rainy,clay,mid,10.8,8.0,1,2024-11-04 00:00:00
1364,EXC002,OP004,load,33.4,37.6,sunny,loam,mid,12.9,1.2,1,2024-10-03 00:00:00
1365,EXC002,OP009,trench,67.0,70.2,cloudy,clay,mid,3.4,16.0,1,2024-09-11 00:00:00
1366,EXC005,OP004,trench,60.1,52.0,cloudy,sand,senior,7.6,20.8,1,2024-12-29 00:00:00
1367,EXC003,OP004,grade,42.7,51.3,sunny,rock,senior,1.5,10.1,1,2024-06-25 00:00:00
1368,EXC005,OP006,dig,54.4,80.0,rainy,sand,junior,8.7,10.4,1,2024-04-06 00:00:00
1369,EXC001,OP009,dig,52.4,58.9,rainy,loam,mid,5.2,14.4,1,2024-06-15 00:00:00
1370,EXC005,OP001,trench,61.3,75.0,rainy,loam,senior,8.3,11.7,1,2024-12-28 00:00:00
1371,EXC005,OP002,load,35.1,101.1,rainy,rock,junior,13.0,13.1,1,2024-12-15 00:00:00
1372,EXC004,OP008,load,31.7,42.0,cloudy,clay,senior,10.4,17.2,1,2024-11-20 00:00:00
1373,EXC004,OP002,load,38.6,41.9,sunny,sand,senior,14.3,12.6,1,2024-08-04 00:00:00
1374,EXC002,OP001,dig,51.9,60.7,windy,loam,junior,5.6,10.0,0,2024-06-23 00:00:00
1375,EXC005,OP003,grade,45.0,67.4,sunny,clay,junior,2.7,12.7,1,2024-08-24 00:00:00
1376,EXC003,OP003,compact,36.1,67.6,rainy,rock,mid,2.2,11.9,1,2024-06-19 00:00:00
1377,EXC003,OP002,trench,62.5,59.4,cloudy,loam,senior,13.5,14.4,1,2024-03-20 00:00:00
1378,EXC002,OP002,trench,66.9,90.6,windy,clay,junior,6.3,1.6,1,2024-06-23 00:00:00
1379,EXC002,OP009,trench,63.8,87.1,rainy,loam,mid,10.3,11.7,0,2024-03-05 00:00:00
1380,EXC002,OP008,dig,55.3,62.9,sunny,sand,junior,4.0,6.1,1,2024-06-30 00:00:00
1381,EXC005,OP002,trench,68.3,66.0,cloudy,sand,mid,8.7,14.7,1,2024-02-05 00:00:00
1382,EXC002,OP007,compact,34.7,38.9,windy,sand,senior,1.6,23.6,1,2024-11-24 00:00:00
1383,EXC003,OP007,grade,50.6,61.6,cloudy,sand,mid,11.9,6.7,1,2024-01-02 00:00:00
1384,EXC001,OP007,compact,47.7,60.3,cloudy,sand,junior,1.0,4.5,1,2024-01-03 00:00:00
1385,EXC005,OP007,load,33.8,44.4,windy,sand,junior,0.4,6.2,1,2024-05-18 00:00:00
1386,EXC001,OP010,grade,43.5,47.6,windy,loam,mid,0.7,19.6,1,2024-05-29 00:00:00
1387,EXC003,OP003,dig,57.2,88.5,rainy,sand,junior,8.2,10.8,1,2024-09-17 00:00:00
1388,EXC002,OP007,trench,72.5,90.3,windy,sand,junior,6.5,15.9,1,2024-02-01 00:00:00
1389,EXC002,OP006,compact,40.9,55.8,windy,rock,senior,3.6,24.6,1,2024-02-12 00:00:00
1390,EXC002,OP007,grade,47.2,68.0,cloudy,clay,junior,0.1,23.0,1,2024-09-01 00:00:00
1391,EXC001,OP008,dig,61.2,72.9,sunny,clay,mid,12.8,19.6,0,2024-05-20 00:00:00
1392,EXC005,OP005,compact,38.1,62.9,windy,rock,junior,9.7,8.0,1,2024-07-29 00:00:00
1393,EXC002,OP004,trench,74.3,85.8,rainy,clay,senior,7.4,15.0,1,2024-06-07 00:00:00
1394,EXC005,OP004,grade,43.3,59.9,sunny,rock,mid,3.9,7.5,0,2024-03-30 00:00:00
1395,EXC004,OP001,compact,34.5,43.1,cloudy,sand,mid,9.6,17.9,0,2024-07-16 00:00:00
1396,EXC002,OP010,dig,49.6,80.3,rainy,loam,junior,14.6,13.5,1,2024-07-03 00:00:00
1397,EXC002,OP006,compact,28.6,45.3,windy,clay,senior,14.1,11.9,1,2024-06-11 00:00:00
1398,EXC005,OP009,dig,55.8,95.1,rainy,sand,junior,12.7,9.2,1,2024-11-12 00:00:00
1399,EXC003,OP005,dig,59.4,61.4,sunny,loam,mid,10.4,11.6,1,2024-02-21 00:00:00
1400,EXC002,OP008,grade,53.0,47.5,windy,sand,senior,8.1,7.6,1,2024-06-20 00:00:00
1401,EXC001,OP003,compact,28.5,39.5,cloudy,clay,senior,13.2,3.5,1,2024-10-26 00:00:00
1402,EXC004,OP005,dig,52.3,64.5,rainy,clay,senior,13.6,11.0,1,2024-08-22 00:00:00
1403,EXC003,OP007,trench,64.9,84.4,cloudy,rock,mid,6.4,1.1,0,2024-06-02 00:00:00
1404,EXC001,OP003,compact,40.2,77.2,rainy,rock,junior,1.9,11.1,1,2024-07-30 00:00:00
1405,EXC002,OP007,dig,55.9,79.6,sunny,loam,junior,11.3,15.1,1,2024-10-12 00:00:00
1406,EXC003,OP002,trench,72.5,75.2,sunny,loam,mid,13.3,17.5,1,2024-12-05 00:00:00
1407,EXC002,OP004,dig,50.8,65.6,sunny,clay,senior,13.2,23.7,1,2024-12-23 00:00:00
1408,EXC005,OP010,load,25.8,30.3,sunny,clay,senior,13.4,4.1,1,2024-09-08 00:00:00
1409,EXC003,OP005,trench,71.0,99.0,rainy,sand,junior,11.9,3.4,1,2024-11-29 00:00:00
1410,EXC001,OP009,compact,48.5,45.7,sunny,clay,senior,5.9,11.8,1,2024-12-29 00:00:00
1411,EXC002,OP010,grade,60.7,71.2,cloudy,sand,mid,11.0,7.9,1,2024-11-12 00:00:00
1412,EXC004,OP009,trench,78.4,103.5,cloudy,rock,junior,7.9,24.5,1,2024-11-11 00:00:00
1413,EXC004,OP004,dig,56.6,69.7,windy,clay,senior,14.7,12.7,1,2024-08-26 00:00:00
1414,EXC002,OP002,compact,40.7,42.7,cloudy,clay,senior,9.7,21.8,1,2024-05-01 00:00:00
1415,EXC003,OP009,trench,73.8,81.3,sunny,sand,mid,12.2,24.0,1,2024-01-23 00:00:00
1416,EXC004,OP002,load,40.8,42.5,sunny,rock,senior,4.9,24.5,1,2024-05-26 00:00:00
1417,EXC004,OP009,compact,38.7,59.8,windy,rock,mid,4.4,6.2,1,2024-10-22 00:00:00
1418,EXC005,OP002,load,31.5,67.3,rainy,clay,junior,5.1,13.3,1,2024-06-26 00:00:00
1419,EXC004,OP005,dig,61.0,78.4,sunny,rock,senior,0.9,5.3,1,2024-12-17 00:00:00
1420,EXC005,OP009,load,27.0,54.3,windy,clay,junior,6.9,13.8,1,2024-12-08 00:00:00
1421,EXC003,OP008,grade,43.3,61.7,cloudy,rock,senior,7.2,6.1,1,2024-10-23 00:00:00
1422,EXC001,OP010,load,29.7,41.6,sunny,sand,junior,2.7,9.8,1,2024-09-26 00:00:00
1423,EXC005,OP006,compact,42.6,36.9,sunny,sand,senior,6.0,8.4,0,2024-01-20 00:00:00
1424,EXC003,OP005,grade,43.0,60.4,windy,rock,senior,10.7,1.5,1,2024-09-10 00:00:00
1425,EXC001,OP008,trench,66.6,95.8,sunny,rock,mid,14.5,2.5,1,2024-11-11 00:00:00
1426,EXC003,OP003,trench,68.3,58.3,sunny,sand,senior,5.7,12.4,1,2024-10-19 00:00:00
1427,EXC002,OP009,trench,72.7,64.5,cloudy,sand,senior,9.4,11.1,1,2024-05-17 00:00:00
1428,EXC001,OP001,compact,44.9,75.2,rainy,clay,junior,0.4,4.0,1,2024-08-01 00:00:00
1429,EXC004,OP002,dig,46.2,53.9,sunny,clay,mid,2.5,19.1,1,2024-11-16 00:00:00
1430,EXC001,OP009,trench,71.8,80.1,sunny,clay,mid,9.5,16.6,1,2024-11-23 00:00:00
1431,EXC002,OP001,load,31.6,51.4,windy,sand,junior,2.4,6.7,1,2024-08-29 00:00:00
1432,EXC003,OP010,dig,51.6,68.8,cloudy,clay,senior,10.2,11.9,1,2024-08-31 00:00:00
1433,EXC002,OP008,trench,72.7,82.8,rainy,sand,senior,3.1,1.2,1,2024-09-09 00:00:00
1434,EXC003,OP002,trench,69.2,78.5,cloudy,loam,junior,5.9,24.6,1,2024-06-18 00:00:00
1435,EXC003,OP004,trench,69.8,92.8,rainy,clay,senior,7.1,12.2,1,2024-08-19 00:00:00
1436,EXC004,OP003,compact,52.9,56.6,windy,loam,mid,9.6,10.9,1,2024-02-02 00:00:00
1437,EXC001,OP003,dig,56.8,61.2,rainy,sand,senior,3.5,4.9,1,2024-08-01 00:00:00
1438,EXC005,OP009,grade,41.9,55.3,cloudy,rock,mid,0.7,2.6,1,2024-10-07 00:00:00
1439,EXC002,OP009,load,32.3,56.3,cloudy,rock,mid,3.3,1.1,1,2024-08-31 00:00:00
1440,EXC005,OP003,dig,56.6,66.9,rainy,loam,mid,2.9,22.2,1,2024-07-15 00:00:00
1441,EXC001,OP001,grade,48.1,42.5,windy,loam,senior,1.9,5.4,1,2024-01-03 00:00:00
1442,EXC003,OP008,compact,38.9,58.1,rainy,loam,mid,13.1,13.3,1,2024-08-10 00:00:00
1443,EXC004,OP004,dig,53.4,54.8,sunny,loam,mid,12.2,10.7,1,2024-07-14 00:00:00
1444,EXC003,OP004,load,33.5,32.0,cloudy,loam,mid,0.6,24.2,0,2024-04-09 00:00:00
1445,EXC003,OP008,grade,41.1,43.9,sunny,loam,mid,3.9,23.1,0,2024-03-08 00:00:00
1446,EXC001,OP002,compact,33.2,75.4,rainy,rock,mid,14.0,20.1,1,2024-11-09 00:00:00
1447,EXC001,OP008,trench,70.3,95.3,rainy,loam,junior,5.0,12.8,1,2024-08-07 00:00:00
1448,EXC002,OP009,trench,65.5,68.9,windy,loam,senior,0.6,23.5,1,2024-09-01 00:00:00
1449,EXC004,OP002,trench,74.7,97.3,cloudy,rock,mid,1.9,3.8,1,2024-10-27 00:00:00
1450,EXC002,OP003,compact,40.6,53.5,sunny,rock,mid,9.2,1.1,0,2024-09-26 00:00:00
1451,EXC004,OP005,dig,50.4,70.3,windy,sand,junior,14.9,20.9,1,2024-09-16 00:00:00
1452,EXC005,OP002,dig,60.7,71.5,rainy,loam,mid,7.6,16.8,1,2024-08-04 00:00:00
1453,EXC005,OP010,dig,65.2,76.7,cloudy,clay,mid,9.9,6.7,1,2024-06-17 00:00:00
1454,EXC002,OP009,dig,55.9,71.8,cloudy,rock,mid,7.7,2.4,1,2024-04-17 00:00:00
1455,EXC003,OP007,load,30.1,56.8,rainy,clay,junior,6.1,1.3,1,2024-08-24 00:00:00
1456,EXC005,OP010,grade,52.9,65.6,cloudy,rock,mid,5.2,5.2,1,2024-10-30 00:00:00
1457,EXC003,OP003,trench,75.5,106.7,windy,clay,junior,11.4,12.4,1,2024-08-23 00:00:00
1458,EXC002,OP004,dig,64.5,65.9,windy,sand,mid,9.4,15.4,1,2024-08-18 00:00:00
1459,EXC005,OP002,trench,70.8,70.8,sunny,sand,mid,5.0,17.9,1,2024-09-07 00:00:00
1460,EXC001,OP009,dig,53.4,68.0,cloudy,rock,senior,9.6,5.4,1,2024-12-24 00:00:00
1461,EXC004,OP005,trench,66.2,77.7,sunny,loam,junior,13.8,10.7,1,2024-11-11 00:00:00
1462,EXC002,OP005,dig,56.1,73.9,sunny,clay,mid,11.9,21.1,0,2024-04-08 00:00:00
1463,EXC001,OP006,grade,39.3,38.1,windy,sand,senior,7.7,11.8,1,2024-08-28 00:00:00
1464,EXC004,OP003,dig,46.1,80.0,rainy,clay,junior,13.1,4.6,1,2024-12-03 00:00:00
1465,EXC003,OP008,dig,59.1,81.4,windy,loam,junior,3.8,7.5,1,2024-09-08 00:00:00
1466,EXC001,OP010,grade,49.1,74.4,windy,rock,mid,9.9,18.9,1,2024-12-08 00:00:00
1467,EXC001,OP010,grade,40.4,49.8,sunny,rock,senior,7.4,1.2,1,2024-12-14 00:00:00
1468,EXC001,OP003,grade,44.8,54.6,cloudy,loam,mid,14.5,22.3,1,2024-09-06 00:00:00
1469,EXC005,OP007,grade,46.2,55.7,sunny,sand,junior,6.7,12.8,1,2024-02-24 00:00:00
1470,EXC001,OP010,compact,36.0,59.3,cloudy,rock,mid,8.4,17.6,1,2024-04-21 00:00:00
1471,EXC004,OP003,compact,39.8,59.7,cloudy,clay,senior,12.7,16.3,1,2024-11-23 00:00:00
1472,EXC004,OP006,grade,51.1,73.6,rainy,sand,mid,14.0,16.3,1,2024-08-17 00:00:00
1473,EXC004,OP007,compact,36.9,35.7,cloudy,sand,mid,2.4,19.3,1,2024-03-06 00:00:00
1474,EXC003,OP005,grade,43.6,54.9,windy,rock,senior,3.7,9.8,1,2024-11-12 00:00:00
1475,EXC003,OP002,load,28.5,44.6,windy,sand,junior,11.0,7.6,1,2024-08-11 00:00:00
1476,EXC003,OP005,trench,68.2,83.9,cloudy,rock,mid,8.9,23.6,0,2024-06-03 00:00:00
1477,EXC003,OP006,load,27.9,34.6,windy,loam,senior,14.6,11.1,1,2024-08-29 00:00:00
1478,EXC004,OP003,load,24.9,28.2,cloudy,clay,senior,9.0,9.7,1,2024-09-25 00:00:00
1479,EXC002,OP005,load,30.4,23.5,cloudy,loam,senior,5.0,22.6,1,2024-10-02 00:00:00
1480,EXC005,OP005,dig,54.0,62.9,windy,loam,mid,6.7,7.4,1,2024-12-26 00:00:00
1481,EXC005,OP003,grade,47.0,85.7,cloudy,rock,junior,6.9,2.0,1,2024-10-19 00:00:00
1482,EXC005,OP002,trench,63.9,92.3,windy,clay,junior,9.0,5.0,1,2024-02-18 00:00:00
1483,EXC004,OP010,dig,48.6,86.7,sunny,rock,junior,3.3,11.5,1,2024-03-07 00:00:00
1484,EXC001,OP009,load,26.3,53.0,cloudy,rock,junior,9.4,19.8,1,2024-11-15 00:00:00
1485,EXC002,OP003,grade,43.1,60.7,rainy,loam,senior,3.6,15.2,1,2024-08-04 00:00:00
1486,EXC003,OP009,compact,44.0,71.1,cloudy,clay,junior,10.9,2.6,1,2024-08-01 00:00:00
1487,EXC002,OP006,grade,48.7,73.2,cloudy,rock,junior,8.0,21.6,1,2024-03-18 00:00:00
1488,EXC004,OP008,dig,51.3,84.9,cloudy,rock,junior,6.8,4.6,1,2024-10-19 00:00:00
1489,EXC001,OP002,trench,68.8,90.2,rainy,clay,mid,12.7,17.9,1,2024-04-03 00:00:00
1490,EXC003,OP006,grade,42.5,62.2,windy,sand,junior,0.1,2.0,1,2024-09-08 00:00:00
1491,EXC005,OP005,dig,53.7,65.0,sunny,clay,mid,9.6,4.2,1,2024-05-09 00:00:00
1492,EXC002,OP003,trench,74.0,89.7,sunny,clay,junior,0.3,3.7,1,2024-02-13 00:00:00
1493,EXC005,OP001,trench,67.6,91.7,windy,rock,senior,5.3,11.5,1,2024-07-04 00:00:00
1494,EXC002,OP001,dig,53.2,60.5,cloudy,clay,senior,14.2,16.7,1,2024-04-06 00:00:00
1495,EXC001,OP002,load,36.9,53.6,cloudy,clay,junior,13.4,16.5,1,2024-05-19 00:00:00
1496,EXC004,OP004,grade,40.8,35.3,windy,loam,senior,7.8,6.5,1,2024-05-14 00:00:00
1497,EXC004,OP009,load,32.9,37.7,cloudy,loam,mid,9.9,24.4,1,2024-06-19 00:00:00
1498,EXC003,OP009,dig,46.1,65.8,sunny,rock,senior,4.0,1.8,1,2024-11-03 00:00:00
1499,EXC005,OP009,compact,34.1,61.3,rainy,sand,junior,12.0,4.6,1,2024-08-22 00:00:00
1500,EXC004,OP009,trench,63.0,66.9,cloudy,sand,senior,12.8,2.2,1,2024-03-10 00:00:00
